0.000000000000000000e+00 0.000000000000000000e+00 0.000000000000000000e+00 0.000000000000000000e+00 0.000000000000000000e+00 0.000000000000000000e+00 0.000000000000000000e+00 0.000000000000000000e+00 0.000000000000000000e+00 0.000000000000000000e+00 0.000000000000000000e+00 0.000000000000000000e+00 0.000000000000000000e+00 0.000000000000000000e+00 0.000000000000000000e+00 0.000000000000000000e+00 0.000000000000000000e+00 0.000000000000000000e+00 0.000000000000000000e+00 0.000000000000000000e+00 1.304065493431796341e-01 2.177865617471556881e-01 2.564425019297281172e-01 2.649446605513944841e-01 2.556379307621169383e-01 2.366016714549784850e-01 2.130146570911904402e-01 1.881015265617191901e-01 1.637856631562774057e-01 1.411368078835062989e-01 1.206756819192025681e-01 1.025794303210010722e-01 8.681862343149532313e-02 7.324731025744465884e-02 6.166109979491347926e-02 5.183366025680100075e-02 4.353880857729101189e-02 3.656311222477574147e-02 3.071235720420417356e-02 2.581414796004691259e-02 2.171815350024625113e-02 1.829499823133803188e-02 1.543444433555299714e-02 1.304327480199866073e-02 1.104312720044879279e-02 9.368423303607055150e-03 7.964471537856666200e-03 6.785776045405490439e-03 5.794559632507322033e-03 4.959492399206108515e-03 4.254609534334287228e-03
0.000000000000000000e+00 0.000000000000000000e+00 0.000000000000000000e+00 0.000000000000000000e+00 0.000000000000000000e+00 0.000000000000000000e+00 0.000000000000000000e+00 0.000000000000000000e+00 0.000000000000000000e+00 0.000000000000000000e+00 0.000000000000000000e+00 0.000000000000000000e+00 0.000000000000000000e+00 0.000000000000000000e+00 0.000000000000000000e+00 0.000000000000000000e+00 1.041430762765745005e-01 1.892326621680196219e-01 2.329822142810251129e-01 2.481089597130709534e-01 2.449217471750672614e-01 2.308531155583307959e-01 2.109995840343900642e-01 1.887242482594478354e-01 1.661569132474724486e-01 1.445745744501482910e-01 1.246791956800524653e-01 1.067953459876485184e-01 9.100803068045865141e-02 7.725705563580299862e-02 6.540038577513980489e-02 5.525572443967569775e-02 4.662701345694392208e-02 3.932064753459268980e-02 3.315479014689946824e-02 2.796415637053090500e-02 2.360189494532451138e-02 1.993968121527741472e-02 1.686676654534991285e-02 1.428847496501895950e-02 1.212446224458986303e-02 1.030693313066850109e-02 8.778932293316232122e-03 7.492771676895577417e-03 6.408622882056401980e-03 5.493281932457788966e-03 4.719101094472424526e-03 4.063075404609415610e-03 3.506068211683202422e-03 3.032158993661546349e-03 2.628097045313167093e-03
0.000000000000000000e+00 0.000000000000000000e+00 0.000000000000000000e+00 0.000000000000000000e+00 0.000000000000000000e+00 0.000000000000000000e+00 0.000000000000000000e+00 0.000000000000000000e+00 0.000000000000000000e+00 0.000000000000000000e+00 0.000000000000000000e+00 0.000000000000000000e+00 8.658037490757321264e-02 1.661616387228717628e-01 2.120490220268526071e-01 2.318017866659765336e-01 2.335517654434771939e-01 2.238438874816034430e-01 2.074877976019139925e-01 1.878362871918003163e-01 1.671251524970865932e-01 1.467743033889824245e-01 1.276277623988379406e-01 1.101351107621041242e-01 9.448415274703181321e-02 8.069547876946629728e-02 6.868836849240848863e-02 5.832568562578832605e-02 4.944368287864743527e-02 4.187116127632568158e-02 3.544125076035097022e-02 2.999817302698630159e-02 2.540066743478271161e-02 2.152325947719472762e-02 1.825618718974917828e-02 1.550453978964371621e-02 1.318697793419131882e-02 1.123427562227680664e-02 9.587834455744676312e-03 8.198260247271589238e-03 7.024051405730689403e-03 6.030422062230140871e-03 5.188266151577792390e-03 4.473258528682021694e-03 3.865083489174484833e-03 3.346778252187068443e-03 2.904177998095216692e-03 2.525449218420919295e-03 2.200698948514248979e-03 1.921648600305409524e-03 1.681362390111778866e-03
0.000000000000000000e+00 0.000000000000000000e+00 0.000000000000000000e+00 0.000000000000000000e+00 0.000000000000000000e+00 0.000000000000000000e+00 0.000000000000000000e+00 0.000000000000000000e+00 7.552847326077799517e-02 1.482099656634894846e-01 1.940525296491681373e-01 2.166714622195753115e-01 2.221698688630420193e-01 2.161122590408758315e-01 2.028890991374330821e-01 1.857267941484397888e-01 1.668791130671880285e-01 1.478470443760667996e-01 1.295755546191803831e-01 1.126132756574026589e-01 9.723538446382203049e-02 8.353486516510852389e-02 7.148844007251889399e-02 6.100303667856840639e-02 5.194772748196078982e-02 4.417507280952270160e-02 3.753488747934321385e-02 3.188269571576118205e-02 2.708453840341720070e-02 2.301933480765246121e-02 1.957965327200944169e-02 1.667148841914365201e-02 1.421345525241501234e-02 1.213567617458018860e-02 1.037854174892175949e-02 8.891459556816444509e-03 7.631659822748067430e-03 6.563095665077720020e-03 5.655455528467532092e-03 4.883292385503320253e-03 4.225266371240135946e-03 3.663493001779036858e-03 3.182986873852898090e-03 2.771189942643589778e-03 2.417573576100936171e-03 2.113304210694475199e-03 1.850963336378433095e-03 1.624313555886571859e-03 1.428103494040009434e-03 1.257905316341006909e-03 1.109979519918635358e-03
0.000000000000000000e+00 0.000000000000000000e+00 0.000000000000000000e+00 9.879269465817351690e-04 6.912305123547130004e-02 1.347073074822719707e-01 1.790473527792066366e-01 2.030960588889635099e-01 2.112452600838166938e-01 2.081020487802902608e-01 1.975731905738596084e-01 1.826790578026375456e-01 1.656211583543092669e-01 1.479270223588770861e-01 1.306031891091236630e-01 1.142704261327067011e-01 9.927379910770370297e-02 8.576797503214872442e-02 7.378107427321509149e-02 6.326113566847588188e-02 5.410906273944162542e-02 4.620136761869185482e-02 3.940539796397531103e-02 3.358914204325535308e-02 2.862720360976073186e-02 2.440413020231110147e-02 2.081595903343486445e-02 1.777060057385393757e-02 1.518749710266626904e-02 1.299685876368789073e-02 1.113868187609724607e-02 9.561684298295116888e-03 8.222243363971565300e-03 7.083387765742929151e-03 6.113871561115832506e-03 5.287343085727700884e-03 4.581611669527252406e-03 3.978008978454262816e-03 3.460838332990990619e-03 3.016903620239066736e-03 2.635108808540231884e-03 2.306119169790629610e-03 2.022075825038583373e-03 1.776355959555042056e-03 1.563371877284704548e-03 1.378402901058557988e-03 1.217454925803541661e-03 1.077143170400924731e-03 9.545943371959462022e-04 8.473649728959711152e-04 7.533733327188654781e-04
6.597865346764353323e-02 1.248967663848138537e-01 1.668595104653889660e-01 1.912363053973645255e-01 2.010847893813494658e-01 2.001521793777504277e-01 1.918513828124703002e-01 1.789512189565065359e-01 1.635501871565675780e-01 1.471578634074069691e-01 1.308073503080079414e-01 1.151658005885253522e-01 1.006301966334917919e-01 8.740495326621530725e-02 7.556209905544536420e-02 6.508643427097034195e-02 5.590847826985395619e-02 4.792787324021486467e-02 4.102954325551639442e-02 3.509448483512794120e-02 3.000666545207103866e-02 2.565716097698306219e-02 2.194637976507735413e-02 1.878499676111614752e-02 1.609404784193392904e-02 1.380450365525713249e-02 1.185654487028749149e-02 1.019868953625263121e-02 8.786871933923747283e-03 7.583535919494399646e-03 6.556780404088636584e-03 5.679577296645716561e-03 4.929070705861781157e-03 4.285958766733435725e-03 3.733954891799402386e-03 3.259322646826056085e-03 2.850477169122708158e-03 2.497645625376389289e-03 2.192579324052305444e-03 1.928310534132858306e-03 1.698947668118699168e-03 1.499503164551005538e-03 1.325749091272310654e-03 1.174096147299017292e-03 1.041492347328219770e-03 9.253382184401538193e-04 8.234158205363861002e-04 7.338293219473535122e-04 6.545665598595356649e-04 5.846564908051140198e-04 5.230110854490589451e-04
1.918577446642088513e-01 1.925001836291010682e-01 1.859691370213761297e-01 1.747644241350468919e-01 1.608491413510543533e-01 1.456813316202507924e-01 1.302915061673610431e-01 1.153701100191638629e-01 1.013488410136471340e-01 8.846967226490899672e-02 7.684030831104834980e-02 6.647704823330546908e-02 5.733690427126848788e-02 4.934101097218347026e-02 4.239122264297739973e-02 3.638152961890922521e-02 3.120562623434397498e-02 2.676168325522480795e-02 2.295513479467554269e-02 1.970008961567131650e-02 1.691981726189450627e-02 1.454663558205063385e-02 1.252143193568740209e-02 1.079297987587780894e-02 9.317161245775744394e-03 8.056166077803418243e-03 6.977715942161731230e-03 6.054337688409375424e-03 5.262701718080623446e-03 4.583030386626528625e-03 3.998576634852551819e-03 3.495169586015808589e-03 3.060821950593325437e-03 2.685393176220876327e-03 2.360302022741329105e-03 2.078282390619164925e-03 1.833176618353729061e-03 1.619760977795050910e-03 1.433598660588635346e-03 1.270916116520729019e-03 1.128499146239509473e-03 1.003605650433207807e-03 8.938923873439572282e-04 7.973534883170799083e-04 7.122688282049671228e-04 6.367308640460595925e-04 5.700254734944764203e-04 5.110487817630034570e-04 4.588192491547060485e-04 4.124919825665437716e-04 3.713212885761422890e-04
1.576771759774967807e-01 1.436290797020806642e-01 1.291583679698834197e-01 1.149592010490010641e-01 1.014824459067542595e-01 8.899595902337990860e-02 7.763475754148262131e-02 6.744092117028598066e-02 5.839425000508574604e-02 5.043513909743894269e-02 4.348118088939131876e-02 3.743887419711571657e-02 3.221161449812984939e-02 2.770492341472590575e-02 2.382967408850720364e-02 2.050389548283559210e-02 1.765359542960388134e-02 1.521292784472738462e-02 1.312394038617995320e-02 1.133607073795674450e-02 9.805508610148047643e-03 8.494502833375454712e-03 7.370665540839571248e-03 6.406305882380783183e-03 5.577812022699703796e-03 4.865090798322444475e-03 4.251068163879459690e-03 3.721249556032746580e-03 3.263336878532327543e-03 2.866897475650694808e-03 2.523079858643399991e-03 2.224370826515556336e-03 1.964388798591690678e-03 1.737708527471246286e-03 1.539712802079441648e-03 1.366467225498705978e-03 1.214614625170057144e-03 1.081286102109378124e-03 9.640261389020342861e-04 8.607295578199095857e-04 7.695884490637758344e-04 6.889202587321631736e-04 6.172715051924978266e-04 5.538618154220461848e-04 4.976519803750133718e-04 4.477292505317494349e-04 4.033404608453103422e-04 3.638156110419088290e-04 3.285593613000857929e-04 2.970819233478157249e-04 2.689304391688180805e-04
1.010877995354324543e-01 8.902406124495412798e-02 7.797204087039326381e-02 6.799381739898013866e-02 5.908799286681706148e-02 5.121161734635486934e-02 4.429643811403182613e-02 3.826061006370958667e-02 3.301688133929092661e-02 2.847810889873572324e-02 2.456079733474068882e-02 2.118720735720023077e-02 1.828645454639612339e-02 1.579491555461220303e-02 1.365617636821634708e-02 1.182069284925936145e-02 1.024528452937652732e-02 8.892545620190900335e-03 7.730229850523205604e-03 6.730645857352935552e-03 5.870085658713054301e-03 5.128298798258287480e-03 4.488017959549013558e-03 3.934537346798484998e-03 3.455342268939267693e-03 3.039786660070645328e-03 2.678814363421198365e-03 2.364719636904102744e-03 2.090942318608244969e-03 1.851893287426877510e-03 1.642806175189583237e-03 1.459611669330498993e-03 1.298831147727020144e-03 1.157486783391833930e-03 1.033025630259399056e-03 9.232555436787991338e-04 8.262910965660555471e-04 7.405079237932645983e-04 6.642733804152021072e-04 5.965346169931808485e-04 5.364452826154342876e-04 4.830252567985888947e-04 4.354803342104897118e-04 3.931046013635228036e-04 3.552712576253400545e-04 3.214493774429804263e-04 2.911873248614147217e-04 2.640775249657124337e-04 2.397529937039957206e-04 2.179120207400687167e-04 1.982619754705659267e-04
5.943167884316816890e-02 5.167771866080220211e-02 4.483953738788751253e-02 3.884583468694370600e-02 3.361811481838217208e-02 2.907633228749705381e-02 2.514262522149769696e-02 2.174364000921492901e-02 1.881184238487626850e-02 1.628611830758877610e-02 1.411189288312140154e-02 1.224093578069378012e-02 1.063097502235247835e-02 9.245205421721946690e-03 8.051751202178198882e-03 7.023122562737428402e-03 6.135691606786803504e-03 5.369202815523737085e-03 4.706326105825373897e-03 4.132255655493093441e-03 3.634354486508564568e-03 3.201842797506941445e-03 2.825526876721223910e-03 2.497564844804726035e-03 2.211265282447659897e-03 1.960914853331436562e-03 1.741631241527230502e-03 1.549238016389818846e-03 1.380158371426289500e-03 1.231325026261575074e-03 1.100103913528751188e-03 9.842295839167418750e-04 8.817505466913287552e-04 7.909830173278744724e-04 7.104717683355226548e-04 6.386358335419869796e-04 5.747968019366136083e-04 5.180029078952051334e-04 4.674033749198297982e-04 4.222457590915424113e-04 3.819043465288622674e-04 3.458192407600479967e-04 3.134900721029932084e-04 2.844914167675498848e-04 2.584600352539804689e-04 2.350661302928760184e-04 2.140026489303428129e-04 1.950411729901376683e-04 1.779321650272199201e-04 1.624928823514455722e-04 1.485466141701811808e-04
3.401602452668776866e-02 2.949828651048927788e-02 2.557244942127663567e-02 2.216956497204282048e-02 1.922557829246003547e-02 1.668207835918875462e-02 1.448655566293353958e-02 1.259233065680066821e-02 1.095827319363302556e-02 9.548399497812328635e-03 8.331407539974125184e-03 7.280192427669486196e-03 6.371369226913614625e-03 5.584820343992791605e-03 4.903277290252913007e-03 4.311941580190724148e-03 3.798146091765110775e-03 3.351055997765200242e-03 2.961407016518867105e-03 2.621277972873593733e-03 2.323894316536069884e-03 2.063459176041703910e-03 1.835008633234565213e-03 1.634288114710100810e-03 1.457647064334042283e-03 1.301949351627508956e-03 1.164497162835955888e-03 1.042966401335192065e-03 9.353518838107612943e-04 8.399208544118060308e-04 7.551735494614206321e-04 6.796763958848101115e-04 6.123031763693685681e-04 5.523000614964460996e-04 4.987845006370808911e-04 4.509760293701278711e-04 4.082230104743359012e-04 3.699426872849156142e-04 3.356144902059622777e-04 3.047944488945962408e-04 2.771023382560017581e-04 2.521845477507118362e-04 2.297475830965264474e-04 2.095158129785341450e-04 1.912540973084808215e-04 1.747611071794218617e-04 1.598511377459824515e-04 1.463477324095949271e-04 1.341178569807952232e-04 1.230261033898601879e-04 1.129623820066123985e-04
1.952576695691862069e-02 1.698032454536009192e-02 1.477734336926808320e-02 1.287187569685874569e-02 1.122412166993360522e-02 9.799104319325508197e-03 8.566271107478658220e-03 7.499064356192071228e-03 6.574489132602682508e-03 5.772697038984074894e-03 5.076597047772606584e-03 4.471499364863486953e-03 3.944794752473952670e-03 3.485669376029105690e-03 3.084853732705837657e-03 2.734403325664259282e-03 2.427508282606340335e-03 2.158328943314678262e-03 1.921854458476102102e-03 1.713781579750094011e-03 1.530411028164640726e-03 1.368559069610525338e-03 1.225482178998755231e-03 1.098812923342580355e-03 9.865054292942264033e-04 8.867890172749222930e-04 7.981287798516247369e-04 7.191920558580785876e-04 6.485852658673846652e-04 5.855752320080923881e-04 5.293016078614784167e-04 4.790033597011911226e-04 4.339511313633289801e-04 3.935825923282048906e-04 3.573463292673954980e-04 3.247821300966536868e-04 2.954947558088451298e-04 2.691175974812199138e-04 2.453447930501891994e-04 2.238900228284471669e-04 2.045081738025243754e-04 1.869886316130768284e-04 1.711314170359280740e-04 1.567712569440746532e-04 1.437442979927287302e-04 1.319313235040039478e-04 1.211956086370028380e-04 1.114393372639860546e-04 1.025613834042705811e-04 9.447581512777677884e-05 8.710569831952925046e-05
1.142670997442793088e-02 9.995369120795053255e-03 8.754333072962309364e-03 7.677731513232234628e-03 6.743089191994702976e-03 5.930944757534162629e-03 5.224490267820312839e-03 4.609238267847037829e-03 4.072719724143101204e-03 3.604213663884126267e-03 3.194507765456335111e-03 2.835688156514085383e-03 2.520956117187600747e-03 2.244469127426898265e-03 2.001203640561991914e-03 1.786837038769685916e-03 1.597646379275309385e-03 1.430421736981634002e-03 1.282392165248143114e-03 1.151162515400583385e-03 1.034659566812589542e-03 9.310861168445521774e-04 8.388818602449712655e-04 7.566900494911546309e-04 6.832297552781031215e-04 6.174527378155674276e-04 5.586561495334575961e-04 5.060172087821637483e-04 4.588435538886659554e-04 4.165055871254520000e-04 3.784737410590459893e-04 3.442621129295645897e-04 3.134626155435875925e-04 2.856975018019942297e-04 2.606501506824628923e-04 2.380249273035266731e-04 2.175679338653172424e-04 1.990603135881120018e-04 1.822949798839422974e-04 1.670942164653796750e-04 1.533050291877816236e-04 1.407805526234703311e-04 1.293996297189169706e-04 1.190404609917003102e-04 1.096115603497383487e-04 1.010184662701121209e-04 9.318433944706851094e-05 8.603291450952055264e-05 7.949943970709134064e-05 7.352573478992879754e-05 6.805948093532219979e-05
6.875886620574954596e-03 6.058258941900731415e-03 5.345661957744295145e-03 4.723895262987894139e-03 4.180705418742662778e-03 3.705530867281281362e-03 3.289274840447029696e-03 2.924105021598637569e-03 2.603278097612292483e-03 2.320987014674947939e-03 2.072228635063066548e-03 1.852689512283033513e-03 1.658647608481696525e-03 1.486887935055205895e-03 1.334630279884222630e-03 1.199467375618387373e-03 1.079312051784709573e-03 9.723520922651511435e-04 8.770116849032294232e-04 7.919184997309698919e-04 7.158755660050298859e-04 6.476383956415666769e-04 5.865240490010854672e-04 5.317735333568474358e-04 4.826294323969550367e-04 4.384974363787692603e-04 3.987915391614080761e-04 3.630564391001974475e-04 3.308351096023089176e-04 3.017684107459458294e-04 2.755214469269348394e-04 2.517907546212348031e-04 2.303149450186338669e-04 2.108680576997887007e-04 1.932368608930407246e-04 1.772431307098295671e-04 1.627122255235070923e-04 1.495085695655690714e-04 1.375009167873991517e-04 1.265635693865075078e-04 1.166008698600326521e-04 1.075149457783550341e-04 9.922555830244427356e-05 9.165022794112942333e-05 8.472830513455337264e-05 7.839552332463228346e-05 7.260012089310963993e-05 6.728698354156627118e-05 6.241738878151088668e-05 5.794846418598449206e-05 5.384410935027742390e-05
4.267912233398966394e-03 3.788786938662871539e-03 3.368339423357613431e-03 2.998866044787322927e-03 2.673720194375129363e-03 2.387166339067509340e-03 2.134253129140296999e-03 1.910703532849273526e-03 1.712820026030508576e-03 1.537402987371924452e-03 1.381680602770781353e-03 1.243248747784133409e-03 1.120019484163683413e-03 1.010176967454218082e-03 9.121397131796535329e-04 8.245283068598382569e-04 7.461377670240815262e-04 6.758186324945431901e-04 6.126582691180225458e-04 5.559956641840843507e-04 5.051011061070965124e-04 4.593244126638465572e-04 4.181147367880953532e-04 3.809678476745261260e-04 3.474568954272019513e-04 3.171880340695063167e-04 2.898283180273881197e-04 2.650681182697512284e-04 2.426399194379382255e-04 2.223117838267864288e-04 2.038654452150947584e-04 1.871123577986241640e-04 1.718891326010559429e-04 1.580400742782935020e-04 1.454308699851290169e-04 1.339453208830582761e-04 1.234712005230620196e-04 1.139119373431971341e-04 1.051808230586294900e-04 9.720318135261399447e-05 8.990539008444124389e-05 8.322443195373153317e-05 7.710353465860049786e-05 7.149414827125108842e-05 6.634472667069815654e-05 6.161873682832204899e-05 5.727590658323121860e-05 5.328439701376227225e-05 4.960894790577866038e-05 4.622597314295233466e-05 4.310611305745712412e-05
2.731741508421761059e-03 2.442475436754855313e-03 2.186760581786592692e-03 1.960381820754676218e-03 1.759688386462404316e-03 1.581515397932326547e-03 1.423116290567724056e-03 1.282104727839802807e-03 1.156404723979986837e-03 1.044207851542932426e-03 9.439365442849960170e-04 8.542126318770661055e-04 7.738303572544404227e-04 7.017269997242129827e-04 6.367981252088179746e-04 5.784790371467517277e-04 5.260353053268204682e-04 4.788120660692581467e-04 4.362526870110467760e-04 3.978480467935918588e-04 3.631655481828486524e-04 3.318065242809624762e-04 3.034326197632743563e-04 2.777296590833705590e-04 2.544254297541141490e-04 2.332832876833150861e-04 2.140810093246101476e-04 1.966260473775545273e-04 1.807510518936735128e-04 1.662970067581540784e-04 1.531262785694799671e-04 1.411193993390788017e-04 1.301614194915783312e-04 1.201530573017405685e-04 1.110050798457926281e-04 1.026403225191650407e-04 9.498313074734529148e-05 8.796845104088486659e-05 8.153762481111544592e-05 7.564023600230447824e-05 7.022335112197448102e-05 6.524870413429609988e-05 6.067474475423328202e-05 5.646614847118367554e-05 5.259294192786922626e-05 4.902203457182811977e-05 4.573109513031392467e-05 4.269427845775463834e-05 3.988994915797443622e-05 3.729844950468395729e-05 3.490350208273700696e-05
1.798901668020667531e-03 1.618881947506912739e-03 1.458604831804148844e-03 1.315715556857167002e-03 1.188162131159068617e-03 1.074154058184744040e-03 9.721268675110298317e-04 8.807116438481357810e-04 7.987088481538957190e-04 7.250658193657119957e-04 6.587278943648744878e-04 5.990202903292893852e-04 5.452439864076202413e-04 4.967837958242302902e-04 4.530510315433017667e-04 4.135444116043912599e-04 3.778279759974932325e-04 3.455004788856438089e-04 3.162134448237765303e-04 2.896633578761084217e-04 2.655734881857248772e-04 2.436865626942010866e-04 2.237947295700813287e-04 2.057014297532129164e-04 1.892264606833863976e-04 1.742133237754618928e-04 1.605217398765127618e-04 1.480258443776223806e-04 1.366161262962889325e-04 1.261871227056483933e-04 1.166506186035099043e-04 1.079179706387534040e-04 9.992117053076830650e-05 9.259029576962194872e-05 8.586505467410669170e-05 7.969341375853417303e-05 7.402350716913778808e-05 6.880866079673853095e-05 6.401517245022801000e-05 5.959999819069575271e-05 5.553226341210497710e-05 5.178382329181257431e-05 4.832372202498390730e-05 4.513086537026318300e-05 4.218097435954652313e-05 3.945521971122190703e-05 3.693185378080298303e-05 3.459560355880126860e-05 3.243250162046495700e-05 3.042701567524587293e-05 2.856637068122155464e-05
1.215060609184160810e-03 1.099790304597889892e-03 9.964927352420318348e-04 9.038158038478132702e-04 8.205728260810086008e-04 7.457207953696182124e-04 6.782765869829250572e-04 6.174263310413874656e-04 5.625745749979409009e-04 5.130684789893153212e-04 4.683492119600657757e-04 4.279140107685774864e-04 3.913034017742435581e-04 3.581449293169000907e-04 3.280675784682458265e-04 3.007729837290249830e-04 2.759827165379000061e-04 2.534382066076916028e-04 2.329290587603398475e-04 2.142567650860379162e-04 1.972393754662424747e-04 1.817183987246132331e-04 1.675516070529240375e-04 1.546112439129420637e-04 1.427858089811426907e-04 1.319682657728888254e-04 1.220685739056919558e-04 1.129967841361440511e-04 1.046830827591215777e-04 9.705625291790166958e-05 9.005463770476468822e-05 8.362480475181215654e-05 7.771380047640021797e-05 7.227391498845390453e-05 6.726807439845371346e-05 6.265852451181383302e-05 5.840736850268347799e-05 5.448748943287534023e-05 5.086729304491000622e-05 4.752474344295503289e-05 4.443493613626137254e-05 4.157680453381526329e-05 3.893261191420826800e-05 3.648195359753139542e-05 3.421173648618806352e-05 3.210470761520043981e-05 3.015026190720024364e-05 2.833495800183142486e-05 2.664774706262655756e-05 2.507967962613000620e-05 2.361919178928209979e-05
8.392679099831290915e-04 7.635479516543295037e-04 6.952774632002040002e-04 6.335777942581143247e-04 5.778830530357031720e-04 5.275564609744853514e-04 4.820427229385234073e-04 4.408420866937899424e-04 4.034978715102226611e-04 3.696375456797920136e-04 3.388917735281355521e-04 3.109670196432995121e-04 2.855681159046308238e-04 2.624577339081080713e-04 2.414086451531920218e-04 2.222222622138314324e-04 2.047245670869902274e-04 1.887513129964072170e-04 1.741590256851074535e-04 1.608220500161357096e-04 1.486205435248876103e-04 1.374499588483347069e-04 1.272160304835334048e-04 1.178363897999423526e-04 1.092312770733060287e-04 1.013313245984133161e-04 9.407379529437915873e-05 8.740408777162229177e-05 8.126633251702803588e-05 7.561820223807428937e-05 7.041528634002385825e-05 6.561926504422672891e-05 6.119708392093189367e-05 5.711359166129480723e-05 5.334346014356736051e-05 4.985882975045523020e-05 4.663592665850913889e-05 4.365309902316001644e-05 4.089061633434966245e-05 3.833181088788673393e-05 3.595759636334256711e-05 3.375559164062605578e-05 3.171081039109210870e-05 2.981076615527262797e-05 2.804404248434272888e-05 2.640019559256112733e-05 2.486966631775121042e-05 2.344473377892412533e-05 2.211529609706439268e-05 2.087603604674465483e-05 1.971823113815259005e-05
5.910652683768409261e-04 5.401372778936114382e-04 4.940250921801126512e-04 4.522344465808085003e-04 4.143199583384020316e-04 3.798921600004712064e-04 3.486095640819113846e-04 3.201563360268854506e-04 2.942607783291248023e-04 2.706654891998142953e-04 2.491626436662884927e-04 2.295399453676506298e-04 2.116274598721227618e-04 1.952607750017803861e-04 1.802958623886520746e-04 1.666062410863239157e-04 1.540715517196426646e-04 1.425864783891034706e-04 1.320559586761294838e-04 1.223966771498850587e-04 1.135282097846383113e-04 1.053803759372016813e-04 9.788964032108226005e-05 9.100051552126913585e-05 8.465659153864069975e-05 7.881459974279014726e-05 7.342953031807584823e-05 6.846238677863723094e-05 6.387938426309884164e-05 5.964492635341801227e-05 5.573293475061472200e-05 5.211507718576155788e-05 4.876705290456326042e-05 4.566671204437798109e-05 4.279385406808196502e-05 4.013130292985898516e-05 3.765968666031325134e-05 3.536610265433933387e-05 3.323526003086043994e-05 3.125432502392227547e-05 2.941155525794401777e-05 2.769620126493429468e-05 2.609841733711339777e-05 2.461015788592521989e-05 2.322118199840030167e-05 2.192582551955210468e-05 2.071615664025416601e-05 1.958491274790458213e-05 1.852799922245574802e-05 1.753912033794844048e-05 1.661331435359189192e-05
4.236914204688311050e-04 3.888451959188951698e-04 3.571479455542824833e-04 3.282873043182705846e-04 3.019936499786377189e-04 2.780162489506518304e-04 2.561349005728837743e-04 2.361518931054141504e-04 2.178931333343024298e-04 2.011947755015517541e-04 1.859161031068141295e-04 1.719238776007512800e-04 1.590983277468571201e-04 1.473423261327820079e-04 1.365519833358887366e-04 1.266462361495778182e-04 1.175443699933152942e-04 1.091757100298382260e-04 1.014762062708160088e-04 9.438777560271843271e-05 8.785959253130588137e-05 8.184176230517803830e-05 7.629083240554057675e-05 7.116729827384715452e-05 6.643678586009310388e-05 6.206341225983982380e-05 5.802045157509521219e-05 5.427922054737085262e-05 5.081499158547843212e-05 4.760520707860776306e-05 4.462927789051307308e-05 4.186958604450373255e-05 3.930655471357691777e-05 3.692680596969050144e-05 3.471480538611692858e-05 3.265742060989608355e-05 3.074262734556809038e-05 2.895941020254674328e-05 2.729767285726487957e-05 2.574907329240138073e-05 2.430326952461539218e-05 2.295426884860654531e-05 2.169315931780590336e-05 2.051508072711157241e-05 1.941311985235372786e-05 1.838171910044972447e-05 1.741576367826820106e-05 1.651054391748434837e-05 1.566172097831000726e-05 1.486602667779698320e-05 1.411830397331175970e-05
3.087177635120091695e-04 2.844487855293880351e-04 2.622832299611202239e-04 2.420174197002839640e-04 2.234824540071065127e-04 2.065158066365645065e-04 1.909773499598003672e-04 1.767346096052651444e-04 1.636683277425968750e-04 1.516810928147909550e-04 1.406695706703627762e-04 1.305523785266057910e-04 1.212488372758864150e-04 1.126880941098392546e-04 1.048058709310314057e-04 9.754567419450632280e-05 9.085072454583241518e-05 8.467648324167958247e-05 7.897731284691073027e-05 7.371491300829078914e-05 6.884987098391065008e-05 6.435215509834415776e-05 6.018877458823869068e-05 5.633503075027535445e-05 5.276445881015746735e-05 4.945418673820689277e-05 4.638448277964581161e-05 4.353389637018273487e-05 4.088724465701831470e-05 3.842636913543801068e-05 3.613877235095291988e-05 3.400999419201433069e-05 3.202777494710084443e-05 3.018087541916130052e-05 2.845987732986617871e-05 2.685352258910698973e-05 2.535487640739774611e-05 2.395427036566124336e-05 2.264602769107448667e-05 2.142257516304065789e-05 2.027695908033673181e-05 1.920501389095013393e-05 1.820070962492896331e-05 1.725992266369025420e-05 1.637675601615417033e-05 1.554782350944197933e-05 1.476933036619295286e-05 1.403843852959456846e-05 1.335057875681520075e-05 1.270407313205964001e-05 1.209549628567642573e-05
2.283577213660128178e-04 2.111903300769040035e-04 1.954477413631854554e-04 1.810077105991587628e-04 1.677515252321454015e-04 1.555744450255977377e-04 1.443838664591434913e-04 1.340913441309675924e-04 1.246189504195245536e-04 1.158959606280673141e-04 1.078581460742059772e-04 1.004488857192809161e-04 9.361156440431464825e-05 8.730131624092393348e-05 8.147247235735961552e-05 7.608647577713696989e-05 7.110390819459082095e-05 6.649436436426485171e-05 6.222480605129158276e-05 5.827016244063306397e-05 5.460382836504458698e-05 5.120384430787534754e-05 4.804679681277675753e-05 4.511454728456947867e-05 4.239044386772516682e-05 3.985722072722035019e-05 3.749912243553700449e-05 3.530449494835035697e-05 3.325990997305513369e-05 3.135480959498374313e-05 2.957696850776599318e-05 2.791764598903408208e-05 2.636879168977223367e-05 2.492067872024626720e-05 2.356739552813513623e-05 2.230127776791611925e-05 2.111600064923829499e-05 2.000573897602990332e-05 1.896512508027117531e-05 1.798921048196890391e-05 1.707343093063135215e-05 1.621357451759420618e-05 1.540638435619393073e-05 1.464700052780025345e-05 1.393334870322038551e-05 1.326114322338655932e-05 1.262874414752441001e-05 1.203292010477113085e-05 1.147068138668420119e-05 1.094090935955492548e-05 1.044094354694390689e-05
1.713214678965879788e-04 1.590038555026074035e-04 1.476700978981781986e-04 1.372392651183071280e-04 1.276317586737714686e-04 1.187772779588721240e-04 1.106136287751514045e-04 1.030791792103301899e-04 9.612437625988394356e-05 8.969934163294835381e-05 8.376018928526690155e-05 7.826690755675942527e-05 7.318430759942078404e-05 6.847641702313855524e-05 6.411538625671531124e-05 6.007213099481418156e-05 5.632126275272130551e-05 5.283956207748001201e-05 4.960681209403137071e-05 4.660147666460728383e-05 4.380776080665902848e-05 4.120832439694890794e-05 3.878732764453052506e-05 3.653285590468885441e-05 3.443140249791559477e-05 3.247221978902893320e-05 3.064305748855169088e-05 2.893499107091564680e-05 2.733979588050346266e-05 2.584772397580607141e-05 2.445265013422375164e-05 2.314684757893721277e-05 2.192388429908073512e-05 2.077783253568152218e-05 1.970322666108716787e-05 1.869502475626194088e-05 1.774857354913841309e-05 1.685957640677659673e-05 1.602465534871440060e-05 1.523895529374222495e-05 1.450024939350970082e-05 1.380426118846807246e-05 1.314920856794279223e-05 1.253183706652910211e-05 1.194913371165888710e-05 1.139985228326773920e-05 1.088131620718425458e-05 1.039154061117033789e-05 9.928682939331604464e-06 9.491031909444814141e-06 9.077465485725873316e-06
1.302724829637190278e-04 1.213176221534355314e-04 1.130547633983476749e-04 1.054229568350624436e-04 9.837280711404702350e-05 9.185482903259680886e-05 8.582535229233855662e-05 8.024580321133536229e-05 7.507719445864780581e-05 7.028878905735563007e-05 6.584894440470546366e-05 6.172989364890921768e-05 5.790623257584132794e-05 5.435470739562818049e-05 5.105402253905953622e-05 4.798559771183179989e-05 4.512966423138147360e-05 4.247164982063682812e-05 3.999558540215649078e-05 3.768766695164427622e-05 3.553521718231017219e-05 3.352658820137519751e-05 3.165180785893618597e-05 2.989954543969637878e-05 2.826149323461152918e-05 2.672999543738737967e-05 2.529665955876941299e-05 2.395441711093821452e-05 2.269612839750211419e-05 2.151704791795724131e-05 2.041099058756874849e-05 1.937342488756039959e-05 1.839844515030673476e-05 1.748228151531207856e-05 1.662089805881323455e-05 1.581110770729592051e-05 1.504836433335337695e-05 1.433054734631974886e-05 1.365415522807026760e-05 1.301594962259167875e-05 1.241440174043019030e-05 1.184664435858863663e-05 1.131049249340361643e-05 1.080391778303968587e-05 1.032503636607402499e-05 9.872097758278419323e-06 9.443474627021572929e-06 9.038083895257220657e-06 8.653650890434132537e-06 8.289300685358052932e-06 7.944215823694618272e-06
1.003465759737781301e-04 9.375772075568169063e-05 8.765816381249165435e-05 8.200956028079201042e-05 7.677334662889100071e-05 7.191882143610180849e-05 6.741457925670976627e-05 6.323296858676387487e-05 5.934866852570822954e-05 5.573848152502639593e-05 5.238114547546000551e-05 4.925803971835297079e-05 4.635034467603563272e-05 4.364084869783716223e-05 4.111612876697718765e-05 3.876150676905715535e-05 3.656426359762004748e-05 3.451341444618316227e-05 3.259676413252497333e-05 3.080514058613590696e-05 2.913008179087925260e-05 2.756187290295433474e-05 2.609406520436998415e-05 2.471887593113596639e-05 2.342973005864375593e-05 2.222056005477238865e-05 2.108576417676713514e-05 2.002016836767268000e-05 1.901899142724326010e-05 1.807833829248001588e-05 1.719306548351135042e-05 1.635992147428267821e-05 1.557590439168636664e-05 1.483725443696307446e-05 1.414049737339050852e-05 1.348380679050517959e-05 1.286411584994990044e-05 1.227902938143607654e-05 1.172632378848197039e-05 1.120393379770556499e-05 1.070994029198788128e-05 1.024255913516818822e-05 9.800130906382019985e-06 9.381111453289653712e-06 8.984063214005735107e-06 8.608036974800833309e-06 8.251001968102900750e-06 7.912560255503878499e-06 7.590881062793840704e-06 7.285681962882112789e-06 6.995304727461863839e-06
7.826428291949723206e-05 7.335845130201242817e-05 6.880442905748667000e-05 6.457371120040194905e-05 6.064206463490859724e-05 5.698458751818112752e-05 5.358107330531705821e-05 5.041293020310589875e-05 4.746068400101877805e-05 4.470957284170779314e-05 4.214374481827369323e-05 3.974937785497113644e-05 3.751375851777883838e-05 3.542585342367881988e-05 3.347354709936281857e-05 3.164760318154634009e-05 2.993949603670301431e-05 2.834015751838438990e-05 2.684125241422719748e-05 2.543678097285592948e-05 2.411954063952481122e-05 2.288342702651673471e-05 2.172280065034343143e-05 2.063244921448641802e-05 1.960805277348688389e-05 1.864414750298754944e-05 1.773711426812841661e-05 1.688360508336787184e-05 1.607913375563281712e-05 1.532135320127642447e-05 1.460675348130188993e-05 1.393208380560672080e-05 1.329560647772361253e-05 1.269444945327661099e-05 1.212635798994050941e-05 1.158923677791761434e-05 1.108113777671042973e-05 1.060024903510539023e-05 1.014488441170524593e-05 9.713474123876078223e-06 9.304928967274238980e-06 8.917137099903488262e-06 8.549205164066885025e-06 8.200301150626586070e-06 7.868611719800276924e-06 7.553798204138751878e-06 7.254545164995601356e-06 6.969637580826775832e-06 6.698875632420921217e-06 6.441146203291337869e-06 6.195418515743794393e-06
6.177951917018722073e-05 5.808627161730565915e-05 5.464800261532469391e-05 5.144385797882711279e-05 4.845770162317641482e-05 4.567248751545543344e-05 4.307326626816000600e-05 4.064628273694116287e-05 3.837887523858527226e-05 3.625938366555462786e-05 3.427767072841472106e-05 3.242261440212439416e-05 3.068627476369589649e-05 2.905908081144177439e-05 2.753438692479241178e-05 2.610445200645819175e-05 2.476265368057961342e-05 2.350287249357882585e-05 2.231945127983750161e-05 2.120715797120277133e-05 2.016161763853132179e-05 1.917741149893862555e-05 1.825086264170917022e-05 1.737856750962243085e-05 1.655607841094618833e-05 1.578096169949789725e-05 1.504971387654786941e-05 1.435908762221006976e-05 1.370726344165825289e-05 1.309137430445103456e-05 1.250914182297241298e-05 1.195844757070577592e-05 1.143732096844629361e-05 1.094392814271064388e-05 1.047656167421558204e-05 1.003398514378868761e-05 9.614005089517179596e-06 9.215597659086199571e-06 8.837808552629957044e-06 8.478763968224105208e-06 8.137998706307169740e-06 7.813821459432485352e-06 7.505883035229078340e-06 7.212649611890956537e-06 6.933871631512688626e-06 6.668439901606667205e-06 6.415604807850232405e-06 6.174393204639260884e-06 5.944697349645503096e-06 5.725621082995920906e-06 5.516586058159971359e-06
4.933551457013792474e-05 4.652464981994134969e-05 4.389985884315870127e-05 4.144750155754394893e-05 3.915561029953406122e-05 3.701139453046433042e-05 3.500479173309089110e-05 3.312650192892633362e-05 3.136633333252678680e-05 2.971697669057736410e-05 2.817014213907762416e-05 2.671867716646197691e-05 2.535597071824622641e-05 2.407590964111862685e-05 2.287283879911420928e-05 2.174152454005922941e-05 2.067712121926991445e-05 1.967556711562982443e-05 1.873184631805357869e-05 1.784294340617999196e-05 1.700446332859675372e-05 1.621389516824907527e-05 1.546736780875266546e-05 1.476280418279681454e-05 1.409715367815226963e-05 1.346794883529407677e-05 1.287289517539036529e-05 1.230985813679437995e-05 1.177685105556687751e-05 1.127202410311888077e-05 1.079365410088624426e-05 1.034046510898339381e-05 9.910296979631792513e-06 9.502086450589252678e-06 9.114842746596662091e-06 8.746722286609322675e-06 8.397203199844609694e-06 8.064622321302028883e-06 7.748577416005330426e-06 7.447560959288882285e-06 7.161273809433320577e-06 6.888614270526634144e-06 6.628821462894078101e-06 6.380927018329972417e-06 6.144780809341207919e-06 5.919492996344776540e-06 5.704475588014501351e-06 5.499176676962733729e-06 5.303077999524357034e-06 5.115692673162351645e-06 4.936563098273462108e-06
3.984025871461110665e-05 3.767757248878283890e-05 3.565301250857831925e-05 3.375576194114624228e-05 3.197783473451309429e-05 3.030990738573687812e-05 2.874526029067740913e-05 2.727628720423421542e-05 2.589641092808622687e-05 2.459954543895414406e-05 2.338005688526014009e-05 2.223314104035562552e-05 2.115313203872669871e-05 2.013596974770214928e-05 1.917788874573413441e-05 1.827425536019635532e-05 1.742226034373914114e-05 1.661783306863203274e-05 1.585863089102444327e-05 1.514141568576895814e-05 1.446352594363676324e-05 1.382248639918525088e-05 1.321599400882485894e-05 1.264190504481717770e-05 1.209822321264115691e-05 1.158308870679472656e-05 1.109476812778539961e-05 1.063164518910791317e-05 1.019251499046612116e-05 9.775362742703046015e-06 9.379179962456018685e-06 9.003028169788953632e-06 8.645182402762234094e-06 8.305138697089181119e-06 7.981606832854250684e-06 7.673388831145521867e-06 7.380136869482067295e-06 7.100760019438675585e-06 6.834242524105656588e-06 6.580361383963988634e-06 6.338186617255576723e-06 6.107083285506865973e-06 5.886455433501938066e-06 5.675743454946843931e-06 5.474421649640365081e-06 5.281995957879609882e-06 5.098001857915214443e-06 4.922002414453166144e-06 4.753586466403150767e-06 4.592552677137015252e-06 4.438161003997865180e-06
3.251745467733384255e-05 3.083659477789202531e-05 2.925803026404230649e-05 2.777559157869937502e-05 2.638231074368019660e-05 2.507214872856521640e-05 2.383990480593175379e-05 2.267960170461953760e-05 2.158683419585891110e-05 2.055751255753185519e-05 1.958676234065033538e-05 1.867146936428246105e-05 1.780736123248373876e-05 1.699182373130672026e-05 1.622142819706238475e-05 1.549298903220145722e-05 1.480450589576829296e-05 1.415316970680251150e-05 1.353667633881887573e-05 1.295287983811169149e-05 1.239978071808199617e-05 1.187551517097468232e-05 1.137863704810904821e-05 1.090693845666573600e-05 1.045920089243837175e-05 1.003428791915540145e-05 9.630324769023264925e-06 9.246356076404384130e-06 8.881493865427423506e-06 8.534384976168360191e-06 8.203772243941668044e-06 7.889216621584748179e-06 7.589577079413832884e-06 7.303790521915750276e-06 7.031556123525239114e-06 6.771903997887538390e-06 6.524150861441002289e-06 6.287655385597173690e-06 6.061815364745539307e-06 5.846065090050733906e-06 5.639872912933772495e-06 5.442738983660904294e-06 5.254193152134360773e-06 5.073793018040890835e-06 4.901122119484108817e-06 4.735788249397335193e-06 4.577592494123074838e-06 4.425841932964913786e-06 4.280382355668886007e-06 4.141059758402648937e-06 4.007267358066911488e-06
2.681198153898579542e-05 2.549204253170823332e-05 2.424990767308383413e-05 2.307970550532311452e-05 2.197704496303748753e-05 2.093784787877023154e-05 1.995732209587243686e-05 1.903233070170640956e-05 1.815867165703336747e-05 1.733370300495379218e-05 1.655403531727684459e-05 1.581682187963170973e-05 1.511911438077209666e-05 1.445904898064401882e-05 1.383402256194541330e-05 1.324189366732981707e-05 1.268094617062635247e-05 1.214875434186040751e-05 1.164386477150820179e-05 1.116465569936707818e-05 1.070987487378068524e-05 1.027758176399732591e-05 9.866717853280667098e-06 9.476297948874726670e-06 9.104662722144145026e-06 8.751224666642021824e-06 8.414720245313029226e-06 8.093972752092230214e-06 7.788557480613237646e-06 7.497406009613291328e-06 7.219737289784472518e-06 6.954607459046684575e-06 6.701756266844112701e-06 6.460321061424551401e-06 6.229695136398008900e-06 6.009308312240282792e-06 5.798624514315020489e-06 5.597139523734007903e-06 5.404378888200732356e-06 5.220070547170872164e-06 5.043441141354779663e-06 4.874272763861896312e-06 4.712191924849959759e-06 4.556846465040548770e-06 4.408057294731032286e-06 4.265202025764712658e-06 4.128283782355209798e-06 3.996734559144847607e-06 3.870435912701055363e-06 3.749270246390415803e-06 3.632735733748921005e-06
2.232251590791597078e-05 2.127612342257996085e-05 2.028833125478897252e-05 1.935599013964035242e-05 1.847498031615515981e-05 1.764264087353837902e-05 1.685563152749000151e-05 1.611112691676011002e-05 1.540649579671645117e-05 1.473928671025952828e-05 1.410721477494072054e-05 1.350814949598435305e-05 1.294010352195406356e-05 1.240122226699004773e-05 1.188977433016046099e-05 1.140414264762014587e-05 1.094306164301737961e-05 1.050462744860919945e-05 1.008800200117859327e-05 9.691477579298150903e-06 9.314362580931393533e-06 8.955118330164312776e-06 8.613180493214989071e-06 8.287371504953208127e-06 7.976592144202824879e-06 7.680431693628158641e-06 7.397891733059991438e-06 7.128237106924171735e-06 6.870777471524893238e-06 6.624864296288094498e-06 6.389888080487476324e-06 6.165275769198211380e-06 5.950488353253785076e-06 5.745018639580307786e-06 5.548389178807662456e-06 5.360150338586598268e-06 5.179878511695156370e-06 5.007174448958719063e-06 4.841813683582139211e-06 4.683134451420289100e-06 4.530956525909754952e-06 4.385103146945103198e-06 4.244994242047480523e-06 4.110489536380810787e-06 3.981451130632389170e-06 3.857367347730614133e-06 3.738251638693015642e-06 3.623634358559058086e-06 3.513539043153932751e-06 3.407533489759391531e-06 3.305649869751176887e-06
1.875535795310113264e-05 1.791770725235767325e-05 1.712528909166520429e-05 1.637504626545768021e-05 1.566490144411784884e-05 1.499215875728067242e-05 1.435455320383268964e-05 1.375021638780682633e-05 1.317668356802727963e-05 1.263236114214781850e-05 1.211552877101066897e-05 1.162480777540932698e-05 1.115823632711096250e-05 1.071463915059767133e-05 1.029292076732607529e-05 9.891410900178768009e-06 9.509389611458928028e-06 9.145352076221029798e-06 8.798705964246695979e-06 8.468290584262785648e-06 8.153216844679825930e-06 7.852459829004438096e-06 7.565622551387605025e-06 7.291773781325900879e-06 7.030222600127688388e-06 6.780319638555767532e-06 6.541454331076408726e-06 6.313052365175981746e-06 6.094573310915651101e-06 5.885508417583015484e-06 5.685378564703199531e-06 5.493732356022401133e-06 5.310144345922593812e-06 5.134360270959095835e-06 4.965705419537422943e-06 4.803972307374999803e-06 4.648958888415771869e-06 4.500074693048481531e-06 4.357156252429888376e-06 4.220044124799621773e-06 4.088218316325130250e-06 3.961668714237801454e-06 3.839918495995426485e-06 3.722969847296127554e-06 3.610384400241605918e-06 3.502174927438978536e-06 3.397937348931882421e-06 3.297693574404634817e-06 3.201165371817349320e-06 3.108096810831450096e-06 3.018518161826949061e-06
1.589446835489750532e-05 1.521778349668619205e-05 1.457614203669080672e-05 1.396745395135435288e-05 1.338976736143744739e-05 1.284147936199356857e-05 1.232044270561116565e-05 1.182528630366141337e-05 1.135472981377793151e-05 1.090695720572817687e-05 1.048107674121507408e-05 1.007545955677631138e-05 9.689360071547793607e-06 9.321310940823151166e-06 8.970694036856520037e-06 8.636368511682776140e-06 8.317448716702637848e-06 8.012925780835104074e-06 7.722378029882952000e-06 7.444889757607207931e-06 7.179771381890493052e-06 6.926374485647444840e-06 6.684089116458839437e-06 6.452341276628823974e-06 6.230590589451696162e-06 6.018328128491412952e-06 5.815074398072660296e-06 5.620377453612554598e-06 5.433951950463470551e-06 5.255111937055257343e-06 5.083621391050378243e-06 4.919122223844578969e-06 4.761403870893128178e-06 4.609889770244295797e-06 4.464407549617460914e-06 4.324789991786685539e-06 4.190529038876869294e-06 4.061600584986230743e-06 3.937538521477883569e-06 3.818332130896376657e-06 3.703552688295446260e-06 3.593201056425784173e-06 3.486977495708737480e-06 3.384606001640217383e-06 3.286098830555883968e-06 3.191194441110722128e-06 3.099651483230190122e-06 3.011491385462754716e-06 2.926484790756084845e-06 2.844496715136660384e-06 2.765398846910883214e-06
1.357929492056728332e-05 1.302784566668006695e-05 1.250398354810375061e-05 1.200573125488275505e-05 1.153181604927262047e-05 1.108105007018530034e-05 1.065175510763294295e-05 1.024309916848394949e-05 9.853754725130475667e-06 9.482481394402535792e-06 9.128637792084604211e-06 8.791105552496885847e-06 8.468836745636989014e-06 8.161345354636934143e-06 7.867682383440070264e-06 7.587117927249296280e-06 7.318965595079775641e-06 7.062579661995531968e-06 6.817352421542209755e-06 6.582711723443888415e-06 6.358118682827520653e-06 6.143065548414993271e-06 5.937073717888466975e-06 5.739691889851246920e-06 5.550626006721403936e-06 5.369208912699394593e-06 5.195195190338004641e-06 5.028226651632719843e-06 4.868084710831115337e-06 4.714208281935832047e-06 4.566529260057868521e-06 4.424534702166468700e-06 4.288068224111880776e-06 4.156978857299077203e-06 4.030812558968592805e-06 3.909545543316471987e-06 3.792855349703805876e-06 3.680444664123558573e-06 3.572304664659059459e-06 3.468067835247164412e-06 3.367735696661070527e-06 3.271050786384530827e-06 3.177854655537743144e-06 3.087920165595061711e-06 3.001260432643958070e-06 2.917659840400691097e-06 2.836989126890884532e-06 2.759125339997018439e-06 2.683885601916890730e-06 2.611292606118243638e-06 2.541172059012535546e-06
1.168950050454345780e-05 1.123633906623279890e-05 1.080493819089913514e-05 1.039374953122123178e-05 1.000199718803313559e-05 9.628452517106028018e-06 9.271965106387444481e-06 8.931935650022661014e-06 8.607325818921793774e-06 8.297316469456409810e-06 8.001137509623279818e-06 7.718064680930748227e-06 7.447416566816831356e-06 7.188551810401566018e-06 6.940866526407964761e-06 6.703791892710835031e-06 6.476791908494547230e-06 6.259361306777006808e-06 6.051023609907372767e-06 5.851329317920137539e-06 5.659854219914350745e-06 5.476318337275667198e-06 5.300100687534460779e-06 5.130966202014273868e-06 4.968688871741050847e-06 4.812724396588017555e-06 4.662883920400538138e-06 4.518985811283716802e-06 4.380549976405826031e-06 4.247524209843001529e-06 4.119467681014657144e-06 3.996343552816464141e-06 3.877746012325096953e-06 3.763651623264635135e-06 3.653771133866986781e-06 3.547836931009366883e-06 3.445839686857245064e-06 3.347526689696209697e-06 3.252738908550914786e-06 3.161252827992885455e-06 3.073072285593810759e-06 2.987985469091571182e-06 2.905862467759410675e-06 2.826579672635225712e-06 2.749956970545706809e-06 2.676009384519408260e-06 2.604565541509764604e-06 2.535523807703431827e-06 2.468787325328559479e-06 2.404263759592989066e-06 2.341865060436666520e-06
1.013413150831013141e-05 9.758764469677255597e-06 9.400702420585460215e-06 9.058873291217845426e-06 8.732415715189706547e-06 8.420377599325988720e-06 8.122284641742240376e-06 7.837274564110560635e-06 7.564672638204836100e-06 7.303843488365477406e-06 7.054188568870662816e-06 6.815143815184526545e-06 6.586177456355900482e-06 6.366787976842419345e-06 6.156622572974985521e-06 5.954992181765180831e-06 5.761597393806888875e-06 5.576039955123904664e-06 5.398053475845217688e-06 5.227061098895911428e-06 5.062837843032083274e-06 4.905167998731074368e-06 4.753544583911143113e-06 4.607883092270990018e-06 4.467719005175451682e-06 4.332986396774836993e-06 4.203258586145314820e-06 4.078485879147122973e-06 3.958275353878298339e-06 3.842591518686052007e-06 3.731151400561981636e-06 3.623692572102368886e-06 3.520194890541245664e-06 3.420410983814944407e-06 3.324111011164656739e-06 3.231287425554740831e-06 3.141722938000275194e-06 3.055280649027657529e-06 2.971830298753152552e-06 2.891186979260328631e-06 2.813356564770063504e-06 2.738163527080265092e-06 2.665500761293259158e-06 2.595266195574322894e-06 2.527362524635216839e-06 2.461696958773479839e-06 2.398180987489546006e-06 2.336730156782387946e-06 2.277263859233317840e-06 2.219705136112212490e-06 2.163980490746709210e-06
8.843743325734345441e-06 8.530589599571601733e-06 8.231173635654118054e-06 7.944787794630501810e-06 7.670765625184940780e-06 7.408479231519101633e-06 7.157336821416841551e-06 6.916780422054546298e-06 6.686283751232366412e-06 6.465350232973209366e-06 6.253511147080948632e-06 6.050323902955559046e-06 5.855477644330925499e-06 5.668361559066186956e-06 5.488710822625208719e-06 5.316272156754858435e-06 5.150510696603493940e-06 4.991211295471554845e-06 4.838168202208046711e-06 4.690910113316231282e-06 4.549351686858094653e-06 4.413060324536811163e-06 4.281968668141665512e-06 4.155678645207927333e-06 4.034138664804907155e-06 3.917058707525902824e-06 3.804169374419649354e-06 3.695436514280269983e-06 3.590606804348110308e-06 3.489444521349097885e-06 3.391929865851444188e-06 3.297840528526932478e-06 3.207032625475065242e-06 3.119369247825782248e-06 3.034661047814364346e-06 2.952904023289773373e-06 2.873918858293123939e-06 2.797592971560920176e-06 2.723819070636976832e-06 2.652494872026233082e-06 2.583522837670870486e-06 2.516809926735945839e-06 2.452267361713855106e-06 2.389810407957175319e-06 2.329358165820812045e-06 2.270833374601551440e-06 2.214162227576556481e-06 2.159274197447265282e-06 2.106101871524718862e-06 2.054580796116637278e-06 2.004686174914145569e-06
7.765258522921485553e-06 7.502021707727844814e-06 7.249874191257401358e-06 7.008265367933355488e-06 6.776675649570907753e-06 6.554614538628551709e-06 6.341722591098737030e-06 6.137353403852812622e-06 5.941198569844506426e-06 5.752867128712075811e-06 5.572084908112303307e-06 5.398310018583934530e-06 5.231307995466164254e-06 5.070855043864981249e-06 4.916474339922940276e-06 4.768060183308387984e-06 4.625175241554653760e-06 4.487733578336060190e-06 4.355333079074094071e-06 4.227905169846951854e-06 4.105153369892062736e-06 3.986801819721986770e-06 3.872801540914117617e-06 3.762893776406833610e-06 3.656837370584261843e-06 3.554599515881203382e-06 3.455953339708093142e-06 3.360748013742537311e-06 3.268781167968590563e-06 3.180035917408518271e-06 3.094321198792069179e-06 3.011513123221931683e-06 2.931493654669404918e-06 2.854150298889880579e-06 2.779375810494600899e-06 2.707067917115959943e-06 2.637129059536565493e-06 2.569466146796531931e-06 2.503990325359912378e-06 2.440616761440746927e-06 2.379264435679470857e-06 2.319855949424646619e-06 2.262317341881180697e-06 2.206577917488758780e-06 2.152570082898376317e-06 2.100229192941252909e-06 2.049493405097469492e-06 2.000337334980918622e-06 1.952636015642186119e-06 1.906369788751079323e-06 1.861486717608163386e-06
6.857340925015397881e-06 6.634660320654458560e-06 6.420897608266903908e-06 6.215720776878089018e-06 6.018721708546601418e-06 5.829605161858707215e-06 5.647823522685909430e-06 5.473122783197441170e-06 5.305260878269846501e-06 5.143756654876581145e-06 4.988483329766066502e-06 4.838999950637205724e-06 4.695201285681056694e-06 4.556682222291662266e-06 4.423356497493210268e-06 4.294850992699740958e-06 4.171096164107253670e-06 4.051815275132474617e-06 3.936750180246445356e-06 3.825850395937949044e-06 3.718873826289981527e-06 3.615654703574770373e-06 3.515977048798409921e-06 3.419809404532070605e-06 3.326948492271995413e-06 3.237258295367283148e-06 3.150609257127017221e-06 3.066877935957633769e-06 2.985897427593658876e-06 2.907655618887779749e-06 2.831994662371712428e-06 2.758812518488087960e-06 2.688011817587670950e-06 2.619499618951268148e-06 2.553187183555087537e-06 2.488989759699548445e-06 2.426826380727629867e-06 2.366619674086463357e-06 2.308332564174708123e-06 2.251819654104745489e-06 2.197051157866868617e-06 2.143962371427265137e-06 2.092491377769562716e-06 2.042578910983136405e-06 1.994168227699295521e-06 1.947235220517420700e-06 1.901666761823104860e-06 1.857443841562001382e-06 1.814518651887412862e-06 1.772872326572291021e-06 1.732406527874991375e-06
6.088027557978887072e-06 5.898278797721807580e-06 5.715914637327106582e-06 5.540674680561576708e-06 5.372074546387419722e-06 5.209965878954304782e-06 5.053905135031716835e-06 4.903767283694141350e-06 4.759145177796319997e-06 4.619934353608180679e-06 4.485760145801009469e-06 4.356536249583403489e-06 4.231917023756666926e-06 4.111832220868011995e-06 3.996023895410540258e-06 3.884250824090316306e-06 3.776461244200184579e-06 3.672428977766946576e-06 3.571997527121242482e-06 3.475017910537270603e-06 3.381296593278786871e-06 3.290803474112938723e-06 3.203356321099480163e-06 3.118832402250688414e-06 3.037114700833857845e-06 2.958091615888600106e-06 2.881656680009004236e-06 2.807708293355162333e-06 2.736149472842097965e-06 2.666887615599823315e-06 2.599834275797629754e-06 2.534904954043103434e-06 2.472018898560233046e-06 2.411098917445712416e-06 2.352071201327420513e-06 2.294865155797171250e-06 2.239413243036226300e-06 2.185682625548758832e-06 2.133547146552027161e-06 2.082980107112558555e-06 2.033924775788862431e-06 1.986326805790280976e-06 1.940161669423493441e-06 1.895323845500203533e-06 1.851793573791881657e-06 1.809524967268879000e-06 1.768498693972913806e-06 1.728622775956753768e-06 1.689881784474628667e-06 1.652259493943121808e-06 1.615672908880774956e-06
5.431758620043831048e-06 5.269239818256412657e-06 5.112737466923198514e-06 4.962120452076283329e-06 4.816994866278202478e-06 4.677250294763738683e-06 4.542524046015804265e-06 4.412724019798143163e-06 4.287575771740590262e-06 4.166822403855943436e-06 4.050393243578167278e-06 3.938048172658068442e-06 3.829616142473748960e-06 3.724882172308525217e-06 3.623797422981790916e-06 3.526160235652839285e-06 3.431830002777669525e-06 3.340672735919233543e-06 3.252514911128618750e-06 3.167327786535001192e-06 3.084947905646178483e-06 3.005264456205325944e-06 2.928171685532637047e-06 2.853568640301823930e-06 2.781358921035293873e-06 2.711450450482042044e-06 2.643755254987615105e-06 2.578189258077566554e-06 2.514672085527196798e-06 2.453126881204059408e-06 2.393512791933805500e-06 2.335693397920435142e-06 2.279634859158770909e-06 2.225272742402624950e-06 2.172545352253968995e-06 2.121393599439196217e-06 2.071788395838685596e-06 2.023619922748406171e-06 1.976864271812405992e-06 1.931471594515188449e-06 1.887418656480560587e-06 1.844610058982114318e-06 1.803026810027815703e-06 1.762649193895571226e-06 1.723391349396200666e-06 1.685237216178754955e-06 1.648170165250557041e-06 1.612112565513924894e-06 1.577050941236794548e-06 1.542971381512794314e-06 1.509803365041871549e-06
4.868688336863693776e-06 4.728638617184228536e-06 4.593579639695178459e-06 4.463413798055896322e-06 4.337874072487082457e-06 4.216710061581473481e-06 4.099845879866401409e-06 3.987047688939456406e-06 3.878146574528888161e-06 3.772932726587210500e-06 3.671352560370206740e-06 3.573209444857156156e-06 3.478364306040483016e-06 3.386684565789495619e-06 3.298043800879534956e-06 3.212321421716037000e-06 3.129402369515128667e-06 3.049137397907348661e-06 2.971501664517553172e-06 2.896354435834783910e-06 2.823600081252206318e-06 2.753147225946768164e-06 2.684942855777447113e-06 2.618833965952375565e-06 2.554775951490312844e-06 2.492692436978268378e-06 2.432510346120484137e-06 2.374159740614980789e-06 2.317573667752038130e-06 2.262688016201745563e-06 2.209468740468285427e-06 2.157801735746889042e-06 2.107658567873059204e-06 2.058985195631566695e-06 2.011729805431105633e-06 1.965866629987424914e-06 1.921299759510700521e-06 1.878007805740768109e-06 1.835968777546458653e-06 1.795096419296451798e-06 1.755372515918886850e-06 1.716778385627670964e-06 1.679236109368407201e-06 1.642730265543779642e-06 1.607245083119804764e-06 1.572709850353973948e-06 1.539129201609713961e-06 1.506437172321683466e-06 1.474638639242835996e-06 1.443671952061239155e-06 1.413542237059170445e-06
4.382828809232462679e-06 4.261444722694480406e-06 4.144328570343975369e-06 4.031253142830089230e-06 3.922051965897264786e-06 3.816566468208092207e-06 3.714601323516469669e-06 3.616102417609046091e-06 3.520886739369041985e-06 3.428823363662944144e-06 3.339787395277409958e-06 3.253659656617516720e-06 3.170326393208145091e-06 3.089678995907166751e-06 3.011613738782860209e-06 2.936031531728582227e-06 2.862837686887218362e-06 2.791941698081556743e-06 2.723257032433490103e-06 2.656700933465609573e-06 2.592194234977706394e-06 2.529661185080604309e-06 2.469029279763890316e-06 2.410229105447299716e-06 2.353194189983816664e-06 2.297887364281565992e-06 2.244194083603812381e-06 2.192082949458229607e-06 2.141497916767816113e-06 2.092408823545880546e-06 2.044716567851291136e-06 1.998395719628583186e-06 1.953398837331854934e-06 1.909701586604359428e-06 1.867217549382587117e-06 1.825926281944532900e-06 1.785806987056581116e-06 1.746781663570101480e-06 1.708832876271893010e-06 1.671942935943499022e-06 1.636041123916063037e-06 1.601129655858368270e-06 1.567142593856604656e-06 1.534082538290787289e-06 1.501887897746623973e-06 1.470546507843331179e-06 1.440046162537796182e-06 1.410330432843459033e-06 1.381403475094423025e-06 1.353212324152358826e-06 1.325761471892143140e-06
3.961296427198250964e-06 3.855649998651853135e-06 3.753502542966768092e-06 3.654795736859604108e-06 3.559351863473232378e-06 3.467041877388094172e-06 3.377742628292011135e-06 3.291336558081639992e-06 3.207711415106382063e-06 3.126759984497840620e-06 3.048379833595505574e-06 2.972473071578129802e-06 2.898946122390197708e-06 2.827709510240650137e-06 2.758677656847955999e-06 2.691768689783596563e-06 2.626904261224099397e-06 2.564009376506581244e-06 2.503012231921588798e-06 2.443870125743729612e-06 2.386464512733508462e-06 2.330758908127792923e-06 2.276692815143062628e-06 2.224208237593438423e-06 2.173272263467615426e-06 2.123785755461749418e-06 2.075720659911177021e-06 2.029027870546271090e-06 1.983680658582443244e-06 1.939592664585089803e-06 1.896741158377052264e-06 1.855103179520362011e-06 1.814600840307880422e-06 1.775214638620763463e-06 1.736924922422885254e-06 1.699661139794223795e-06 1.663422971512347816e-06 1.628144665330235542e-06 1.593811042650721968e-06 1.560406901877200730e-06 1.527872247195378983e-06 1.496208689923898895e-06 1.465360056460803001e-06 1.435328417068722857e-06 1.406061080468265045e-06 1.377560560920368876e-06 1.349777341520140113e-06 1.322714366394755337e-06 1.296325013563749319e-06 1.270612643844548149e-06 1.245544649487517910e-06
3.593732771067403044e-06 3.501310742304709140e-06 3.411877895105575315e-06 3.325318483694100279e-06 3.241521944053420028e-06 3.160382632706995901e-06 3.081799580021361363e-06 3.005676257138079109e-06 2.931920355743411677e-06 2.860443579883848356e-06 2.791161449139410482e-06 2.723993112455248539e-06 2.658861172025412937e-06 2.595691516621524525e-06 2.534413163835128144e-06 2.474982545072841993e-06 2.417285137289003304e-06 2.361283428918696355e-06 2.306917534839848164e-06 2.254130026499927333e-06 2.202887172062108015e-06 2.153093054441635970e-06 2.104718684614132298e-06 2.057734905949494389e-06 2.012055624996336203e-06 1.967655784724581561e-06 1.924492262667763555e-06 1.882541368350036478e-06 1.841727594063436861e-06 1.802047261663370671e-06 1.763430147737082048e-06 1.725857682790127242e-06 1.689311311879274537e-06 1.653727203438760358e-06 1.619104071570002070e-06 1.585382288842800337e-06 1.552561181621330083e-06 1.520584952158657257e-06 1.489453510913800756e-06 1.459114551005938851e-06 1.429568540636977095e-06 1.400766356753131648e-06 1.372709000798279677e-06 1.345350254888277345e-06 1.318691631075980336e-06 1.292689563344844126e-06 1.267346053603915650e-06 1.242630349782229473e-06 1.218513746617835103e-06 1.194998481200923298e-06 1.172047109075510510e-06
3.271738160610467116e-06 3.190524927311958095e-06 3.111848952585464639e-06 3.035615220486885489e-06 2.961732835362847050e-06 2.890114820238322511e-06 2.820677926137617149e-06 2.753342451635409290e-06 2.688032072083747645e-06 2.624673677925744921e-06 2.563197221577686906e-06 2.503558362763908939e-06 2.445646731194002877e-06 2.389423877076006436e-06 2.334830623473060582e-06 2.281810202171111098e-06 2.230328130633831188e-06 2.180291836086581313e-06 2.131671457721178642e-06 2.084437121896252954e-06 2.038505660127691739e-06 1.993851198725437008e-06 1.950447897347839579e-06 1.908220736552623399e-06 1.867147342738335201e-06 1.827205416290121711e-06 1.788327008140222307e-06 1.750507546082596580e-06 1.713683691577230532e-06 1.677837793547924473e-06 1.642952346669770886e-06 1.608969580681930502e-06 1.575887414541945974e-06 1.543651759606051819e-06 1.512261203048211726e-06 1.481665014629396379e-06 1.451862415617897357e-06 1.422805740997777732e-06 1.394494814654259876e-06 1.366884770454796990e-06 1.339976006000125443e-06 1.313736495627019052e-06 1.288136332477056236e-06 1.263176266180324335e-06 1.238817865781607284e-06 1.215062407734010931e-06 1.191882605182395710e-06 1.169252885257224055e-06 1.147174857042867872e-06 1.125623709584049332e-06 1.104576137179264489e-06
2.988369322439824339e-06 2.916707033952430481e-06 2.847209084232103070e-06 2.779797040287631113e-06 2.714395764886292600e-06 2.650933260026770743e-06 2.589340518634682367e-06 2.529572533483974392e-06 2.471523176395070326e-06 2.415153158793511786e-06 2.360404102334668796e-06 2.307219986097450702e-06 2.255565654918642150e-06 2.205351970294709163e-06 2.156548273144200272e-06 2.109124038283532857e-06 2.062999110375433310e-06 2.018146860398250269e-06 1.974540817799188765e-06 1.932108620985504230e-06 1.890827180414368821e-06 1.850673587341298721e-06 1.811582250234646691e-06 1.773547000460574872e-06 1.736506660376097700e-06 1.700442932626208646e-06 1.665337746693507046e-06 1.631135267295284861e-06 1.597832019933136996e-06 1.565375700301442533e-06 1.533763582187651958e-06 1.502946584731917826e-06 1.472922688534759051e-06 1.443645756951214609e-06 1.415114439313089615e-06 1.387295425249108223e-06 1.360157590043870818e-06 1.333700068446876868e-06 1.307883467418045977e-06 1.282707524200654688e-06 1.258143931376122314e-06 1.234166148532346015e-06 1.210774353853145504e-06 1.187942848265199335e-06 1.165647484266261621e-06 1.143888866427080600e-06 1.122643593340568982e-06 1.101889628215963599e-06 1.081627987035899938e-06 1.061837295246906947e-06 1.042497380077230343e-06
2.737942411092989688e-06 2.674458674190113357e-06 2.612829845089893434e-06 2.552990835062056867e-06 2.494898390413774658e-06 2.438453910570191157e-06 2.383619427115349574e-06 2.330339747359296371e-06 2.278579129384756328e-06 2.228251926363647136e-06 2.179326763197006977e-06 2.131756664853591941e-06 2.085512161892697918e-06 2.040518325898389901e-06 1.996763989049541063e-06 1.954179507417605194e-06 1.912741134188248676e-06 1.872425403589542759e-06 1.833169141391863756e-06 1.794964626785883282e-06 1.757752901956741781e-06 1.721515067323134042e-06 1.686232526240535000e-06 1.651851436565049359e-06 1.618366958877649200e-06 1.585728630198100895e-06 1.553932434562025823e-06 1.522930996242847157e-06 1.492721074408195256e-06 1.463268064495291734e-06 1.434539608891386650e-06 1.406533102392167796e-06 1.379208214879022847e-06 1.352563028404218848e-06 1.326559455594850192e-06 1.301196229078983609e-06 1.276445740361013995e-06 1.252282058923063884e-06 1.228704443159122241e-06 1.205687812293083984e-06 1.183208560425407775e-06 1.161266445921039212e-06 1.139838617034074316e-06 1.118903520391670633e-06 1.098461389766320409e-06 1.078491341741500859e-06 1.058980225542160265e-06 1.039908962893949989e-06 1.021278175145106267e-06 1.003069360283677901e-06 9.852709865981542434e-07
2.515748379558975419e-06 2.459318212287280013e-06 2.404467221876344537e-06 2.351158756328371729e-06 2.299340670743734410e-06 2.248978562718029760e-06 2.199992704916667853e-06 2.152352737723911522e-06 2.106028677163758135e-06 2.060948604239716419e-06 2.017086048800789954e-06 1.974414906410089908e-06 1.932870051742144906e-06 1.892441115618582489e-06 1.853067378553126412e-06 1.814727663820692384e-06 1.777401161551754294e-06 1.741032530278433056e-06 1.705614655114536572e-06 1.671095726351316586e-06 1.637469581742262039e-06 1.604687639035387359e-06 1.572744628987626116e-06 1.541594920337266479e-06 1.511234082237776757e-06 1.481628474636553396e-06 1.452746579892241809e-06 1.424584712649817533e-06 1.397103978973933055e-06 1.370301429595114791e-06 1.344140320426130537e-06 1.318618397294851421e-06 1.293708782169610815e-06 1.269386185826743376e-06 1.245648960493453363e-06 1.222472673332106818e-06 1.199834289436379634e-06 1.177732730996945816e-06 1.156145723785293334e-06 1.135052225388845682e-06 1.114451694297492987e-06 1.094323764434966735e-06 1.074655357596344026e-06 1.055427834487755717e-06 1.036641121123684956e-06 1.018277160438972712e-06 1.000324474276618121e-06 9.827664703876626920e-07 9.656035205078807181e-07 9.488195345243855500e-07 9.324044139116991268e-07
2.317879795353186002e-06 2.267512454713021285e-06 2.218539777304322206e-06 2.170887622804306523e-06 2.124526645405220283e-06 2.079427962207445514e-06 2.035524545305266255e-06 1.992803185846981930e-06 1.951201446632539647e-06 1.910695749481579644e-06 1.871262956875497560e-06 1.832846267936513153e-06 1.795436135463997340e-06 1.758979439284037327e-06 1.723467726493628061e-06 1.688851241270932475e-06 1.655122552979568093e-06 1.622234982821652407e-06 1.590182056499220635e-06 1.558919910917175776e-06 1.528442967839357938e-06 1.498709941869207743e-06 1.469716095792325343e-06 1.441430787912903159e-06 1.413825222614280927e-06 1.386895450454186289e-06 1.360606095851003124e-06 1.334953945020378597e-06 1.309912875202071100e-06 1.285458263905312331e-06 1.261587579439184110e-06 1.238277060491761783e-06 1.215504267162031863e-06 1.193267303464675023e-06 1.171544495083329481e-06 1.150315333226230275e-06 1.129578515426009974e-06 1.109314214191088739e-06 1.089509442039564334e-06 1.070146019529814339e-06 1.051223187754874207e-06 1.032723354274584036e-06 1.014635110382861732e-06 9.969474068048299051e-07 9.796445638057179472e-07 9.627263254214990549e-07 9.461775023062582723e-07 9.299883591821476668e-07 9.141494605682771736e-07 8.986471831933786960e-07 8.834817458825306664e-07
2.141032412848789022e-06 2.095941584962926313e-06 2.052060906361945302e-06 2.009327969889993292e-06 1.967729305043230575e-06 1.927206691927287384e-06 1.887748001597302118e-06 1.849298839721422137e-06 1.811848325517981003e-06 1.775345562202326598e-06 1.739771216732893389e-06 1.705106436848133073e-06 1.671313744111660837e-06 1.638357985270182768e-06 1.606231539703018634e-06 1.574892321555655881e-06 1.544333657890511138e-06 1.514515920410883621e-06 1.485433324255307346e-06 1.457048493459829226e-06 1.429356476913484281e-06 1.402329348155146209e-06 1.375940785898032232e-06 1.350186652502701005e-06 1.325041598846512801e-06 1.300481688863501112e-06 1.276503537129464957e-06 1.253084071631096766e-06 1.230201466282984935e-06 1.207853032299272404e-06 1.186017712399546540e-06 1.164675549346737991e-06 1.143824500922658484e-06 1.123445294670532556e-06 1.103525051195076588e-06 1.084046067632308239e-06 1.065006916776866923e-06 1.046390486288997534e-06 1.028185452168481752e-06 1.010376037095718001e-06 9.929613824869356860e-07 9.759262212480946609e-07 9.592605732320989809e-07 9.429547649707677647e-07 9.269994189202822214e-07 9.113812487383822574e-07 8.960999491651866820e-07 8.811426480125976410e-07 8.665010523301914303e-07 8.521671172909956388e-07 8.381330377140007651e-07
1.982443518794563027e-06 1.941960371340326538e-06 1.902510784755435591e-06 1.864082437850105559e-06 1.826624584665203812e-06 1.790126150715089791e-06 1.754539584838949619e-06 1.719854973842808660e-06 1.686027692452217453e-06 1.653048910705863325e-06 1.620876684290517618e-06 1.589503195181044222e-06 1.558888956644926839e-06 1.529027097525373064e-06 1.499887768935163465e-06 1.471442834405648058e-06 1.443686388583483734e-06 1.416584573056238291e-06 1.390132301141824871e-06 1.364304105894223028e-06 1.339075915644291802e-06 1.314443469264437645e-06 1.290383590644999010e-06 1.266874334622800204e-06 1.243912201212125177e-06 1.221476042453835163e-06 1.199551329700861393e-06 1.178118670680013042e-06 1.157175310906733653e-06 1.136702544841222696e-06 1.116687617692274006e-06 1.097113315917016890e-06 1.077977566345809704e-06 1.059263748186061547e-06 1.040960636711589841e-06 1.023052881905262083e-06 1.005539034485943099e-06 9.884042570760244034e-07 9.716386482838017272e-07 9.552326089130435967e-07 9.391768314377049790e-07 9.234583774027251242e-07 9.080764304848734056e-07 8.930184687496790434e-07 8.782762542879162039e-07 8.638417940397738954e-07 8.497073314861586988e-07 8.358653386544294698e-07 8.223051113383678077e-07 8.090264366244293811e-07 7.960189398361103180e-07
1.839785837973806382e-06 1.803313304399803932e-06 1.767761986302237025e-06 1.733087499234538179e-06 1.699279781782803504e-06 1.666297122645128431e-06 1.634130536681937723e-06 1.602748128932502397e-06 1.572119826187261914e-06 1.542237784121699238e-06 1.513066384224818632e-06 1.484598704709774755e-06 1.456807622374070591e-06 1.429667496703642008e-06 1.403172373785964852e-06 1.377297618178088856e-06 1.352019901975313140e-06 1.327334158355199253e-06 1.303217953874057618e-06 1.279650009933815317e-06 1.256626074339645067e-06 1.234125665434214075e-06 1.212129322853260404e-06 1.190633544284657287e-06 1.169619580208282304e-06 1.149074404871836024e-06 1.128980749178031985e-06 1.109335861491315823e-06 1.090123086534398640e-06 1.071330957248681438e-06 1.052944080349390219e-06 1.034960386810310808e-06 1.017365014449186365e-06 1.000147844832137959e-06 9.832990675753673267e-07 9.668091696429824086e-07 9.506651830079009895e-07 9.348657514128890672e-07 9.193983384787632913e-07 9.042545218363252357e-07 8.894261288445198278e-07 8.749052281370555340e-07 8.606841214888717045e-07 8.467553359911344922e-07 8.331084531409427620e-07 8.197428347483753310e-07 8.066483933694325009e-07 7.938184849666578787e-07 7.812466558648279185e-07 7.689266365196696589e-07 7.568523355163584885e-07
1.711056104317031117e-06 1.678120350285240880e-06 1.645985166833587542e-06 1.614620403423268684e-06 1.584017136901638732e-06 1.554140028010306288e-06 1.524981126797437629e-06 1.496513276603823395e-06 1.468710775706451769e-06 1.441566722952760954e-06 1.415056453211889439e-06 1.389156585241167359e-06 1.363861176110699757e-06 1.339147767509342904e-06 1.314995035811279473e-06 1.291397915285268828e-06 1.268335905005923416e-06 1.245789508163182011e-06 1.223754463964529678e-06 1.202212009790857668e-06 1.181148864873398562e-06 1.160547731977839373e-06 1.140405171036497311e-06 1.120704519072653726e-06 1.101434080308866872e-06 1.082578442059792859e-06 1.064134906154978332e-06 1.046088608951591328e-06 1.028429226623230434e-06 1.011146748807723320e-06 9.942314677454504605e-07 9.776704051509377564e-07 9.614616566178199619e-07 9.455926902326213493e-07 9.300549084273984351e-07 9.148399678979190249e-07 8.999397710193596926e-07 8.853464575861398998e-07 8.710493080331085448e-07 8.570471706790817914e-07 8.433296792671545310e-07 8.298898468641797519e-07 8.167208870696773656e-07 8.038162074420694193e-07 7.911694031661008463e-07 7.787742509529372016e-07 7.666247031618665457e-07 7.547148821364206259e-07 7.430390747453345628e-07 7.315917271197716959e-07 7.203674395800972492e-07
1.594578119213520576e-06 1.564749863563471474e-06 1.535626369463805388e-06 1.507181915604182975e-06 1.479408650471860254e-06 1.452281919445497195e-06 1.425778325148683305e-06 1.399891045010721693e-06 1.374597631821939090e-06 1.349876750264399989e-06 1.325722517180099229e-06 1.302114444640703429e-06 1.279033029333968165e-06 1.256473247787340842e-06 1.234416353299075598e-06 1.212848826933981026e-06 1.191753369195382873e-06 1.171125847402567180e-06 1.150949615980076570e-06 1.131212764848540663e-06 1.111899884371152156e-06 1.093007643061007592e-06 1.074521197617564486e-06 1.056430031185501219e-06 1.038723945324919976e-06 1.021389569528497566e-06 1.004424371772437155e-06 9.878154573137648777e-07 9.715537957605057158e-07 9.556306242034843414e-07 9.400374381726800172e-07 9.247659829360486701e-07 9.098082451264513304e-07 8.951535192154508491e-07 8.808001773549107283e-07 8.667378786920421930e-07 8.529594978436574790e-07 8.394581133885801347e-07 8.262270012002582105e-07 8.132596280223289449e-07 8.005496452798265335e-07 7.880908831149996366e-07 7.758773446399112996e-07 7.639032003956085037e-07 7.521627830112411500e-07 7.406505820542633113e-07 7.293612390638582991e-07 7.182895427613196068e-07 7.074304244298766640e-07 6.967789534567906113e-07 6.863303330327507629e-07
1.488893491123068009e-06 1.461811326027170624e-06 1.435351499456259574e-06 1.409491955811319234e-06 1.384225835938079917e-06 1.359531985839534958e-06 1.335390261021293021e-06 1.311794735283030282e-06 1.288726069211444471e-06 1.266170077539891418e-06 1.244108910854212615e-06 1.222537621565338098e-06 1.201439056023971304e-06 1.180800719344949668e-06 1.160606730831000319e-06 1.140853019221965720e-06 1.121524306370617204e-06 1.102609560952444917e-06 1.084098086098625305e-06 1.065979507827458153e-06 1.048240481486628865e-06 1.030877908498272913e-06 1.013878934081257321e-06 9.972343690076290238e-07 9.809352954361002335e-07 9.649730577636123411e-07 9.493363425176765418e-07 9.340228933848747322e-07 9.190217970189020567e-07 9.043253621417992008e-07 8.899261188697506112e-07 8.758168114360845791e-07 8.619903911817605057e-07 8.484400098040918431e-07 8.351590128511336833e-07 8.221409334547260096e-07 8.093794862894769512e-07 7.968685617508643560e-07 7.846022203423706950e-07 7.725746872643965672e-07 7.607781521618414539e-07 7.492115889914620836e-07 7.378674447861668751e-07 7.267405532467673813e-07 7.158258884602174428e-07 7.051185605391252687e-07 6.946138114140994836e-07 6.843070107716349159e-07 6.741955378021103948e-07 6.642712031149615100e-07 6.545316553355385430e-07
1.392759880648814718e-06 1.368107552681455529e-06 1.344010806598028966e-06 1.320450375960202034e-06 1.297407868204876747e-06 1.274877482467808160e-06 1.252841564948779706e-06 1.231287028482541463e-06 1.210201190322354005e-06 1.189568215899748692e-06 1.169383388867263761e-06 1.149631493419762180e-06 1.130301327746561975e-06 1.111378749556389002e-06 1.092859881227181223e-06 1.074731117721719682e-06 1.056982543341497736e-06 1.039604536852864036e-06 1.022587761507105845e-06 1.005923155441091144e-06 9.895991126758774221e-07 9.736127903606106225e-07 9.579530070729546044e-07 9.426117116812322904e-07 9.275810850831078190e-07 9.128535325700531462e-07 8.984216764742737705e-07 8.842783490852631514e-07 8.704165858263926417e-07 8.568296186795466551e-07 8.435085716601707211e-07 8.304516997699367997e-07 8.176504348651525756e-07 8.050987341403062329e-07 7.927907218643855442e-07 7.807206841033358609e-07 7.688830636288973270e-07 7.572724550078930393e-07 7.458835998641534271e-07 7.347113823060678675e-07 7.237508245142187505e-07 7.129970824823926700e-07 7.024454419056246773e-07 6.920913142108059078e-07 6.819302327231646095e-07 6.719578489642622728e-07 6.621699290762213847e-07 6.525623503675997155e-07 6.431310979758159140e-07 6.338738671114403622e-07 6.247836153181254558e-07
1.305091502351812267e-06 1.282607640592531506e-06 1.260609763865253470e-06 1.239092224024807141e-06 1.218038893760140259e-06 1.197437694092070900e-06 1.177276913071599844e-06 1.157542029580895648e-06 1.138228453859532978e-06 1.119322233940756607e-06 1.100813003845629158e-06 1.082690705743688236e-06 1.064945579500721218e-06 1.047565372849571608e-06 1.030546529767576633e-06 1.013877262223320069e-06 9.975489042069141914e-07 9.815530407717225738e-07 9.658814997310409457e-07 9.505263436623800801e-07 9.354798622076132666e-07 9.207322000312605448e-07 9.062808664534147823e-07 8.921163635149158410e-07 8.782318177180764395e-07 8.646205481489049495e-07 8.512760603142776899e-07 8.381920401993123633e-07 8.253623485387564387e-07 8.127810152912115473e-07 8.004422343101731853e-07 7.883403582029757810e-07 7.764698933712527933e-07 7.648254952246394012e-07 7.534019635622709361e-07 7.421942381148797153e-07 7.311973942410665886e-07 7.204066387725990375e-07 7.098173060026009809e-07 6.994248538107589473e-07 6.892248599214376686e-07 6.792130182885237685e-07 6.693851356029899123e-07 6.597371279182799698e-07 6.502650173892979194e-07 6.409649291202884489e-07 6.318330881180483271e-07 6.228658163467898814e-07 6.140609460197280041e-07 6.054121346289205122e-07 5.969174129483094042e-07
1.224960873210816729e-06 1.204406560951559286e-06 1.184288185239539071e-06 1.164594593048407946e-06 1.145314964616587613e-06 1.126438802087547488e-06 1.107953175663438868e-06 1.089853765289715371e-06 1.072128147939709370e-06 1.054767008346976261e-06 1.037761302492663222e-06 1.021102248590237499e-06 1.004781318407319395e-06 9.887878523628046911e-07 9.731186195998741739e-07 9.577633625039528806e-07 9.427144866341116511e-07 9.279646122774428959e-07 9.135065675157697102e-07 8.993333815440497676e-07 8.854382782292421284e-07 8.718146699012373570e-07 8.584561513653622482e-07 8.453564941289647183e-07 8.325096408320291342e-07 8.199096998760625741e-07 8.075509402411068930e-07 7.954277864852712489e-07 7.835348139186722059e-07 7.718667439458655256e-07 7.604184395692260768e-07 7.491849010482160068e-07 7.381612617079637513e-07 7.273427838912351338e-07 7.167248550490602648e-07 7.063029839643531907e-07 6.960727971031565363e-07 6.860300350896676264e-07 6.761705492994099263e-07 6.664902985667961765e-07 6.569853460026167106e-07 6.476518559175099116e-07 6.384860908471110326e-07 6.294844086755578486e-07 6.206432598539551594e-07 6.119591847095104645e-07 6.034288108428136863e-07 5.950501023412446638e-07 5.868173369470083859e-07 5.787286552049939768e-07 5.707810094116412177e-07
1.151559881540965389e-06 1.132730442637915198e-06 1.114290214206397725e-06 1.096229489313075569e-06 1.078538843860800733e-06 1.061206739074650589e-06 1.044229130452543335e-06 1.027594930864669598e-06 1.011295757074410703e-06 9.953234650137114692e-07 9.796701419934865508e-07 9.643280991983924733e-07 9.492898644543352730e-07 9.345481752585166372e-07 9.200959720607958825e-07 9.059244376556271155e-07 8.920308520508244068e-07 8.784067260191149635e-07 8.650457494026671995e-07 8.519417848359569363e-07 8.390888623398515149e-07 8.264811741067308598e-07 8.141130694669173212e-07 8.019790500310768252e-07 7.900737650008042370e-07 7.783920066417479958e-07 7.669287059120315689e-07 7.556789282411406750e-07 7.446378694529632317e-07 7.338008518273161209e-07 7.231633202953989795e-07 7.127208387637762405e-07 7.024690865617035821e-07 6.924038550081284864e-07 6.825210440929495062e-07 6.728180026647245808e-07 6.632881331703153592e-07 6.539290056132357307e-07 6.447369236030669676e-07 6.357082844067332454e-07 6.268395762346451371e-07 6.181273756154729302e-07 6.095683448556277904e-07 6.011592295810803515e-07 5.928968563584276022e-07 5.847781303919673208e-07 5.768011420580582224e-07 5.689607196643883924e-07 5.612551106181521850e-07 5.536815130679162148e-07 5.462371933407739360e-07
1.084177694954193955e-06 1.066894229652034774e-06 1.049959107568514223e-06 1.033363855902519738e-06 1.017098154720409194e-06 1.001158234346817163e-06 9.855341777575489151e-07 9.702184298272141570e-07 9.552036466607448533e-07 9.404826888498769908e-07 9.260486149709183571e-07 9.118946753142419835e-07 8.980143058370423308e-07 8.844011223296744331e-07 8.710489147881572611e-07 8.579516419837874753e-07 8.451034262232399841e-07 8.324985482904583944e-07 8.201314425652040312e-07 8.079966923094775692e-07 7.960890251168440530e-07 7.844033085175837095e-07 7.729345457344544298e-07 7.616778715824755815e-07 7.506285485082520276e-07 7.397819627630817063e-07 7.291336207046348709e-07 7.186791452230186359e-07 7.084142722862572865e-07 6.983348476004479320e-07 6.884368233811801842e-07 6.787162552312768929e-07 6.691692991215139710e-07 6.597922084703644066e-07 6.505813313192995552e-07 6.415331075998110778e-07 6.326452100982450013e-07 6.239119546539274617e-07 6.153311984145082217e-07 6.068997232517349255e-07 5.986143905325396472e-07 5.904721388729256254e-07 5.824699819628853337e-07 5.746050064606096589e-07 5.668753619287501445e-07 5.592762832395478317e-07 5.518060641683639236e-07 5.444620634677108003e-07 5.372417032795077390e-07 5.301424673940052204e-07 5.231618995629030382e-07
1.022195574693031313e-06 1.006301142210039731e-06 9.907192068853091999e-07 9.754423526199505214e-07 9.604633690381585739e-07 9.457752449702570723e-07 9.313694533464197819e-07 9.172428185171885550e-07 9.033871415907528026e-07 8.897961476193131550e-07 8.764637315716512429e-07 8.633839530768167682e-07 8.505510313508073613e-07 8.379593402979194427e-07 8.256034037819044158e-07 8.134778910585219052e-07 8.015776123647705845e-07 7.898975146580266845e-07 7.784326775001161902e-07 7.671783090800215568e-07 7.561297423709506137e-07 7.452824314162536868e-07 7.346319477392117707e-07 7.241739768726970155e-07 7.139055360047013750e-07 7.038200693519639981e-07 6.939148239532047387e-07 6.841859088893738678e-07 6.746295315449589151e-07 6.652419947681419663e-07 6.560196941230942383e-07 6.469591152312157847e-07 6.380568311978033455e-07 6.293095001214269387e-07 6.207138626832297300e-07 6.122667398126647893e-07 6.039660236889296425e-07 5.958066935527147342e-07 5.877868005447149077e-07 5.799034646787194708e-07 5.721538756086813426e-07 5.645352907018627883e-07 5.570450331725462330e-07 5.496813712854245662e-07 5.424399872261062185e-07 5.353192778863854921e-07 5.283168123218011424e-07 5.214302169311510685e-07 5.146571739085054035e-07 5.079962193232578342e-07 5.014435405204592347e-07
9.650704180410856834e-07 9.504269439624327651e-07 9.360644383844899443e-07 9.219763928466048144e-07 9.081564751563203790e-07 8.945985239366644047e-07 8.812965433623428973e-07 8.682446980784012040e-07 8.554373082934832755e-07 8.428688450419400641e-07 8.305339256072322654e-07 8.184273091021236221e-07 8.065438921980528246e-07 7.948787049993279278e-07 7.834269070559738146e-07 7.721837835106734456e-07 7.611447413740505874e-07 7.503053059243767057e-07 7.396611172266355989e-07 7.292079267664318300e-07 7.189415941950150585e-07 7.088580841810984969e-07 6.989534633652967864e-07 6.892238974141866985e-07 6.796656481696378689e-07 6.702750708904844147e-07 6.610496276696407730e-07 6.519838091830930459e-07 6.430752632508210478e-07 6.343206929305809954e-07 6.257168821776377771e-07 6.172606935746087638e-07 6.089490661325604545e-07 6.007790131613698648e-07 5.927476202068580515e-07 5.848529174593013850e-07 5.770903738257447505e-07 5.694581610232006208e-07 5.619536341572113529e-07 5.545742111774359302e-07 5.473173711688276945e-07 5.401814406853103688e-07 5.331624364334505157e-07 5.262588032807991522e-07 5.194682487821239419e-07 5.127885338343273473e-07 5.062174712558479698e-07 4.997536444347785660e-07 4.933935242728260545e-07 4.871357932177236703e-07 4.809784583964688333e-07
9.123241339352813032e-07 8.988098060957793860e-07 8.855486420299638790e-07 8.725349152437312228e-07 8.597630507179787064e-07 8.472276203310175568e-07 8.349233384356320092e-07 8.228450575864881031e-07 8.109877644106483755e-07 7.993465756170570280e-07 7.879167341391022272e-07 7.766936054059292139e-07 7.656726737370154458e-07 7.548495388562686549e-07 7.442199125208335991e-07 7.337796152602819253e-07 7.235245732226439087e-07 7.134518470242065631e-07 7.035554879875447238e-07 6.938327669342958578e-07 6.842800029262638178e-07 6.748936063432602954e-07 6.656700762925914534e-07 6.566059981010980834e-07 6.476980408869107755e-07 6.389429552078582869e-07 6.303375707840975965e-07 6.218796616585393655e-07 6.135644672306344728e-07 6.053899169292982790e-07 5.973531357353067891e-07 5.894513174308171966e-07 5.816817227156662412e-07 5.740416773819916552e-07 5.665293420846799220e-07 5.591406201986851718e-07 5.518737985661057791e-07 5.447264461773985108e-07 5.376961887904579158e-07 5.307807074134735904e-07 5.239784386633785316e-07 5.172857639040490952e-07 5.107012255096719373e-07 5.042227112070350606e-07 4.978481570430483445e-07 4.915761940501518907e-07 4.854035546802930493e-07 4.793289613367490996e-07 4.733505310605911327e-07 4.674664232478065671e-07 4.616754422835441981e-07
8.635346928491646421e-07 8.510417606611346870e-07 8.387774092613738488e-07 8.267365878154139591e-07 8.149143760260180742e-07 8.033070802237005083e-07 7.919078125027579469e-07 7.807131396094405353e-07 7.697186260705725933e-07 7.589199489070378123e-07 7.483128943725718603e-07 7.378933547986839781e-07 7.276573255417309625e-07 7.176009020289104090e-07 7.077202768993736367e-07 6.980117372368468656e-07 6.884716618910813738e-07 6.790965188843809142e-07 6.698828629005893775e-07 6.608281926539553618e-07 6.519275009993425726e-07 6.431784569177431819e-07 6.345779381650697209e-07 6.261228977417515939e-07 6.178103618187728946e-07 6.096374277276631172e-07 6.016012620126860247e-07 5.936998520290659570e-07 5.859289854331639444e-07 5.782867838988122325e-07 5.707706725049906909e-07 5.633781366637061863e-07 5.561067205027456936e-07 5.489547076661920255e-07 5.419183877393931088e-07 5.349961570330404214e-07 5.281857793098549832e-07 5.214850696605993540e-07 5.148925207993304963e-07 5.084047901054579160e-07 5.020204677251237747e-07 4.957375609682108113e-07 4.895541221168010359e-07 4.834688299256071262e-07 4.774786580482464280e-07 4.715823695675915458e-07 4.657781853683318135e-07 4.600649106758825569e-07 4.544397557194467529e-07 4.489016009017747643e-07 4.434488191617904607e-07
8.183296137254772825e-07 8.067625055672115768e-07 7.954021913020803732e-07 7.842442055120551273e-07 7.732841955802968958e-07 7.625179184339439715e-07 7.519412373928073298e-07 7.415501191198375078e-07 7.313406306695743486e-07 7.213089366315011753e-07 7.114512963646825421e-07 7.017649129454131600e-07 6.922445148112711365e-07 6.828874912703204007e-07 6.736904548080289844e-07 6.646501001137679644e-07 6.557632017995253656e-07 6.470266121898294897e-07 6.384372591801644914e-07 6.299921441617830683e-07 6.216890739106851200e-07 6.135237178809757686e-07 6.054940255519265560e-07 5.975972727878947562e-07 5.898307994917006885e-07 5.821920078822673227e-07 5.746790225511129948e-07 5.672880389445138096e-07 5.600173014373058635e-07 5.528644453022852201e-07 5.458271602644293719e-07 5.389031890662853728e-07 5.320909310234915962e-07 5.253870196646582909e-07 5.187899550334171414e-07 5.122976784217596173e-07 5.059081775756680620e-07 4.996200461960439008e-07 4.934302399981399312e-07 4.873374399556538543e-07 4.813398079756098311e-07 4.754360703917194513e-07 4.696234232607934722e-07 4.639006707913315445e-07 4.582661319614302336e-07 4.527186543079659672e-07 4.472556476606787984e-07 4.418760290738174705e-07 4.365782593749505095e-07 4.313612970237733156e-07 4.262227421479078955e-07
7.763752113995631890e-07 7.656490002436023371e-07 7.551102274219001423e-07 7.447557789199533162e-07 7.345801000241447233e-07 7.245802800654762329e-07 7.147526472512826846e-07 7.050936194992079415e-07 6.955997019309023735e-07 6.862674844446728112e-07 6.770936393638053645e-07 6.680749191582976224e-07 6.592081542373151385e-07 6.504909636790564631e-07 6.419188961515602262e-07 6.334897220678262038e-07 6.252005628426480567e-07 6.170486077721231657e-07 6.090311122024486087e-07 6.011453957543627559e-07 5.933894772299896189e-07 5.857595233688454623e-07 5.782536764771812257e-07 5.708694965606747195e-07 5.636045997916873359e-07 5.564572395759995412e-07 5.494239733317003437e-07 5.425031614426932192e-07 5.356926303835325604e-07 5.289902558227589410e-07 5.223944993405100202e-07 5.159022548521489513e-07 5.095120767163516728e-07 5.032220249999948806e-07 4.970302029522519517e-07 4.909352573474930706e-07 4.849343723295542280e-07 4.790262752023192283e-07 4.732092312525203242e-07 4.674820140528712685e-07 4.618420247114501254e-07 4.562881087601350272e-07 4.508186778258593748e-07 4.454326214108049615e-07 4.401275339154560128e-07 4.349023691614866468e-07 4.297556711131987252e-07 4.246864354354580615e-07 4.196924288365555082e-07 4.147727044731658551e-07 4.099263243166440749e-07
7.373786169336360954e-07 7.274175981015029294e-07 7.176267844246352801e-07 7.080026621803582574e-07 6.985418025305073019e-07 6.892408591767163669e-07 6.800972565819359413e-07 6.711064199428132215e-07 6.622659339282734432e-07 6.535727603609845326e-07 6.450239329226232900e-07 6.366165552098497551e-07 6.283477988494315770e-07 6.202155152494852571e-07 6.122157761199990409e-07 6.043465636941516610e-07 5.966053039801995513e-07 5.889894824119956168e-07 5.814966422792436354e-07 5.741249407229349789e-07 5.668709154975948818e-07 5.597328339611682048e-07 5.527084560379474878e-07 5.457955923293290848e-07 5.389926169066120249e-07 5.322964091201979642e-07 5.257054387173978721e-07 5.192177062638175202e-07 5.128312568124131989e-07 5.065446572243325869e-07 5.003550817730821125e-07 4.942611804541820035e-07 4.882611652603142914e-07 4.823537355024488509e-07 4.765362853116906822e-07 4.708075883561106015e-07 4.651660074035775265e-07 4.596103627526898489e-07 4.541382445582045043e-07 4.487485396526933465e-07 4.434397471588443411e-07 4.382107980621843819e-07 4.330594574174412128e-07 4.279847157541217468e-07 4.229851956665775986e-07 4.180599295773587598e-07 4.132068386538112292e-07 4.084250086007745906e-07 4.037135355142222857e-07 3.990704602865575595e-07 3.944949280953879437e-07
7.010759452804551859e-07 6.918125200855495681e-07 6.827039227020187675e-07 6.737470263037633985e-07 6.649387779722270980e-07 6.562761966984930304e-07 6.477563714461202785e-07 6.393770452913537372e-07 6.311342661340988457e-07 6.230259115003721979e-07 6.150493320106208970e-07 6.072019394133565553e-07 5.994812049716846901e-07 5.918851894632246964e-07 5.844104136506306164e-07 5.770550516883583192e-07 5.698167976950769085e-07 5.626933979242368296e-07 5.556831388721977249e-07 5.487828875364305299e-07 5.419910289201084067e-07 5.353055047134723056e-07 5.287243023776628485e-07 5.222459088252554527e-07 5.158674902795115820e-07 5.095876193354016919e-07 5.034044552176825790e-07 4.973161974207678296e-07 4.913215112829995940e-07 4.854178219015782678e-07 4.796038691944254933e-07 4.738780039314054368e-07 4.682390143498045293e-07 4.626845192216611033e-07 4.572133735776321686e-07 4.518244437779147432e-07 4.465154942721058043e-07 4.412854529764682329e-07 4.361329016343115446e-07 4.310568121128999887e-07 4.260551072452782192e-07 4.211268140535627073e-07 4.162709712088659201e-07 4.114856221927140656e-07 4.067698565310205082e-07 4.021224505508176346e-07 3.975425339295338786e-07 3.930282798298326961e-07 3.885788634803487920e-07 3.841934718918723759e-07 3.798703784809536926e-07
6.672317378824685451e-07 6.586059625229986496e-07 6.501207037963802280e-07 6.417737347323681397e-07 6.335623316781144625e-07 6.254838337746412706e-07 6.175356413008858225e-07 6.097152140666349034e-07 6.020205729630540119e-07 5.944482844532160972e-07 5.869964826605295261e-07 5.796628503730228866e-07 5.724451225569126295e-07 5.653415485619892701e-07 5.583490361334234824e-07 5.514659331013863677e-07 5.446901700831962877e-07 5.380197235297646310e-07 5.314530456027504903e-07 5.249873393249254121e-07 5.186211426062918184e-07 5.123526039405444031e-07 5.061803156153635878e-07 5.001016999672081889e-07 4.941154261137575948e-07 4.882197980066432484e-07 4.824135357985278190e-07 4.766942576874038702e-07 4.710607527032868096e-07 4.655114654523015230e-07 4.600452329345669820e-07 4.546598484109225767e-07 4.493542106506496379e-07 4.441268916820645908e-07 4.389768354565270261e-07 4.339019917913207418e-07 4.289013600381774616e-07 4.239739522405571914e-07 4.191178371047154529e-07 4.143320777929865232e-07 4.096157502244302994e-07 4.049670326565815987e-07 4.003850481853924672e-07 3.958686382231759165e-07 3.914169654199136147e-07 3.870283258096807043e-07 3.827019243384477870e-07 3.784369785458271201e-07 3.742318757159395196e-07 3.700858724130036912e-07 3.659982377871667552e-07
6.356368073294904207e-07 6.275932923761288455e-07 6.196790113529611304e-07 6.118905198280782940e-07 6.042258609406033752e-07 5.966826550586052726e-07 5.892585760873771592e-07 5.819517879847495100e-07 5.747591912855654815e-07 5.676790510500732100e-07 5.607092419429948409e-07 5.538476856622205949e-07 5.470927563641597952e-07 5.404416533506497776e-07 5.338928388957954128e-07 5.274444112531657369e-07 5.210945100827944707e-07 5.148416964702799792e-07 5.086834287921400444e-07 5.026183450040189748e-07 4.966447403589826425e-07 4.907613054316013544e-07 4.849656916309896440e-07 4.792566585067596075e-07 4.736326421462475855e-07 4.680924514305782420e-07 4.626339104589710524e-07 4.572558900273122860e-07 4.519572749626756454e-07 4.467360190958826476e-07 4.415910644146204247e-07 4.365210625436394916e-07 4.315249999213739230e-07 4.266009722355245525e-07 4.217480172524766801e-07 4.169651863968337329e-07 4.122506832472284214e-07 4.076036066341662372e-07 4.030230689616371703e-07 3.985073733516851012e-07 3.940556759972325391e-07 3.896671465572035692e-07 3.853401800452310823e-07 3.810739865694635496e-07 3.768677895830641677e-07 3.727200689654885993e-07 3.686300855314509473e-07 3.645971133137146715e-07 3.606197105958180788e-07 3.566971859137464968e-07 3.528288608949711053e-07
6.061016574932501383e-07 5.985921867397441582e-07 5.912008261074055563e-07 5.839245225542618812e-07 5.767615078978547636e-07 5.697096500851515720e-07 5.627668640449034490e-07 5.559314928286775728e-07 5.492007775303457849e-07 5.425731491734490626e-07 5.360466990982703561e-07 5.296199176419019132e-07 5.232902635814143971e-07 5.170563062107823418e-07 5.109162963592164909e-07 5.048688586465326588e-07 4.989116465871238526e-07 4.930433557138514362e-07 4.872623812311277544e-07 4.815674703581150723e-07 4.759564509800428701e-07 4.704281340361979185e-07 4.649810455886259103e-07 4.596140449594289547e-07 4.543251162712909259e-07 4.491131761197416160e-07 4.439771561082584762e-07 4.389151578627492435e-07 4.339261659173707024e-07 4.290089069609000663e-07 4.241624090021707979e-07 4.193849023419056778e-07 4.146754625730993232e-07 4.100331796306166286e-07 4.054563818056377392e-07 4.009442030212483396e-07 3.964957913418664830e-07 3.921095655760638704e-07 3.877847144548757470e-07 3.835204406450995419e-07 3.793152466072656581e-07 3.751683726028829671e-07 3.710790726250528560e-07 3.670459264686831154e-07 3.630682228769774581e-07 3.591452641274965199e-07 3.552757015262320415e-07 3.514588694632382147e-07 3.476941156771575880e-07 3.439801576080176939e-07 3.403165794862506958e-07
5.784564520279271530e-07 5.714371048732261345e-07 5.645258678964657663e-07 5.577200258710448278e-07 5.510179806352405096e-07 5.444178185548074009e-07 5.379180024385138739e-07 5.315160309412181762e-07 5.252104456813529344e-07 5.189994922713574723e-07 5.128817690781567182e-07 5.068549662718244968e-07 5.009177530628646313e-07 4.950685192815112675e-07 4.893059870420523602e-07 4.836280181608332466e-07 4.780333984682885616e-07 4.725206485644083012e-07 4.670886036988255778e-07 4.617352796299745387e-07 4.564595689325100268e-07 4.512603801562276378e-07 4.461358444621031740e-07 4.410849234161287522e-07 4.361063382206119640e-07 4.311990946722634669e-07 4.263614509543800067e-07 4.215924605753007364e-07 4.168911921198573911e-07 4.122560001369194439e-07 4.076859973517883515e-07 4.031803112753035528e-07 3.987373855325001524e-07 3.943563884747958670e-07 3.900365029512714494e-07 3.857762549626222606e-07 3.815748651456338824e-07 3.774315683555961134e-07 3.733449667996725771e-07 3.693143302929629150e-07 3.653389426030748999e-07 3.614174764542990993e-07 3.575492479512548361e-07 3.537335869020009022e-07 3.499692312921945165e-07 3.462557353936446047e-07 3.425918887023335864e-07 3.389770732891805475e-07 3.354106845644464541e-07 3.318915691562994592e-07 3.284191487956245110e-07
5.525481423817886044e-07 5.459796070587174619e-07 5.395095499305971912e-07 5.331364869495327546e-07 5.268586602596025261e-07 5.206746438683892658e-07 5.145821658896792675e-07 5.085798710308001566e-07 5.026661453367532801e-07 4.968396875333254247e-07 4.910983945487790356e-07 4.854410287540374197e-07 4.798661067322376733e-07 4.743724412183145291e-07 4.689580806888158304e-07 4.636218951946904802e-07 4.583627716814334825e-07 4.531788718594182295e-07 4.480691357197183369e-07 4.430322802051198042e-07 4.380672902183828493e-07 4.331724527550141543e-07 4.283468005060424502e-07 4.235893819347874940e-07 4.188985787186642593e-07 4.142734835665747781e-07 4.097132045814677461e-07 4.052162110205534047e-07 4.007816519575510795e-07 3.964086914931379798e-07 3.920958799320453068e-07 3.878424193149239886e-07 3.836475263578791458e-07 3.795098263955727962e-07 3.754285712758126932e-07 3.714030271895129538e-07 3.674318889488689341e-07 3.635144552711633222e-07 3.596500389066299207e-07 3.558373990133116820e-07 3.520760608169651982e-07 3.483648338133575503e-07 3.447030838633944173e-07 3.410901904022755277e-07 3.375250193400549980e-07 3.340069766551296921e-07 3.305354816419760241e-07 3.271094524593310313e-07 3.237284985299679799e-07 3.203915800306251509e-07 3.170981602437934428e-07
5.282385470944813842e-07 5.220846596501597130e-07 5.160211994919457701e-07 5.100468245300746060e-07 5.041602119346706359e-07 4.983592946615686285e-07 4.926428133889704825e-07 4.870092821193381087e-07 4.814574927423184256e-07 4.759855272873455408e-07 4.705922348912695983e-07 4.652762478271823987e-07 4.600364630090951911e-07 4.548710964814600402e-07 4.497790967733214381e-07 4.447594293144334665e-07 4.398104106234585187e-07 4.349310539445316795e-07 4.301203889464188376e-07 4.253768250997128096e-07 4.206994363767936274e-07 4.160873127130100001e-07 4.115389496183832228e-07 4.070534780852874817e-07 4.026300446262247990e-07 3.982672244288483018e-07 3.939642020569958525e-07 3.897201771738489383e-07 3.855337987808712020e-07 3.814043018066857490e-07 3.773309358834454724e-07 3.733124184130334174e-07 3.693480317077032930e-07 3.654370724145626356e-07 3.615783213302962461e-07 3.577712757056940382e-07 3.540147654835577210e-07 3.503081411963565287e-07 3.466507671621435732e-07 3.430415289874853208e-07 3.394798177264292639e-07 3.359650379131853797e-07 3.324961267493543473e-07 3.290726682642309333e-07 3.256936407199734746e-07 3.223584933578562485e-07 3.190666884221472059e-07 3.158172494839185568e-07 3.126098061488891510e-07 3.094434186808202092e-07 3.063175891950165198e-07
5.054029216827979909e-07 4.996310200151073906e-07 4.939425065754485345e-07 4.883361541747710763e-07 4.828100789988496123e-07 4.773631109780630015e-07 4.719938808150775962e-07 4.667012668335712148e-07 4.614835170847235439e-07 4.563395614434464353e-07 4.512683473777677240e-07 4.462682214360041121e-07 4.413381788764075882e-07 4.364772319869091779e-07 4.316838185030936219e-07 4.269569950275506048e-07 4.222958346518443607e-07 4.176988595770381563e-07 4.131651839940587388e-07 4.086939380680070910e-07 4.042837222753666190e-07 3.999337049028376993e-07 3.956430697248872262e-07 3.914104897845308718e-07 3.872351842168687228e-07 3.831163871886964167e-07 3.790528390364100532e-07 3.750438067245405920e-07 3.710885718250239350e-07 3.671859370892953512e-07 3.633352145050868311e-07 3.595357302762362616e-07 3.557863450487472370e-07 3.520865674525794569e-07 3.484353030687613110e-07 3.448319289225797138e-07 3.412758356609848356e-07 3.377659797804451049e-07 3.343019209551535786e-07 3.308826557746713509e-07 3.275076202481227325e-07 3.241762634604499474e-07 3.208876267865482049e-07 3.176413169050058807e-07 3.144364110422208397e-07 3.112723987800921162e-07 3.081487822863564735e-07 3.050646781646874337e-07 3.020197364483918154e-07 2.990131058644856534e-07 2.960443247342669327e-07
4.839275026903695027e-07 4.785084525325590591e-07 4.731663714382798467e-07 4.678995398074591142e-07 4.627068705049277950e-07 4.575872946252326990e-07 4.525391890644070856e-07 4.475615326334014085e-07 4.426531364212699341e-07 4.378130226407683855e-07 4.330396760479405902e-07 4.283321619752044131e-07 4.236895624357684381e-07 4.191104433199272735e-07 4.145939266569003710e-07 4.101391506059708965e-07 4.057447562983252948e-07 4.014099190326674831e-07 3.971338297203336824e-07 3.929151992921824290e-07 3.887534121432146625e-07 3.846472317443952724e-07 3.805959108352043902e-07 3.765987170042311698e-07 3.726544751352684341e-07 3.687624833364161107e-07 3.649220541249625069e-07 3.611320693934602965e-07 3.573920130290205622e-07 3.537008107390296001e-07 3.500578264747946847e-07 3.464624379273748092e-07 3.429136210186616687e-07 3.394107785178995117e-07 3.359533265792830620e-07 3.325402877334757604e-07 3.291712324546301621e-07 3.258452200272736613e-07 3.225617094201958431e-07 3.193201724265488700e-07 3.161197093773565175e-07 3.129599365226760241e-07 3.098399871201082458e-07 3.067594904652536299e-07 3.037176112013113943e-07 3.007138764435944653e-07 2.977478254101158574e-07 2.948186570331781095e-07 2.919260416557026366e-07 2.890692063998972366e-07 2.862478331755978574e-07
4.637097685870666442e-07 4.586170355747721572e-07 4.535948830677833934e-07 4.486423009435521973e-07 4.437582968310123884e-07 4.389413843364514686e-07 4.341906141435450881e-07 4.295050540363485571e-07 4.248832971749187348e-07 4.203244513301620018e-07 4.158276407599352499e-07 4.113915324530624438e-07 4.070152878097790131e-07 4.026980841424531648e-07 3.984386569797938819e-07 3.942362181363506594e-07 3.900899948029657926e-07 3.859987861551425337e-07 3.819619937831006379e-07 3.779784647547345601e-07 3.740474844100879008e-07 3.701683526627553075e-07 3.663399726867918774e-07 3.625616728105921231e-07 3.588327954907773138e-07 3.551522960244106073e-07 3.515196723232225731e-07 3.479339197547088388e-07 3.443944292327404087e-07 3.409006051128567769e-07 3.374514887440156806e-07 3.340466290869090257e-07 3.306851033399032334e-07 3.273663591919404451e-07 3.240898571561673021e-07 3.208547149942053635e-07 3.176605285684915192e-07 3.145064477780469354e-07 3.113919718971139166e-07 3.083166124780942899e-07 3.052795551826114808e-07 3.022804390486538192e-07 2.993184786003205136e-07 2.963933253846566801e-07 2.935042214697831998e-07 2.906507288320652588e-07 2.878324210297809353e-07 2.850485700401391201e-07 2.822988661331229761e-07 2.795826060789319262e-07 2.768994912242131196e-07
4.446564225776858439e-07 4.398653404036115345e-07 4.351395612167875080e-07 4.304781635463810717e-07 4.258797842036846462e-07 4.213435406043044494e-07 4.168685666996058431e-07 4.124535701925683321e-07 4.080978631664728232e-07 4.038002056873014909e-07 3.995597972826502000e-07 3.953758530676942137e-07 3.912471956232389037e-07 3.871730721356318573e-07 3.831527448369453020e-07 3.791850944140488031e-07 3.752694129134937290e-07 3.714050069281260864e-07 3.675908111575827525e-07 3.638262841390933609e-07 3.601104015693433983e-07 3.564425210513014707e-07 3.528220139691229547e-07 3.492479037245355161e-07 3.457197027288650541e-07 3.422364710571643836e-07 3.387976257381307189e-07 3.354025968915440449e-07 3.320504867364872347e-07 3.287408570908718679e-07 3.254728430459190376e-07 3.222459155801811152e-07 3.190595581494884883e-07 3.159129430662713909e-07 3.128056775392976668e-07 3.097369634008461803e-07 3.067064213464879977e-07 3.037132813840104349e-07 3.007570801608804585e-07 2.978373660224343554e-07 2.949534001992352014e-07 2.921048439658438967e-07 2.892909839138385788e-07 2.865114932381945111e-07 2.837656827591272452e-07 2.810532372488116219e-07 2.783734906806835955e-07 2.757260513829149716e-07 2.731105385206651518e-07 2.705263108899071439e-07 2.679730886699874061e-07
4.266820229271645760e-07 4.221707573635086569e-07 4.177196965631323518e-07 4.133279992189484382e-07 4.089948401722201608e-07 4.047190175719072439e-07 4.004997398255557643e-07 3.963362308889812978e-07 3.922273489947729904e-07 3.881724717486261728e-07 3.841705020535891271e-07 3.802207212955347923e-07 3.763224255015718629e-07 3.724745706870620471e-07 3.686764806303634872e-07 3.649274932570360498e-07 3.612266139921196938e-07 3.575733180851226924e-07 3.539666484391392049e-07 3.504059909710182267e-07 3.468907449801884889e-07 3.434199970771509667e-07 3.399932745121358999e-07 3.366096974857635028e-07 3.332687082853266391e-07 3.299697618977775952e-07 3.267120171870626237e-07 3.234950490907687835e-07 3.203180466352071643e-07 3.171805992551185823e-07 3.140819247700048383e-07 3.110215341739062346e-07 3.079989502966137407e-07 3.050134234784306044e-07 3.020645856606721483e-07 2.991517131001673590e-07 2.962744505305136104e-07 2.934320989723130789e-07 2.906242296805883584e-07 2.878504250154131209e-07 2.851100133056358885e-07 2.824026773212383145e-07 2.797277677254822671e-07 2.770849785934410722e-07 2.744736819465568908e-07 2.718935828323939995e-07 2.693440737019174162e-07 2.668248702523457663e-07 2.643353844803166312e-07 2.618753424196246258e-07 2.594441747709535592e-07
4.097092528842410603e-07 4.054573184328750671e-07 4.012613188692433135e-07 3.971201356129411103e-07 3.930330140509437849e-07 3.889992146554260049e-07 3.850176737347743658e-07 3.810876808021035485e-07 3.772085399093430417e-07 3.733792384583654349e-07 3.695992140226501194e-07 3.658674922679963419e-07 3.621834276146817730e-07 3.585463881809839065e-07 3.549554448844117572e-07 3.514100899753489097e-07 3.479094286630810943e-07 3.444528742094118367e-07 3.410398528209276906e-07 3.376695097943950355e-07 3.343413874386879092e-07 3.310546618411417371e-07 3.278087996878891739e-07 3.246032799424676908e-07 3.214373141964805641e-07 3.183104906748703510e-07 3.152220486644527230e-07 3.121715905109467572e-07 3.091583819612878984e-07 3.061820390505374706e-07 3.032418528133514785e-07 3.003373712340697137e-07 2.974681534837067404e-07 2.946335190710633035e-07 2.918331237325523015e-07 2.890663097852875658e-07 2.863327450445220653e-07 2.836317936433543444e-07 2.809631351097551273e-07 2.783261544488578496e-07 2.757204684933301338e-07 2.731457043811710875e-07 2.706012698763865021e-07 2.680868790583417979e-07 2.656019585561847078e-07 2.631462328132954269e-07 2.607191465190211263e-07 2.583204341731588253e-07 2.559495577579161278e-07 2.536062615319957665e-07 2.512900240386084532e-07
3.936669596188780955e-07 3.896561231903820118e-07 3.856968753633749763e-07 3.817886156223105913e-07 3.779303523150710072e-07 3.741214080499213060e-07 3.703611194714897977e-07 3.666485417031259859e-07 3.629831316564042788e-07 3.593639794322971258e-07 3.557904689962178314e-07 3.522619975253654064e-07 3.487776966131145654e-07 3.453370756680832326e-07 3.419392976886676383e-07 3.385838023103665627e-07 3.352700416470341751e-07 3.319972155040685300e-07 3.287648813639182937e-07 3.255722672792886675e-07 3.224189458142147442e-07 3.193041720137793205e-07 3.162274535798069089e-07 3.131883097707054527e-07 3.101860267224790129e-07 3.072202197428803147e-07 3.042901993005167159e-07 3.013955939883456644e-07 2.985357375475260869e-07 2.957102714429327677e-07 2.929185516803925455e-07 2.901601604036462953e-07 2.874346903021211341e-07 2.847415223593189030e-07 2.820803350490716292e-07 2.794505294731546599e-07 2.768517954707919704e-07 2.742835534045192346e-07 2.717455041312257101e-07 2.692370864571952034e-07 2.667580119206964636e-07 2.643077369929628095e-07 2.618859835686149226e-07 2.594922250411003952e-07 2.571261933473968861e-07 2.547873780944975219e-07 2.524755209585525073e-07 2.501901270836020226e-07 2.479309475923748389e-07 2.456975025198516228e-07 2.434895521531190273e-07
3.784905221781306424e-07 3.747036669052765184e-07 3.709648279654470097e-07 3.672730895740209020e-07 3.636279097761813075e-07 3.600284063104957722e-07 3.564739705976701699e-07 3.529640070917217921e-07 3.494976734973147772e-07 3.460744798309090626e-07 3.426936139276811085e-07 3.393546023980630765e-07 3.360566618651912333e-07 3.327992573697980348e-07 3.295818659449621910e-07 3.264037380454241187e-07 3.232644463507399110e-07 3.201632672512740927e-07 3.170997880225901296e-07 3.140733098587078590e-07 3.110833622689568067e-07 3.081294858681300282e-07 3.052110104746909508e-07 3.023275643441156968e-07 2.994784996866351755e-07 2.966634576168587891e-07 2.938818117771637803e-07 2.911332157369466190e-07 2.884170636572949446e-07 2.857330211712561439e-07 2.830805020887480215e-07 2.804591200752495025e-07 2.778684987199118741e-07 2.753080737785137980e-07 2.727775453350019274e-07 2.702763669278005648e-07 2.678042493062621366e-07 2.653606630476116804e-07 2.629453292395903154e-07 2.605577347883877055e-07 2.581976108044880523e-07 2.558644598453509960e-07 2.535580227396692185e-07 2.512778170488535581e-07 2.490235930261259897e-07 2.467948826182384719e-07 2.445914452198724907e-07 2.424128265716556464e-07 2.402587949369924799e-07 2.381289092846056529e-07 2.360229464839646734e-07
3.641204179980023671e-07 3.605421559082379134e-07 3.570084500394197826e-07 3.535184760599036348e-07 3.500716538586355234e-07 3.466674158206811301e-07 3.433049743183472757e-07 3.399838570935378679e-07 3.367033041405540649e-07 3.334628592171598364e-07 3.302617887314003187e-07 3.270995821681092823e-07 3.239757405064762820e-07 3.208895612850236279e-07 3.178406323247031541e-07 3.148282749972437649e-07 3.118520912121352638e-07 3.089114251518926603e-07 3.060058923614805210e-07 3.031348588613770088e-07 3.002978903418143008e-07 2.974945628916251861e-07 2.947242676925490154e-07 2.919866582938055633e-07 2.892811456277741060e-07 2.866073952678751989e-07 2.839648370682854467e-07 2.813531482468212706e-07 2.787717767892685142e-07 2.762204111911225850e-07 2.736985168161019899e-07 2.712057930834404648e-07 2.687417220156126794e-07 2.663060136141113772e-07 2.638981658735880535e-07 2.615178990484730788e-07 2.591647264498360011e-07 2.568383782675517227e-07 2.545383825025052691e-07 2.522644789740337339e-07 2.500162097738133255e-07 2.477933240558694576e-07 2.455953774297342125e-07 2.434221281002561252e-07 2.412731446465818712e-07 2.391481940511149782e-07 2.370468573377558460e-07 2.349689100034987579e-07 2.329139450142667903e-07 2.308817461287098004e-07 2.288719177730018471e-07
3.505021604220858570e-07 3.471182738852511626e-07 3.437757081093912548e-07 3.404739222776059067e-07 3.372121794360610876e-07 3.339900249348779626e-07 3.308067471674431018e-07 3.276619069004899800e-07 3.245548167856453240e-07 3.214849898019212790e-07 3.184519499190784715e-07 3.154550384647576545e-07 3.124938582773664773e-07 3.095677726044355145e-07 3.066763978508387690e-07 3.038191182592602748e-07 3.009955633618393531e-07 2.982051375155691653e-07 2.954474829557371190e-07 2.927220233142384995e-07 2.900283575841594280e-07 2.873660944799251926e-07 2.847346797934292764e-07 2.821337909624187759e-07 2.795628912393718302e-07 2.770216692801021433e-07 2.745096050789983004e-07 2.720263981559868260e-07 2.695715445611679438e-07 2.671447543373130127e-07 2.647455389347387078e-07 2.623736185901445648e-07 2.600285195276178891e-07 2.577099718608630334e-07 2.554175159887889192e-07 2.531508915968329306e-07 2.509096526858017839e-07 2.486935482189204743e-07 2.465021452506033159e-07 2.443352017389252174e-07 2.421922972669454983e-07 2.400731985153302513e-07 2.379774970929220988e-07 2.359049681410892558e-07 2.338552148125246470e-07 2.318280204574909349e-07 2.298229993104288160e-07 2.278399426884575356e-07 2.258784754644523934e-07 2.239383966898598268e-07 2.220193414504765701e-07
3.375856425864633925e-07 3.343831290448150064e-07 3.312189813367837211e-07 3.280927622239610521e-07 3.250038050349355534e-07 3.219516873358483777e-07 3.189357647550611657e-07 3.159555728303677953e-07 3.130106575863812384e-07 3.101004010949306116e-07 3.072244210296690931e-07 3.043821196399100324e-07 3.015731276352778147e-07 2.987968666050420026e-07 2.960529798711836705e-07 2.933409075642825096e-07 2.906603052100755311e-07 2.880106307185507598e-07 2.853915514251780922e-07 2.828025422921915069e-07 2.802432329538094421e-07 2.777132621236132263e-07 2.752121243136517636e-07 2.727395194410021929e-07 2.702949574861868025e-07 2.678781488145212212e-07 2.654886182494531550e-07 2.631260862767971760e-07 2.607900919647473465e-07 2.584803656039791423e-07 2.561964599351696345e-07 2.539381147499637098e-07 2.517048959138068103e-07 2.494965524268147572e-07 2.473126627547353443e-07 2.451529848247206368e-07 2.430171092003815883e-07 2.409048024651935075e-07 2.388156667990692486e-07 2.367494771814930162e-07 2.347058868606648779e-07 2.326845592205747749e-07 2.306852773379278207e-07 2.287076744611551181e-07 2.267515415010542605e-07 2.248165217427051467e-07 2.229024137007447017e-07 2.210088703005034360e-07 2.191356974393945797e-07 2.172825573020454989e-07 2.154492629565072010e-07
3.253249662066436059e-07 3.222917401709362994e-07 3.192942308748973541e-07 3.163319802269899639e-07 3.134045403807613658e-07 3.105113119517470613e-07 3.076519142930718513e-07 3.048257674059708292e-07 3.020325035677897285e-07 2.992715613693754019e-07 2.965425855903442586e-07 2.938450326515420100e-07 2.911785594281080850e-07 2.885426394457650703e-07 2.859369412831642251e-07 2.833609548784181490e-07 2.808143601359796234e-07 2.782966627447495485e-07 2.758075535711196908e-07 2.733465534224254280e-07 2.709133637765572701e-07 2.685075199546267384e-07 2.661287337085822600e-07 2.637765542948856171e-07 2.614507034147064419e-07 2.591507437062850655e-07 2.568764065073655824e-07 2.546272673079594049e-07 2.524030667815449803e-07 2.502033927622316876e-07 2.480279949698247798e-07 2.458764730960299180e-07 2.437485856286479460e-07 2.416439436505598913e-07 2.395623141499456226e-07 2.375033191534868154e-07 2.354667338925041750e-07 2.334521909081677546e-07 2.314594734277600592e-07 2.294882240947629908e-07 2.275382338949723193e-07 2.256091551782613646e-07 2.237007864609344887e-07 2.218127894187539561e-07 2.199449698796681955e-07 2.180969984794558431e-07 2.162686881477136214e-07 2.144597512719814317e-07 2.126699082508738692e-07 2.108989788369865419e-07 2.091466579984605079e-07
3.136776774252214230e-07 3.108026256238336744e-07 3.079609487362695827e-07 3.051520842266789790e-07 3.023756663295173496e-07 2.996311503727222698e-07 2.969181829644210306e-07 2.942362365740371641e-07 2.915849697794967275e-07 2.889638715017781634e-07 2.863726118995495040e-07 2.838106956860617255e-07 2.812778042260291699e-07 2.787734573947173478e-07 2.762973474020772927e-07 2.738490086826355338e-07 2.714281439442115314e-07 2.690343016039017802e-07 2.666671945330289702e-07 2.643263845792677246e-07 2.620115944556724518e-07 2.597223989119211923e-07 2.574585301931971428e-07 2.552195754448205419e-07 2.530052761462737789e-07 2.508152313532274335e-07 2.486491914930217969e-07 2.465067670663686050e-07 2.443877171730533940e-07 2.422916633124791679e-07 2.402183729921237489e-07 2.381674782817272127e-07 2.361387548420226171e-07 2.341318449018074031e-07 2.321465320306264520e-07 2.301824682212595044e-07 2.282394447172808727e-07 2.263171551419428504e-07 2.244153014488852376e-07 2.225336826321545957e-07 2.206719767923184814e-07 2.188299900767769969e-07 2.170074090590058307e-07 2.152040468334229615e-07 2.134195981176652499e-07 2.116538827552913573e-07 2.099066032914378493e-07 2.081775861291237474e-07 2.064665702727884103e-07 2.047733016921850112e-07 2.030976132202579302e-07
3.026047000966253620e-07 2.998776708641036532e-07 2.971817631913381859e-07 2.945164653256320833e-07 2.918814378988127746e-07 2.892761849779606644e-07 2.867003786371157773e-07 2.841535381356006405e-07 2.816353466188087917e-07 2.791453379380430184e-07 2.766832059530567421e-07 2.742484985327293169e-07 2.718409199075901147e-07 2.694600314142102670e-07 2.671055473232665849e-07 2.647770419123906239e-07 2.624742391743152166e-07 2.601967258231580454e-07 2.579442352677199059e-07 2.557163661749683823e-07 2.535128610754854061e-07 2.513333301253205601e-07 2.491775246938612564e-07 2.470450659813258095e-07 2.449357139238767638e-07 2.428491003388885103e-07 2.407849934678380247e-07 2.387430667341249744e-07 2.367230022366563225e-07 2.347245769733052339e-07 2.327474507631659163e-07 2.307914083308056101e-07 2.288561187168016838e-07 2.269413741422486490e-07 2.250468525152243429e-07 2.231723533323856728e-07 2.213175630287122993e-07 2.194822881643566505e-07 2.176662233733123014e-07 2.158691820757805279e-07 2.140908944265653361e-07 2.123310975979698757e-07 2.105896120084196436e-07 2.088661543547278313e-07 2.071605514548862565e-07 2.054725271373437002e-07 2.038019144417677240e-07 2.021484440525812251e-07 2.005119550607734341e-07 1.988922101469112465e-07 1.972889780712711391e-07
