0.000000000000000000e+00 0.000000000000000000e+00 0.000000000000000000e+00 0.000000000000000000e+00 0.000000000000000000e+00 0.000000000000000000e+00 0.000000000000000000e+00 0.000000000000000000e+00 0.000000000000000000e+00 0.000000000000000000e+00 0.000000000000000000e+00 0.000000000000000000e+00 0.000000000000000000e+00 0.000000000000000000e+00 0.000000000000000000e+00 0.000000000000000000e+00 0.000000000000000000e+00 0.000000000000000000e+00 0.000000000000000000e+00 0.000000000000000000e+00 5.964135636737295798e-02 1.007451513942123067e-01 1.200473604435825375e-01 1.255778025276264309e-01 1.227447446135954273e-01 1.151429668964810415e-01 1.051207113638607804e-01 9.417601013926218956e-02 8.323255903730955585e-02 7.283077751874011962e-02 6.325933212243911585e-02 5.464501422462553909e-02 4.701360637534247877e-02 4.033063630285319695e-02 3.452826823443954501e-02 2.952270555596158558e-02 2.522515396156081724e-02 2.154846076556614365e-02 1.841089023230857782e-02 1.573803556435611137e-02 1.346354787642207312e-02 1.152914006323125379e-02 9.884169849569452923e-03 8.485000885266470727e-03 7.294268956900463834e-03 6.280131967584391510e-03 5.415550070769785743e-03 4.677621177131032794e-03 4.046983454802312655e-03 3.507287958000872199e-03 3.044739449437071192e-03
0.000000000000000000e+00 0.000000000000000000e+00 0.000000000000000000e+00 0.000000000000000000e+00 0.000000000000000000e+00 0.000000000000000000e+00 0.000000000000000000e+00 0.000000000000000000e+00 0.000000000000000000e+00 0.000000000000000000e+00 0.000000000000000000e+00 0.000000000000000000e+00 0.000000000000000000e+00 0.000000000000000000e+00 0.000000000000000000e+00 0.000000000000000000e+00 4.740513286989887776e-02 8.710207700040446810e-02 1.084963175647039868e-01 1.169549234140886129e-01 1.169260445232911533e-01 1.116733807064533707e-01 1.034769911741372506e-01 9.387506732909291218e-02 8.386965599422431528e-02 7.408574890635576116e-02 6.488909960499517071e-02 5.647125309660539633e-02 4.890976101789926145e-02 4.221012617718097187e-02 3.633454249704599209e-02 3.122122936943756352e-02 2.679715216448200904e-02 2.298615063865857774e-02 1.971392218073775987e-02 1.691088461007256988e-02 1.451363683812013916e-02 1.246551555645875747e-02 1.071658934213006245e-02 9.223320879365481603e-03 7.948050521505366575e-03 6.858400701095096648e-03 5.926663851050804899e-03 5.129211546084818697e-03 4.445945936597148554e-03 3.859803677175739287e-03 3.356315641471848635e-03 2.923221492015641056e-03 2.550135747840662475e-03 2.228260747496130234e-03 1.950141416002703059e-03
0.000000000000000000e+00 0.000000000000000000e+00 0.000000000000000000e+00 0.000000000000000000e+00 0.000000000000000000e+00 0.000000000000000000e+00 0.000000000000000000e+00 0.000000000000000000e+00 0.000000000000000000e+00 0.000000000000000000e+00 0.000000000000000000e+00 0.000000000000000000e+00 3.924615611492816847e-02 7.614631099383330215e-02 9.829125805674567007e-02 1.087372084684791601e-01 1.109303130203938836e-01 1.077059753533140679e-01 1.011890017421501892e-01 9.289234550199934604e-02 8.385092752385601977e-02 7.474422182387609193e-02 6.599600385868777119e-02 5.785106074473111287e-02 5.043220367329158405e-02 4.378160938033477667e-02 3.789018628978820663e-02 3.271802849513037043e-02 2.820836740053542582e-02 2.429685751464150459e-02 2.091756560524444045e-02 1.800666706410847598e-02 1.550457519135190962e-02 1.335702134771213183e-02 1.151545099538547196e-02 9.936989456511006319e-03 8.584151260074080261e-03 7.424410056457757950e-03 6.429706036098800474e-03 5.575939933106750963e-03 4.842483573646042851e-03 4.211724010828464884e-03 3.668649733028171104e-03 3.200481914770229429e-03 2.796350250345939689e-03 2.447010897430241128e-03 2.144602988207683011e-03 1.882439709384535129e-03 1.654829882991222913e-03 1.456926142710432762e-03 1.284596092324613711e-03
0.000000000000000000e+00 0.000000000000000000e+00 0.000000000000000000e+00 0.000000000000000000e+00 0.000000000000000000e+00 0.000000000000000000e+00 0.000000000000000000e+00 0.000000000000000000e+00 3.411100259295759413e-02 6.765732984542623119e-02 8.958353558345022449e-02 1.012051107492331486e-01 1.050507841238476486e-01 1.034970643636231313e-01 9.846016284892174231e-02 9.137847337447420337e-02 8.328109763317868841e-02 7.487395695242703153e-02 6.661957975071843008e-02 5.880333229554336738e-02 5.158534856738319907e-02 4.503979724338633833e-02 3.918378668451525521e-02 3.399816504192774980e-02 2.944216884219711880e-02 2.546350691113036940e-02 2.200512028799779529e-02 1.900956296252920980e-02 1.642170883761618835e-02 1.419030301894695645e-02 1.226873244862130945e-02 1.061528354630762380e-02 9.193075152934535033e-03 7.969797143747193655e-03 6.917343302856650625e-03 6.011397282670910037e-03 5.231009522414692241e-03 4.558188460863900338e-03 3.977519450657864865e-03 3.475818136758444289e-03 3.041820728362930500e-03 2.665910867885784574e-03 2.339881176945502773e-03 2.056726677901954663e-03 1.810466896960840613e-03 1.595993374632757303e-03 1.408939419975203163e-03 1.245569164342682882e-03 1.102683243752718232e-03 9.775387311625673582e-04 8.677812289637632914e-04
0.000000000000000000e+00 0.000000000000000000e+00 0.000000000000000000e+00 4.403131227255578086e-04 3.111896894695814764e-02 6.128727496659079621e-02 8.236437856359095366e-02 9.451132985365495731e-02 9.949478257006978688e-02 9.925234415371882168e-02 9.546889107841544098e-02 8.947602731908771423e-02 8.226716218530276403e-02 7.455065201306983191e-02 6.680988489123917962e-02 5.935815180095733307e-02 5.238435004881716178e-02 4.598911054525067071e-02 4.021236557857359173e-02 3.505382078855429767e-02 3.048780362099000329e-02 2.647379060645627114e-02 2.296369174349018744e-02 1.990674914131823625e-02 1.725271235181480636e-02 1.495379147200104342e-02 1.296576040728924899e-02 1.124848273069099444e-02 9.766056480249139457e-03 8.486717245526050404e-03 7.382596807306911375e-03 6.429403916537513620e-03 5.606071719203959206e-03 4.894400651309081460e-03 4.278714648556566393e-03 3.745540955305157790e-03 3.283318716205743497e-03 2.882138180586212451e-03 2.533510222984067511e-03 2.230164605043548440e-03 1.965874702493258710e-03 1.735306102775277266e-03 1.533886408147199561e-03 1.357693661339566104e-03 1.203360981604115589e-03 1.067995214971058501e-03 9.491076354580481930e-04 8.445549659776179548e-04 7.524892080715496392e-04 6.713149724920031624e-04 5.996531853758824094e-04
2.962286267208958518e-02 5.666103277614761152e-02 7.652569854879327782e-02 8.870872301966191420e-02 9.439161345941474157e-02 9.512435604186526839e-02 9.236156918983626229e-02 8.731132074024057499e-02 8.091066248528271110e-02 7.385140293629478825e-02 6.662232912700678800e-02 5.955291124143341497e-02 5.285232291308484404e-02 4.664178452901973637e-02 4.098016443861753066e-02 3.588358534391240112e-02 3.134004531370515600e-02 2.732006397784525822e-02 2.378425330731482809e-02 2.068856436047212394e-02 1.798781303094674003e-02 1.563795522989185408e-02 1.359747053487766685e-02 1.182812335875719524e-02 1.029529999646879371e-02 8.968065519468514102e-03 7.819043355714289101e-03 6.824189745440000995e-03 5.962512737008503379e-03 5.215769049575512406e-03 4.568160441403777174e-03 4.006042984904858648e-03 3.517656941902219062e-03 3.092881059181467034e-03 2.723012544710384352e-03 2.400572354039222540e-03 2.119134432519512775e-03 1.873177017896131150e-03 1.657953863122034119e-03 1.469383187154541101e-03 1.303952229432701069e-03 1.158635421710343168e-03 1.030824365138943233e-03 9.182679886764702915e-04 8.190214528379710776e-04 7.314025418878322693e-04 6.539544529974636441e-04 5.854140403894627460e-04 5.245472086304368104e-04 4.705470045018633253e-04 4.226233571110621931e-04
8.980630273205726655e-02 9.121608708970464774e-02 8.925055067855741653e-02 8.498984021844635528e-02 7.930236656705073883e-02 7.284961070154054308e-02 6.611326331115000010e-02 5.942873078355122990e-02 5.301757818614791923e-02 4.701582553582275142e-02 4.149719882547063532e-02 3.649148465630578514e-02 3.199858487938410379e-02 2.799900531259192846e-02 2.446149797588708166e-02 2.134849452808268780e-02 1.861986464178762984e-02 1.623542951715255950e-02 1.415656789882187815e-02 1.234717349423711079e-02 1.077415886607041053e-02 9.407650360014979674e-03 8.220979491124914829e-03 7.190546409881697944e-03 6.295608718556723084e-03 5.518032380037863997e-03 4.842029405037345975e-03 4.253898333025639932e-03 3.741777381828455956e-03 3.295415868400416570e-03 2.905966593568992413e-03 2.565799955715243174e-03 2.268339328638632225e-03 2.007916498009811989e-03 1.779645546209153483e-03 1.579313396840013265e-03 1.403285199251812308e-03 1.248422794736881673e-03 1.112014621379611105e-03 9.917155578018095174e-04 8.854953599942173023e-04 7.915944989718668194e-04 7.084863533762825877e-04 6.348448465637217611e-04 5.695167403451145867e-04 5.113455382052228652e-04 4.596505976647895448e-04 4.136664983701137657e-04 3.727144552661183254e-04 3.362022127841070296e-04 3.036055050384221386e-04
7.751924364464549133e-02 7.161146593277394057e-02 6.533656536051851704e-02 5.902744330468555345e-02 5.291112027178762611e-02 4.713302955092722041e-02 4.177775232130454680e-02 3.688588076684284206e-02 3.246726131920883024e-02 2.851110681305561376e-02 2.499352805990148405e-02 2.188300961536872660e-02 1.914429028814138359e-02 1.674103279392303439e-02 1.463759254195001226e-02 1.280012915132399884e-02 1.119724816119614837e-02 9.800314614631048388e-03 8.583543823254812313e-03 7.523946315494218530e-03 6.601182322770515754e-03 5.797364851111977933e-03 5.096838276038104069e-03 4.485950531080687073e-03 3.952830560702091586e-03 3.487178162726330306e-03 3.080070175342371121e-03 2.723784801908407660e-03 2.411644434625638544e-03 2.137876426868897794e-03 1.897490718768238445e-03 1.686172928012089154e-03 1.500191395465632141e-03 1.336316664082711284e-03 1.191751928038539471e-03 1.064073088010075588e-03 9.511771682786798266e-04 8.512379786419859394e-04 7.626680305150893534e-04 6.840858368824794065e-04 6.142878370068166486e-04 5.521795101571117317e-04 4.968025825304031107e-04 4.474882318746234064e-04 4.035225973613590172e-04 3.642752745436541998e-04 3.292079548801901982e-04 2.978422202584841798e-04 2.697524102660490541e-04 2.445758610568243884e-04 2.219825769766507187e-04
5.256456118654808524e-02 4.701721571770234309e-02 4.183894624409485730e-02 3.707835703169871933e-02 3.275322350528234866e-02 2.886006786866860893e-02 2.538143534514871250e-02 2.229129032794177970e-02 1.955892090310160092e-02 1.715168837236950503e-02 1.503690116433199601e-02 1.318303795416046927e-02 1.156049660917759549e-02 1.014200496628201928e-02 8.902796338233369411e-03 7.820626311982719833e-03 6.875686868647958028e-03 6.050458111688949633e-03 5.329526001059137381e-03 4.699385640608346251e-03 4.148243170595015787e-03 3.665824620885461353e-03 3.243196740533807725e-03 2.872602489418243921e-03 2.547312290145664800e-03 2.261491089941650937e-03 2.010080619464541321e-03 1.788695844337449868e-03 1.593534401688229520e-03 1.421297736989475709e-03 1.269122662045484105e-03 1.134522111914041623e-03 1.015333965133650941e-03 9.096768929787521366e-04 8.159123096720354278e-04 7.326116001629932872e-04 6.585279013381315242e-04 5.925718041802499137e-04 5.337089517681802529e-04 4.811590436209891913e-04 4.342630288376296576e-04 3.923547704437482190e-04 3.548701496891916202e-04 3.213076619644974368e-04 2.912210537554707599e-04 2.642232900990790440e-04 2.399783380859529358e-04 2.181846267145169898e-04 1.985712288326274143e-04 1.809075798049924913e-04 1.649768505498595481e-04
3.286609997416545942e-02 2.905215417782731555e-02 2.562882251908168638e-02 2.257488380559654825e-02 1.986375887152958680e-02 1.746627262091040092e-02 1.535258005927079422e-02 1.349346042954023203e-02 1.186114305877306388e-02 1.042979317773761599e-02 9.175756376038894657e-03 8.077636288943805531e-03 7.116260986673684716e-03 6.274578621324647387e-03 5.537511442480410988e-03 4.891788642048118009e-03 4.325772043049264104e-03 3.829283913232370100e-03 3.393442760935074052e-03 3.010510537193651637e-03 2.673752973241497535e-03 2.377313631750603909e-03 2.116101494883389916e-03 1.885691440275352520e-03 1.682236683731463088e-03 1.502392132882573832e-03 1.343247554215001903e-03 1.202269474265695026e-03 1.077250791289366579e-03 9.662671502338916621e-04 8.676392203784950938e-04 7.799001041518656635e-04 7.017671927421417506e-04 6.321178662803408291e-04 5.699685120493236390e-04 5.143426094090400389e-04 4.646272463513481297e-04 4.201564592704385543e-04 3.803362585957534249e-04 3.446390773196349525e-04 3.126116359773722930e-04 2.838490253810319378e-04 2.579892026346240048e-04 2.347172713714928592e-04 2.137590940375476032e-04 1.948675008729451054e-04 1.778154768949212895e-04 1.624211431520616790e-04 1.485004008958095551e-04 1.359077202941316839e-04 1.245065324829508025e-04
2.006069577323101039e-02 1.768541229522444316e-02 1.558430637222492886e-02 1.373038150632772264e-02 1.209768663687420774e-02 1.066185534610049855e-02 9.400403254980463710e-03 8.292855034281390245e-03 7.320754918582843968e-03 6.467600707179940039e-03 5.718730406258877227e-03 5.061182363416951921e-03 4.483543471959128453e-03 3.975795349953709090e-03 3.529164970194344133e-03 3.135983740919264049e-03 2.789557281025069769e-03 2.484046915067554019e-03 2.214363091180884466e-03 1.976070391002147236e-03 1.765303472963763391e-03 1.578693107750343090e-03 1.413301382093466512e-03 1.266565131367757479e-03 1.136246688836953884e-03 1.020391092958216261e-03 9.172889620736469213e-04 8.254443200319248365e-04 7.435467314363330363e-04 6.704471778963814500e-04 6.051371748263446480e-04 5.466837135861035745e-04 4.943071572317356971e-04 4.474019899317397114e-04 4.053548964371081064e-04 3.676208035383265690e-04 3.337298930935641661e-04 3.032623169499628550e-04 2.758425767311444422e-04 2.511432262070456664e-04 2.288784246100754392e-04 2.087865678517309722e-04 1.906433455512407762e-04 1.742420021569554035e-04 1.594023821001473425e-04 1.459675167065554112e-04 1.337941768387164269e-04 1.227484893536625969e-04 1.127231708027289598e-04 1.036135563281227149e-04 9.533175922745340709e-05
1.226980081062724846e-02 1.083741678855730181e-02 9.575645067645363953e-03 8.464977217191416159e-03 7.487731032388804386e-03 6.628016883165496059e-03 5.871652822089217655e-03 5.206049229952700898e-03 4.620077773540383001e-03 4.103934921337930482e-03 3.649006896157698174e-03 3.247740478463838690e-03 2.893522299175604797e-03 2.580568007331602437e-03 2.303821833839168887e-03 2.058866495051418603e-03 1.841843010610343893e-03 1.649379789473092014e-03 1.478530221866445173e-03 1.326717970231239361e-03 1.191689155018437873e-03 1.071470664179525545e-03 9.643338660778260447e-04 8.687630657816891675e-04 7.834281084669666041e-04 7.071605971190653194e-04 6.389332524670781168e-04 5.778419996870418594e-04 5.230074085038057896e-04 4.738234229290950723e-04 4.296777060895283170e-04 3.900266447133499494e-04 3.543656892872612606e-04 3.222774996138185691e-04 2.933699813105114496e-04 2.673048106718629185e-04 2.437859082440654033e-04 2.225426409536524017e-04 2.033419916074911634e-04 1.859695822279320665e-04 1.702380652559808952e-04 1.559836813499679558e-04 1.430541079848319489e-04 1.313194073215195521e-04 1.206548764962006928e-04 1.109629062389154793e-04 1.021400366416879286e-04 9.410661681271850580e-05 8.678373889688424246e-05 8.010307824995722926e-05 7.400329892397369792e-05
7.616442096934765947e-03 6.754927967513320308e-03 5.995281815274371325e-03 5.325336953697625171e-03 4.734299726750286659e-03 4.212629015046670360e-03 3.751914705108461926e-03 3.344759795421928944e-03 2.984669056293891114e-03 2.665945901705809706e-03 2.383598248283135598e-03 2.133253533333631484e-03 1.911082666501716159e-03 1.713732441205070237e-03 1.538265789760868930e-03 1.382109197891892615e-03 1.243006576420853816e-03 1.118978903115793594e-03 1.008288983394379579e-03 9.094107261223687575e-04 8.210023839417656798e-04 7.418832623074477200e-04 6.710134550024503567e-04 6.074762146725534110e-04 5.504276397891449827e-04 4.991460424371533004e-04 4.530694516724559557e-04 4.116269973518747586e-04 3.743236258220909544e-04 3.407122080828965216e-04 3.104051480179708528e-04 2.830504584469267109e-04 2.583433971283889468e-04 2.360056430387460450e-04 2.157966708225738457e-04 1.974954887566755183e-04 1.809084501028603888e-04 1.658658048918871207e-04 1.522100184870851618e-04 1.398032342423595345e-04 1.285248591718153219e-04 1.182616346310131310e-04 1.089172250858131346e-04 1.003979292697302923e-04 9.262918654113698567e-05 8.553714248346230267e-05 7.905989328908739748e-05 7.313746397945076777e-05 6.771802682780622999e-05 6.275491653808392908e-05 5.820608749237078856e-05
4.825536129523364318e-03 4.301156645205479745e-03 3.837142879591578810e-03 3.426289551075993763e-03 3.062252360343841254e-03 2.739452433726566674e-03 2.452988483296803315e-03 2.198557036831748444e-03 1.972380677856441257e-03 1.771143969398232456e-03 1.591936574054695665e-03 1.432202996697803541e-03 1.289698341611435683e-03 1.162449476125102096e-03 1.048721015516165030e-03 9.469855802504221608e-04 8.558978202776135148e-04 7.742717477946530098e-04 7.010609667563654857e-04 6.353414326010073040e-04 5.762964180486307734e-04 5.231330541386794951e-04 4.752923147682629841e-04 4.322229627997548084e-04 3.934028756734283530e-04 3.583950495833872142e-04 3.267872509042685941e-04 2.982365938062802517e-04 2.724159854247267627e-04 2.490520648246032998e-04 2.278943282074061283e-04 2.087162516636240344e-04 1.913188494445586111e-04 1.755272415662029965e-04 1.611793984191165559e-04 1.481357927546686363e-04 1.362637158594081754e-04 1.254542836092621010e-04 1.156049209772959315e-04 1.066189860935881742e-04 9.841870408387237343e-05 9.092760647305480563e-05 8.408115329765315988e-05 7.781514543715755588e-05 7.207968840507224403e-05 6.682404517265979802e-05 6.200619591928010989e-05 5.758280772144447617e-05 5.352178676027673075e-05 4.978899915013632337e-05 4.635525804745270842e-05
3.125763251610889394e-03 2.800566660645942459e-03 2.511470074222693118e-03 2.254261000250007939e-03 2.025233470315831400e-03 1.821127583441971461e-03 1.639075625228974317e-03 1.476554286163420581e-03 1.331342455665215528e-03 1.201484056796575097e-03 1.085255398413769237e-03 9.811365481969145860e-04 8.877862652184259976e-04 8.040200701511647334e-04 7.287910718983942569e-04 6.611732093852729347e-04 6.003466052505843260e-04 5.455512050265705045e-04 4.961456713921897016e-04 4.516108442843286687e-04 4.114329875265028327e-04 3.751522248923558388e-04 3.423676482242692348e-04 3.127152494903574407e-04 2.858779289677202675e-04 2.615663524109336827e-04 2.395287955829930680e-04 2.195343807353273419e-04 2.013797897402082445e-04 1.848858740102961057e-04 1.698869151651295024e-04 1.562370921057487704e-04 1.438080895085329532e-04 1.324800253593039906e-04 1.221476083311601798e-04 1.127184095681443740e-04 1.041050609319186566e-04 9.623105933101536863e-05 8.902752266713519864e-05 8.243431428573897140e-05 7.639346941917535001e-05 7.085454632539439808e-05 6.577201121581994602e-05 6.110643073549702807e-05 5.681721589483933410e-05 5.287409936889055968e-05 4.924498358574797620e-05 4.590386472973369790e-05 4.282272519019403924e-05 3.998196085060700105e-05 3.735813598128514157e-05
2.069278713633055343e-03 1.863320684927092597e-03 1.679325024555025940e-03 1.514813567619001985e-03 1.367600599849891395e-03 1.235757474445964158e-03 1.117581442152860635e-03 1.011568247159275050e-03 9.163880693709726931e-04 8.308644266681213583e-04 7.539556858560303356e-04 6.847388661714345470e-04 6.223954530997702480e-04 5.661967850788224114e-04 5.154346373457199815e-04 4.696228514560499777e-04 4.282452889335546030e-04 3.908394250747099989e-04 3.570010005191327166e-04 3.263629043429250526e-04 2.986044153059387845e-04 2.734329465406746640e-04 2.505931636713181615e-04 2.298509948755331960e-04 2.109998301307958537e-04 1.938571918293594963e-04 1.782544660887944903e-04 1.640429106515453410e-04 1.510912973546678600e-04 1.392772503648848179e-04 1.284929865219343358e-04 1.186436066186393222e-04 1.096396621966802602e-04 1.014025770421191411e-04 9.386152808367360662e-05 8.695444686605379846e-05 8.062180076601142809e-05 7.481155911204023443e-05 6.947671491353417145e-05 6.457636199997354883e-05 6.006884141269329879e-05 5.592249912626651967e-05 5.210423906655997265e-05 4.858551092820419416e-05 4.534183044920914678e-05 4.234687612378610006e-05 3.958209809998789201e-05 3.702673141287988844e-05 3.466317936317799995e-05 3.247543746751943409e-05 3.045016548499214241e-05
1.398220687850997230e-03 1.265020647185804243e-03 1.145455515017282377e-03 1.038044325899611887e-03 9.414754908914264604e-04 8.545866075534296101e-04 7.763467264246870286e-04 7.058407824047085175e-04 6.422559295869013744e-04 5.848695466744036758e-04 5.329929515144191587e-04 4.861021438290246744e-04 4.436935380954851031e-04 4.053192200225020757e-04 3.705628794463449111e-04 3.390598639293731977e-04 3.104875029834616002e-04 2.845514921276399837e-04 2.609914668098328359e-04 2.395769513362088637e-04 2.200987457647092158e-04 2.023644328514534539e-04 1.862108785359159393e-04 1.714868756726801644e-04 1.580543808186851544e-04 1.457914379873866617e-04 1.345882869961553222e-04 1.243460795569778998e-04 1.149776231796084826e-04 1.064006249956444693e-04 9.854439285053062691e-05 9.133998764507362199e-05 8.473178110469902749e-05 7.866464133669541134e-05 7.309028567700633593e-05 6.796653450266798937e-05 6.325223877766195980e-05 5.891015523856630182e-05 5.491206287166308143e-05 5.122424538320884520e-05 4.782138330670631651e-05 4.468048263616052832e-05 4.177689259246255622e-05 3.909310233189324392e-05 3.660959065209976829e-05 3.431093317667488501e-05 3.217965567470266753e-05 3.020317729677531949e-05 2.837005069129618331e-05 2.666767613552996734e-05 2.508560715133807055e-05
9.628746023278118241e-04 8.750160792269593563e-04 7.957983083099295744e-04 7.243186492487800089e-04 6.597739637652850261e-04 6.014490987098734939e-04 5.486838391021141856e-04 5.009075555003843867e-04 4.576548656978908069e-04 4.184652927851248926e-04 3.829342172285513123e-04 3.506969952088945198e-04 3.214219181473658730e-04 2.948258897488765422e-04 2.706393576480400714e-04 2.486334640606775834e-04 2.285978438845673484e-04 2.103390853846669271e-04 1.936923544538587895e-04 1.785050207309091762e-04 1.646377232923026815e-04 1.519670392556373730e-04 1.403817585061144951e-04 1.297816123031347456e-04 1.200779140145586695e-04 1.111871533077152821e-04 1.030372467537219030e-04 9.555823565628323332e-05 8.869310614723877094e-05 8.238571983591382205e-05 7.658672991731664016e-05 7.125286143999979248e-05 6.634211353536202964e-05 6.181643574704722896e-05 5.764520930741031285e-05 5.379808349115659046e-05 5.024501650728866364e-05 4.696353951259082282e-05 4.392851296774838725e-05 4.112166007742877952e-05 3.852297156328621133e-05 3.611532084559302276e-05 3.388417900569557064e-05 3.181313790925934513e-05 2.989134307332718540e-05 2.810485667232134186e-05 2.644490267464367730e-05 2.490055326711286467e-05 2.346276443819933567e-05 2.212419995147897871e-05 2.087539590160014097e-05
6.748298017640483272e-04 6.158207710949061301e-04 5.623864500204895202e-04 5.139372218020711851e-04 4.700206497245644358e-04 4.301841244674355579e-04 3.940259087870013233e-04 3.611836439695514586e-04 3.313275415545204332e-04 3.041749340583158739e-04 2.794572937583947162e-04 2.569478766482602146e-04 2.364292597511417340e-04 2.177169693380140859e-04 2.006386839395504198e-04 1.850413250683070085e-04 1.707888793190479189e-04 1.577549965097334490e-04 1.458275459009312689e-04 1.349070229199775489e-04 1.249002077344133301e-04 1.157245168770172530e-04 1.073052752238909900e-04 9.957642066889711978e-05 9.247521952802264362e-05 8.594630004350380266e-05 7.993948212092630637e-05 7.441058010087434700e-05 6.931564804822139140e-05 6.461982512122549458e-05 6.028777282738059611e-05 5.628858004679618548e-05 5.259530366204815739e-05 4.918003891513030745e-05 4.602180929851333504e-05 4.309827602950640088e-05 4.039014322482366147e-05 3.787981979510835178e-05 3.555126017283538240e-05 3.339081152911127590e-05 3.138311320086589116e-05 2.951790804251862733e-05 2.778304834523006615e-05 2.616833002087533050e-05 2.466441524213818637e-05 2.326275424084103965e-05 2.195551451641437681e-05 2.073636756438475780e-05 1.959702312291191945e-05 1.853312025651803122e-05 1.753746515818654740e-05
4.807085368247900167e-04 4.403921121757312768e-04 4.037570933712465292e-04 3.704450720167733039e-04 3.401321322774088500e-04 3.125300503474727097e-04 2.873821655191765244e-04 2.644532804486597892e-04 2.435360845868351836e-04 2.244378630038236695e-04 2.069947853395299293e-04 1.910478269095341076e-04 1.764626785224631018e-04 1.631128325853612024e-04 1.508857601953087640e-04 1.396813716614525970e-04 1.294060288606400477e-04 1.199765707844882416e-04 1.113177182050130177e-04 1.033626971246024741e-04 9.604824704831630593e-05 8.931836917804520444e-05 8.312226683444023955e-05 7.741507067562297727e-05 7.215240411871572807e-05 6.729867700369865781e-05 6.281807831902885483e-05 5.867916631102454108e-05 5.485442058841463454e-05 5.131559111351508229e-05 4.804110280125173328e-05 4.500824665383141980e-05 4.219731009688721047e-05 3.959030766029616387e-05 3.717082107370913644e-05 3.492478608441995522e-05 3.283663007617147614e-05 3.089566541850131411e-05 2.908950967635151344e-05 2.740768202748780066e-05 2.584058470229435344e-05 2.437942391374326180e-05 2.301613821391411730e-05 2.174413187353608525e-05 2.055501864942229666e-05 1.944414523958566335e-05 1.840499610494010770e-05 1.743158010090151529e-05 1.652055093283181023e-05 1.566670816314887148e-05 1.486595713872950268e-05
3.477760215746888116e-04 3.198381722004576383e-04 2.943579720239508321e-04 2.711026677755954068e-04 2.498665808768380132e-04 2.304604785929371307e-04 2.127155666221810181e-04 1.964794856464656425e-04 1.816163028478775306e-04 1.679999005376953873e-04 1.555194084801153869e-04 1.440714766589546673e-04 1.335626309563650561e-04 1.239138080518354225e-04 1.150451621980017682e-04 1.068909387122511206e-04 9.938763331186570716e-05 9.247887046823222157e-05 8.611345680796370951e-05 8.024488342549723806e-05 7.483200534945462132e-05 6.983518724094705610e-05 6.521945675839074016e-05 6.095297573928450401e-05 5.700776224136160054e-05 5.335534139399762552e-05 4.997362764009909765e-05 4.683963635622239927e-05 4.393331878497334117e-05 4.123636779676533671e-05 3.873205811700202963e-05 3.640596936234518255e-05 3.424237886701974248e-05 3.223020903213269609e-05 3.035689054339403797e-05 2.861170542523261271e-05 2.698483175948526610e-05 2.546726411655181565e-05 2.405074139177216104e-05 2.272842404696700768e-05 2.149186004598276301e-05 2.033611931986281093e-05 1.925388405543323604e-05 1.824116808582709051e-05 1.729228069065861265e-05 1.640264386120866917e-05 1.556804022813071633e-05 1.478458258756579124e-05 1.404868614550267074e-05 1.335766702113672524e-05 1.270721854685363579e-05
2.553813649852699802e-04 2.357406052460657929e-04 2.177656957017784121e-04 2.013022655966007477e-04 1.862170543740775835e-04 1.723848858862398891e-04 1.596953881062365287e-04 1.480457533974354986e-04 1.373428831683249176e-04 1.275075945161957514e-04 1.184603887626026501e-04 1.101353203809547727e-04 1.024688946753829954e-04 9.540460533754260744e-05 8.889108716297480859e-05 8.288271560078996577e-05 7.733479621859671259e-05 7.221078124790243158e-05 6.747435787218060465e-05 6.309440204229579301e-05 5.903968423973430472e-05 5.528543547990584218e-05 5.180543594898253019e-05 4.857928219052219416e-05 4.558574450408327955e-05 4.280626889204600219e-05 4.022471973093197069e-05 3.782391119223319116e-05 3.559127599220148988e-05 3.351221492311911058e-05 3.157638666161187159e-05 2.977208254083625247e-05 2.808929413159426194e-05 2.651883849421200322e-05 2.505299422974905646e-05 2.368259655834101341e-05 2.240192872094064425e-05 2.120308483494103683e-05 2.008139617683830366e-05 1.903064909191857319e-05 1.804511449078217825e-05 1.712138106820886268e-05 1.625447481994754463e-05 1.544101168979454189e-05 1.467609276269117103e-05 1.395693328606019099e-05 1.328039405943264207e-05 1.264414182875579934e-05 1.204435541072597422e-05 1.147967245251343832e-05 1.094723063735054040e-05
1.902357880836723467e-04 1.762408710654004532e-04 1.633879609716832769e-04 1.515793677787191207e-04 1.407226098720096362e-04 1.307349990213672311e-04 1.215426170242146227e-04 1.130759888924864090e-04 1.052731039118432480e-04 9.807756347317704267e-05 9.143804845231873701e-05 8.530885237236822080e-05 7.964539130675426615e-05 7.441088830324896566e-05 6.956899935043375414e-05 6.508840874767996053e-05 6.093787621354582103e-05 5.709235140875300958e-05 5.352557530052196987e-05 5.021685760568575502e-05 4.714485874218648565e-05 4.429164082128710708e-05 4.163848202314792167e-05 3.917049663815985662e-05 3.687406026829980409e-05 3.473523726840504946e-05 3.274125476907346991e-05 3.088247600897702682e-05 2.914801962446338324e-05 2.752923218330718429e-05 2.601619600586961554e-05 2.460171904222695116e-05 2.327920099176292482e-05 2.204070033099805371e-05 2.088135154117174097e-05 1.979487393391287810e-05 1.877607000027251011e-05 1.782014838096525209e-05 1.692268989074542388e-05 1.607961653902394576e-05 1.528716326909499177e-05 1.454185216990528942e-05 1.384100744621291383e-05 1.318057677898344834e-05 1.255887153307999391e-05 1.197230786638251507e-05 1.141955170802169892e-05 1.089790273120087147e-05 1.040486223349095111e-05 9.939517837923965234e-06 9.499639557004340928e-06
1.436812599541438182e-04 1.335796721031752413e-04 1.242724861881801073e-04 1.156942371766067038e-04 1.077822241075021065e-04 1.004803860842561183e-04 9.373862695810473858e-05 8.750846492150385933e-05 8.174938929016045707e-05 7.642175107205358272e-05 7.149025462636751161e-05 6.692267901779951446e-05 6.269042510882680025e-05 5.876493618100889666e-05 5.512326919860745039e-05 5.174212372195900186e-05 4.860093870224876678e-05 4.568089239299454577e-05 4.296546787934473030e-05 4.043742256454381403e-05 3.808370106690125615e-05 3.589031263157448808e-05 3.384442343908870035e-05 3.193618557186835824e-05 3.015466032466321066e-05 2.849104072971413208e-05 2.693539949490385502e-05 2.548039554287920850e-05 2.411928612948795579e-05 2.284412362165067671e-05 2.164986359697511248e-05 2.053018131199979877e-05 1.947979451328929069e-05 1.849383066357789397e-05 1.756779293669594467e-05 1.669752918479567712e-05 1.587920360825106640e-05 1.510927088202559517e-05 1.438495568087611548e-05 1.370221590405389920e-05 1.305923551067553980e-05 1.245244293879381482e-05 1.188038615567662651e-05 1.134034855492611388e-05 1.082981367712128708e-05 1.034776464416781027e-05 9.891959661164696668e-06 9.460741833174141004e-06 9.052571136753487325e-06 8.666015445473328503e-06 8.300134340729650278e-06
1.099837824423695564e-04 1.026009214529799858e-04 9.577902884824150969e-05 8.947012762086760460e-05 8.363386970051493719e-05 7.823090686011533704e-05 7.322611988137768578e-05 6.858820811803031112e-05 6.428625135141742292e-05 6.029497649361532680e-05 5.658905939481442799e-05 5.314604029503030858e-05 4.994535125736494085e-05 4.696814843444773173e-05 4.419715980743973261e-05 4.161720357697545214e-05 3.921243207573078826e-05 3.697080748635328854e-05 3.487943377562374020e-05 3.292706700257913566e-05 3.110337293272384966e-05 2.939884901989683563e-05 2.780532392721097438e-05 2.631360662602176794e-05 2.491686469088328073e-05 2.360882174234706869e-05 2.238262531693306751e-05 2.123247889871275186e-05 2.015252084514955455e-05 1.913885160348708855e-05 1.818638886087123595e-05 1.729141270870006774e-05 1.644904208821601434e-05 1.565617437055698865e-05 1.490947823028981164e-05 1.420633402208830975e-05 1.354295579356347662e-05 1.291761278030994374e-05 1.232738940214059922e-05 1.176958574121195452e-05 1.124295423003587773e-05 1.074509806884390657e-05 1.027419706645148039e-05 9.828559455229562235e-06 9.406612047022851298e-06 9.006891194868024261e-06 8.628034483817823927e-06 8.269133646270904458e-06 7.928279540203409746e-06 7.604736815135033611e-06 7.297812007857888383e-06
8.529015384207801133e-05 7.982987908541780636e-05 7.476834764414055240e-05 7.007445619774211936e-05 6.571760638208874153e-05 6.167257755995729984e-05 5.791423082888276318e-05 5.442020431009463738e-05 5.117000218227307936e-05 4.814483085621534917e-05 4.532745010340525282e-05 4.270265135617879723e-05 4.025527304386049098e-05 3.797139708176196823e-05 3.583994151532879493e-05 3.384904221538045010e-05 3.198833492464980138e-05 3.024882327025529139e-05 2.862064019756505574e-05 2.709624659315630786e-05 2.566870718795806743e-05 2.433011856374372192e-05 2.307516698052176449e-05 2.189749335153976339e-05 2.079170401453980549e-05 1.975281726427019499e-05 1.877622970932702078e-05 1.785768552023701011e-05 1.699324830961854835e-05 1.617971874050289370e-05 1.541283524862477490e-05 1.468992064144791819e-05 1.400850620530702844e-05 1.336546953402889060e-05 1.275792003105775218e-05 1.218436549592798267e-05 1.164224810593574738e-05 1.112957643505862092e-05 1.064449953832470682e-05 1.018529620197993729e-05 9.750365068912654053e-06 9.338215564315151246e-06 8.947459555401866547e-06 8.576803676040455120e-06 8.225042269277650560e-06 7.891376034136076312e-06 7.574101149982284494e-06 7.272875598698492233e-06 6.986165538104466535e-06 6.713719750387925473e-06 6.454151722985144177e-06
6.697760586738914213e-05 6.289115979970552313e-05 5.909236052575865701e-05 5.555836269038630869e-05 5.226942081402476386e-05 4.920564723141211563e-05 4.635051118392241625e-05 4.368883390371319824e-05 4.120500586453949507e-05 3.888685009868626222e-05 3.672157019665823688e-05 3.469791556204493063e-05 3.280553022937441297e-05 3.103538078645198161e-05 2.937767006105538461e-05 2.782480920284947928e-05 2.636981222982052222e-05 2.500529578699426831e-05 2.372444760636058142e-05 2.252232614411843161e-05 2.139304212868573280e-05 2.033158610242424583e-05 1.933332603861614516e-05 1.839397691150717896e-05 1.750999134082938035e-05 1.667685727847740109e-05 1.589159508250361294e-05 1.515145260781724898e-05 1.445270411631741779e-05 1.379342871941100202e-05 1.317071038537230299e-05 1.258184354242792544e-05 1.202540679910005056e-05 1.149900397853731722e-05 1.100075950706052342e-05 1.052892837002208077e-05 1.008188624547906824e-05 9.658120431493570345e-06 9.256221500234136906e-06 8.874875619539191642e-06 8.513170688572393153e-06 8.169332896295687952e-06 7.842612571512992014e-06 7.532305978845658374e-06 7.236892394631021178e-06 6.956076314979754154e-06 6.688751428822497587e-06 6.433898381153329359e-06 6.191330835005015770e-06 5.960113214718313357e-06 5.739381481407247199e-06
5.323811414081984348e-05 5.014520298116718851e-05 4.726159555363552143e-05 4.457059484900631046e-05 4.205890434855088893e-05 3.971277857780459915e-05 3.752006194188756605e-05 3.546956171296920395e-05 3.355096736038124748e-05 3.175477692855233725e-05 3.007269049392336693e-05 2.849570380595854474e-05 2.701727011360301967e-05 2.562961492362386966e-05 2.432726232559113288e-05 2.310389568017630693e-05 2.195408754045842325e-05 2.087281837692977709e-05 1.985544381537858466e-05 1.889766464081812962e-05 1.799588833335292545e-05 1.714564550973110592e-05 1.634390883264197578e-05 1.558788044306469190e-05 1.487387110749753818e-05 1.419988708582575446e-05 1.356302059086625206e-05 1.296057117074643452e-05 1.239104908492139502e-05 1.185206452604613350e-05 1.134172344887284682e-05 1.085826272378079864e-05 1.040004031593358889e-05 9.965526248574909269e-06 9.553294284664264088e-06 9.162313298137876732e-06 8.790740245338502049e-06 8.437719719626956608e-06 8.102449519056482147e-06 7.783355866895552352e-06 7.480042932345118332e-06 7.191091640808845122e-06 6.916198004222194441e-06 6.654077148260590601e-06 6.404503749993909509e-06 6.166544778503403296e-06 5.939564006130808928e-06 5.722745071650377290e-06 5.515974514136515330e-06 5.318499557014078501e-06 5.129826601368035639e-06
4.281232483689074655e-05 4.044520066554599792e-05 3.823150822703332068e-05 3.616015131365081747e-05 3.422134144888019350e-05 3.240475787720953365e-05 3.070214286603338728e-05 2.910588170926764961e-05 2.760771361118604772e-05 2.620161512941218500e-05 2.488083412794058995e-05 2.363951582708081236e-05 2.247224424205973101e-05 2.137400708699784750e-05 2.034016362616398438e-05 1.936641521559105664e-05 1.844877830114401618e-05 1.758391655071242968e-05 1.676768949793279578e-05 1.599762227593396686e-05 1.527007367076125150e-05 1.458298461204571315e-05 1.393313669801155140e-05 1.331882775377903870e-05 1.273752071323196302e-05 1.218716785858398861e-05 1.166586286213588414e-05 1.117183020522817088e-05 1.070341543858904638e-05 1.025907621457672956e-05 9.837374026836897823e-06 9.437245951346714693e-06 9.056876930572314342e-06 8.695379598256144143e-06 8.351922668584449441e-06 8.024956925729316283e-06 7.714041236838214743e-06 7.417778923461269828e-06 7.135823936827567223e-06 6.866911915598157280e-06 6.610778505392791773e-06 6.366496298638782979e-06 6.133419972689143925e-06 5.910736390491946658e-06 5.698299059050129328e-06 5.495359646094615574e-06 5.301416697527413194e-06 5.115998878596801810e-06 4.938662971117421925e-06 4.768992014828316520e-06 4.606593582202894760e-06
3.481365043019860641e-05 3.298185310773342417e-05 3.126437757075367191e-05 2.965247258355603184e-05 2.813955812936546418e-05 2.671806826819747189e-05 2.538246821365969241e-05 2.412655714421657778e-05 2.294494873632815928e-05 2.183265478342090102e-05 2.078505376352257649e-05 1.979820225299738272e-05 1.886744528538527275e-05 1.798944104534787707e-05 1.716109541595076896e-05 1.637858030756068331e-05 1.563958959973520534e-05 1.494074828816489846e-05 1.428013457066746929e-05 1.365506163912208731e-05 1.306332429143426030e-05 1.250286937390843939e-05 1.197178443305783123e-05 1.146828726685375683e-05 1.099071630075176537e-05 1.053752172021379654e-05 1.010725729738841901e-05 9.698572854870057613e-06 9.310463520125647030e-06 8.941236016052977079e-06 8.590047659929550162e-06 8.256110100785878263e-06 7.937973563824041068e-06 7.635211051280763189e-06 7.346736246473769968e-06 7.071542286454702796e-06 6.809326326196704094e-06 6.559169418968128639e-06 6.320217849757574321e-06 6.092267795203031528e-06 5.874536195085227973e-06 5.666482675323408003e-06 5.467599338876014918e-06 5.277408607028668739e-06 5.095461216036914210e-06 4.921334357325188454e-06 4.754629949983149745e-06 4.594973035862211528e-06 4.442010287760637848e-06 4.295556011504402820e-06 4.154997836569531627e-06
2.861010391798050206e-05 2.717786322118121567e-05 2.583071914851905700e-05 2.456359216050638182e-05 2.337079660200302823e-05 2.224738441096302458e-05 2.118908857245367568e-05 2.019101087885826986e-05 1.924952693360009094e-05 1.836127752028615616e-05 1.752224664976105302e-05 1.672987555801360861e-05 1.598063168290428336e-05 1.527236829176405501e-05 1.460224695386921600e-05 1.396762449337152529e-05 1.336685888807156055e-05 1.279761441947419613e-05 1.225797860988609218e-05 1.174616823876844063e-05 1.126051986665501129e-05 1.079948109773076162e-05 1.036185093926013723e-05 9.945776050441277772e-06 9.550242615785541487e-06 9.174301736418225833e-06 8.816377413986988310e-06 8.475670323788764743e-06 8.151433610029560763e-06 7.842528315881547202e-06 7.547897716687259614e-06 7.267166434466286196e-06 6.999373035357039607e-06 6.743623443427765747e-06 6.499652334477714611e-06 6.266642306869686213e-06 6.044012995522947011e-06 5.831218924523586429e-06 5.627747189951083638e-06 5.433115309197738219e-06 5.246869223944680135e-06 5.068581445172515606e-06 4.897849329540768321e-06 4.734293476945770923e-06 4.577556240475482463e-06 4.427300340136665287e-06 4.283342955636082143e-06 4.145110030269701737e-06 4.012456504213189612e-06 3.885237599104312319e-06 3.762951615275385808e-06
2.374837702853705321e-05 2.261679200509533158e-05 2.155021090375930595e-05 2.054382520205374623e-05 1.959402269252832969e-05 1.869745383972084036e-05 1.785017338893848141e-05 1.704960304149257138e-05 1.629227116352527431e-05 1.557600725802121510e-05 1.489800717795969893e-05 1.425591674225415236e-05 1.364728801365470925e-05 1.307058985206161051e-05 1.252365623279112337e-05 1.200470840605781404e-05 1.151232540934555306e-05 1.104447569140693231e-05 1.059995349987123705e-05 1.017740538186016799e-05 9.775788430019571781e-06 9.393472198787212183e-06 9.029573387511383476e-06 8.683266488553873075e-06 8.353156064723902936e-06 8.038747995972393335e-06 7.738978251634419974e-06 7.452857238696906026e-06 7.180021076066942370e-06 6.919569081041261267e-06 6.670840005596309397e-06 6.433039528790561572e-06 6.205934939496795790e-06 5.988798840399562567e-06 5.781114782770885591e-06 5.582396745968013456e-06 5.392187153450577589e-06 5.210055028939922198e-06 5.035594282179038119e-06 4.868561804269338055e-06 4.708313984060401282e-06 4.554653363551548158e-06 4.407258513826951376e-06 4.265825950821275730e-06 4.130190283806618757e-06 3.999835751587419043e-06 3.874743110605303547e-06 3.754442114011293583e-06 3.638818883548633186e-06 3.527760583642230310e-06 3.420852426428229096e-06
1.989988166571132188e-05 1.899724732489414759e-05 1.814383055977290002e-05 1.733704207627624703e-05 1.657348073809255531e-05 1.585095947636183162e-05 1.516671643470906578e-05 1.451841586828476078e-05 1.390388020651127540e-05 1.332107847395817508e-05 1.276811561004714699e-05 1.224322261481696076e-05 1.174474745358169103e-05 1.127114665968308837e-05 1.082097757876992247e-05 1.039289120346236946e-05 9.985834005572497466e-06 9.598206719088604074e-06 9.229313103000848386e-06 8.877717205894232358e-06 8.542840946887613298e-06 8.223389918127359840e-06 7.918888418325422247e-06 7.628344281591347045e-06 7.350832554812158192e-06 7.086000640054677878e-06 6.833006411967465061e-06 6.591226931599875574e-06 6.360076441203581701e-06 6.139003915214028200e-06 5.927490785390345317e-06 5.725048827093320600e-06 5.531218194564879722e-06 5.345565593941114727e-06 5.167682583780467713e-06 4.997183993623443403e-06 4.833706451813943380e-06 4.676907014531399980e-06 4.526582910732430283e-06 4.382183831789395376e-06 4.243544385201448653e-06 4.110501934642682327e-06 3.982575115240544902e-06 3.859632182078130663e-06 3.741543516038811024e-06 3.627885295611155178e-06 3.518648963451399020e-06 3.413445792506302819e-06 3.312276424249769326e-06 3.214783316982218297e-06 3.120975181747330738e-06
1.682347209540842832e-05 1.609643452530279346e-05 1.540758492790336799e-05 1.475439094866974336e-05 1.413514438023205488e-05 1.354760775774610789e-05 1.298990306989773035e-05 1.246048516060363286e-05 1.195729474687357478e-05 1.147901117472536662e-05 1.102420147546786691e-05 1.059172002360369823e-05 1.017992062096470232e-05 9.787824664647445109e-06 9.414517426127968605e-06 9.058594538083836209e-06 8.719454839330398210e-06 8.395832214346219964e-06 8.087228383213916887e-06 7.792665386182461441e-06 7.511393159664229738e-06 7.242548730942247138e-06 6.985790648966966092e-06 6.740332985501486049e-06 6.505589742088165409e-06 6.281009417026019418e-06 6.066072762224116781e-06 5.860290697821154458e-06 5.663202372705628390e-06 5.474373360025524044e-06 5.293393977814755560e-06 5.119877725288318451e-06 4.953459826562397529e-06 4.793913309524238707e-06 4.640675664550121762e-06 4.493559408947095260e-06 4.352381266038565887e-06 4.216650004751802002e-06 4.086214994044719016e-06 3.960928921081344640e-06 3.840360051807445736e-06 3.724480788302854787e-06 3.612895583520803638e-06 3.505587714468745974e-06 3.402193798205319052e-06 3.302706656996013924e-06 3.206791519586426944e-06 3.114449618195664594e-06 3.025446600928622897e-06 2.939566286924090583e-06 2.856818299871637459e-06
1.434119440130720480e-05 1.375027584144442486e-05 1.318910444058203580e-05 1.265594577633710414e-05 1.214917822991722422e-05 1.166747340897756728e-05 1.120903385605580566e-05 1.077272091153040562e-05 1.035746932899112093e-05 9.961754459585876739e-06 9.584835765355282194e-06 9.225343838483835801e-06 8.882656525124875784e-06 8.555539109782601655e-06 8.243472418267334227e-06 7.945495207818307169e-06 7.660860569849850394e-06 7.388718820407667810e-06 7.128708871738492161e-06 6.880057657320128080e-06 6.642180523787225097e-06 6.414526980774072272e-06 6.196578496013282344e-06 5.987846444157720074e-06 5.787870198136347518e-06 5.596215352385143010e-06 5.412472068328844617e-06 5.236253533068181128e-06 5.067307599064688644e-06 4.905060925682508104e-06 4.749302955228122301e-06 4.599725548294567684e-06 4.456138855849141649e-06 4.318062447279118576e-06 4.185338794663105977e-06 4.057814551861808890e-06 3.935067228496248593e-06 3.817058347465172754e-06 3.703400656573524135e-06 3.594067368116432543e-06 3.488702571675114754e-06 3.387289761783682267e-06 3.289576202555890028e-06 3.195328637458288174e-06 3.104541295313573361e-06 3.016993524092481906e-06 2.932481152325260342e-06 2.851007354258977459e-06 2.772378493839035831e-06 2.696475706178807070e-06 2.623185865721668691e-06
1.232034259815160890e-05 1.183590429891922701e-05 1.137501463411559022e-05 1.093601728849317902e-05 1.051785398982470387e-05 1.011953510896359329e-05 9.739650945773408353e-06 9.377509150784574379e-06 9.031993941562620488e-06 8.702062946385463654e-06 8.387178068866553237e-06 8.086397013694919653e-06 7.798837467399610923e-06 7.524086711444681562e-06 7.261343736894308910e-06 7.009990712858032506e-06 6.769445867343169026e-06 6.539161164779587259e-06 6.318620144984995308e-06 6.107335911877503571e-06 5.904849260735583059e-06 5.710726933958166624e-06 5.524559995937441274e-06 5.345962318304821785e-06 5.174675108823122584e-06 5.010139861551241598e-06 4.852138788008039383e-06 4.700363777801661760e-06 4.554618837177869316e-06 4.414435644066999197e-06 4.279739665874471808e-06 4.150103202803114130e-06 4.025382826216671655e-06 3.905439586279611654e-06 3.789895630696999218e-06 3.678714013380967404e-06 3.571622491990449375e-06 3.468369611527592358e-06 3.368931911231084434e-06 3.273003970483870159e-06 3.180571592120802948e-06 3.091417296681709284e-06 3.005402135153149772e-06 2.922333651621001093e-06 2.842208984456286966e-06 2.764845790284366814e-06 2.690130163210490782e-06 2.617953628862825127e-06 2.548160874368441295e-06 2.480759138581894943e-06 2.415600733013011925e-06
1.066107280657327541e-05 1.026066687353200390e-05 9.878939407796720769e-06 9.514589065032985968e-06 9.166968768476199236e-06 8.835045081533372897e-06 8.517850576438384101e-06 8.214881158609202563e-06 7.925261390600983510e-06 7.648299890182614719e-06 7.383345823167835334e-06 7.129786283539419608e-06 6.887043856252804751e-06 6.654574348967826946e-06 6.431864680393818632e-06 6.218430913797198029e-06 6.013816424920386204e-06 5.817590194680229083e-06 5.629345217544877296e-06 5.448697017198019050e-06 5.275282261880903302e-06 5.108854351385724846e-06 4.948893064081978810e-06 4.795189689108164867e-06 4.647542591073377610e-06 4.505496662944692735e-06 4.368881709193039909e-06 4.237533323392094461e-06 4.111050883846495223e-06 3.989374156627955640e-06 3.872135635327819053e-06 3.759288260427478394e-06 3.650494017498440171e-06 3.545717481967605953e-06 3.444714109835578589e-06 3.347257230522033375e-06 3.253324169646115197e-06 3.162701172367427891e-06 3.075248837633242071e-06 2.990777570178700206e-06 2.909277193480150364e-06 2.830568353362054415e-06 2.754536623370715431e-06 2.681072999028021159e-06 2.610024364637105436e-06 2.541391833305934589e-06 2.475030026761863668e-06 2.410848904495005856e-06 2.348762560575450459e-06 2.288689009310590935e-06 2.230549983218812979e-06
9.287609801335647077e-06 8.954087694092773822e-06 8.635501523557347964e-06 8.330948070891597287e-06 8.039701382409625567e-06 7.760959131259532567e-06 7.494318276320992654e-06 7.239050372575206350e-06 6.994583776736851254e-06 6.760379473037186517e-06 6.535929015835494958e-06 6.320752612384203294e-06 6.114397335790977610e-06 5.916435458626452326e-06 5.726560633609557276e-06 5.544193757126484373e-06 5.369073362564023689e-06 5.200857976321473212e-06 5.039312789076771563e-06 4.883954155179196583e-06 4.734582230320034959e-06 4.591004480455058195e-06 4.452796642220931872e-06 4.319872235097160718e-06 4.191842908989667837e-06 4.068637846620418345e-06 3.949900671279400248e-06 3.835574389716863802e-06 3.725331118283951013e-06 3.619126095208338452e-06 3.516719732791164918e-06 3.417889470351185840e-06 3.322604216997110040e-06 3.230654429870104020e-06 3.141845019570316253e-06 3.056156364131185667e-06 2.973404305080739216e-06 2.893468449932039606e-06 2.816234109391525511e-06 2.741544008933166355e-06 2.669391546671945148e-06 2.599627709522509737e-06 2.532157757335483969e-06 2.466891299815757880e-06 2.403742071174370836e-06 2.342627717676569139e-06 2.283469597280790118e-06 2.226192590656478463e-06 2.170724922848589171e-06 2.116997994925616793e-06 2.064946225044969604e-06
8.141843226685892992e-06 7.862104574514987079e-06 7.594290979634573223e-06 7.337803779235000522e-06 7.092078415061322204e-06 6.856582288567370454e-06 6.630812761727308359e-06 6.414295293090768384e-06 6.206581699384732320e-06 6.007248533542856250e-06 5.815895570979938667e-06 5.632144396368551174e-06 5.455723783846998752e-06 5.286120332458313165e-06 5.123101587850096727e-06 4.966444138581050437e-06 4.815699140620705916e-06 4.670675409425788290e-06 4.531189227521263983e-06 4.396845815263354243e-06 4.267558770881924522e-06 4.142966078525527147e-06 4.022996514446414440e-06 3.907317265747297467e-06 3.795870544387778701e-06 3.688410522002740118e-06 3.584708535911428100e-06 3.484722075446244057e-06 3.388236320088696687e-06 3.295051027947546457e-06 3.205136504867704670e-06 3.118304138389343187e-06 3.034427585265647871e-06 2.953386484084780860e-06 2.875019672184590714e-06 2.799312308861083317e-06 2.726112024842941388e-06 2.655319384881059345e-06 2.586839517325358527e-06 2.520581877891329662e-06 2.456460026923316896e-06 2.394391419357134291e-06 2.334297206561001846e-06 2.276102049321330658e-06 2.219733941324435947e-06 2.165124042466423350e-06 2.112206521385975251e-06 2.060918406702769362e-06 2.011199446388171283e-06 1.962991974819582294e-06 1.916270196658970949e-06
7.179155703676256443e-06 6.942810798668759868e-06 6.716144471231461088e-06 6.498688486262006012e-06 6.290000402291316969e-06 6.089661997141049205e-06 5.897362328909582303e-06 5.712556916011463047e-06 5.534977685532771649e-06 5.364289522012180691e-06 5.200252053453476483e-06 5.042409727086900943e-06 4.890555686342567865e-06 4.744491527288265141e-06 4.603817067350899541e-06 4.468429612705285073e-06 4.337962454906807403e-06 4.212329462762623395e-06 4.091193768671224641e-06 3.974483911448507755e-06 3.861948291012746341e-06 3.753352547350621934e-06 3.648642158567711478e-06 3.547597433738355691e-06 3.450013330275992845e-06 3.355849541053519511e-06 3.264913355058422111e-06 3.177072523717784614e-06 3.092154749399376756e-06 3.010134173647746389e-06 2.930848345899745390e-06 2.854188126719909867e-06 2.780049413166486924e-06 2.708332876875193626e-06 2.638943717154889638e-06 2.571791428208962519e-06 2.506789579580470273e-06 2.443855608991279188e-06 2.382910626851058778e-06 2.323879231690520361e-06 2.266689335851938750e-06 2.211272000846383673e-06 2.157561281769808470e-06 2.105494080226340034e-06 2.055010005287006097e-06 2.006051241960702435e-06 1.958562426767594011e-06 1.912517503255560822e-06 1.867811165869242666e-06 1.824422280979442395e-06 1.782304173231661673e-06
6.364633622997203637e-06 6.163730344871795024e-06 5.970657383461486796e-06 5.785127541104781101e-06 5.606791478392828519e-06 5.435391746757811581e-06 5.270467192327720624e-06 5.111795121421116304e-06 4.959162294333418117e-06 4.812164114277403621e-06 4.670681046272709121e-06 4.534342599512822533e-06 4.403047201949353298e-06 4.276454771013730395e-06 4.154479655809474012e-06 4.036808911759414027e-06 3.923371029601602014e-06 3.813930861838365742e-06 3.708268817765866434e-06 3.606329861142811342e-06 3.507908178947020241e-06 3.412858800343538793e-06 3.320997758862511805e-06 3.232286900575129732e-06 3.146553253037560210e-06 3.063677297988999173e-06 2.983545061142129358e-06 2.906047822650576618e-06 2.831043073221107735e-06 2.758510546208418245e-06 2.688315668790316292e-06 2.620368165025594760e-06 2.554581795765298287e-06 2.490874154886589595e-06 2.429166476899360857e-06 2.369383455241248898e-06 2.311453070613375555e-06 2.255306428754434726e-06 2.200906844945673129e-06 2.148132053670855112e-06 2.096951618555178044e-06 2.047307691127222994e-06 1.999144859908426574e-06 1.952410034118945358e-06 1.907052333551311418e-06 1.863047152125039363e-06 1.820298942382401429e-06 1.778787491493646420e-06 1.738469770339644318e-06 1.699326161178759005e-06 1.661273362204691671e-06
5.671140762627459200e-06 5.499177739461203977e-06 5.333727260176738993e-06 5.174561225157912172e-06 5.021271559862001244e-06 4.873721511233193488e-06 4.731537666616459124e-06 4.594602636220171658e-06 4.462573914910620856e-06 4.335351288109320123e-06 4.212619838857156983e-06 4.094294616865023794e-06 3.980085352382630651e-06 3.869920690947245715e-06 3.763581151501805798e-06 3.660861260443754252e-06 3.561705635755565601e-06 3.465921730423259801e-06 3.373372535766894493e-06 3.283927468599215802e-06 3.197421371947941038e-06 3.113818191044452046e-06 3.032962577811047705e-06 2.954746457153775150e-06 2.879066669813231884e-06 2.805824720337447533e-06 2.734926539357145604e-06 2.666282259228439186e-06 2.599806002253158706e-06 2.535415680697126778e-06 2.473032807903616417e-06 2.412582319820868433e-06 2.353992406324330626e-06 2.297194351746911693e-06 2.242122384071219782e-06 2.188713532263858244e-06 2.136907491287660005e-06 2.086671755379579178e-06 2.037899923993314521e-06 1.990564770309615474e-06 1.944615440213587491e-06 1.900003170924913264e-06 1.856703213546602489e-06 1.814626282492791490e-06 1.773751745457622508e-06 1.734038278123396165e-06 1.695466042846371166e-06 1.657956993757224164e-06 1.621494674837044322e-06 1.586062228255931361e-06 1.551589067652034676e-06
5.076883468163600394e-06 4.928960973327651338e-06 4.786376388880178123e-06 4.649007799018271242e-06 4.516523426273888037e-06 4.388818624754237973e-06 4.265588152606392246e-06 4.146742736696121804e-06 4.032048654632583890e-06 3.921286953932718424e-06 3.814386645140625261e-06 3.711143119443705248e-06 3.611406998513410419e-06 3.514994804611313433e-06 3.421854560925865592e-06 3.331814266449208562e-06 3.244750546579409721e-06 3.160545698603915883e-06 3.079051356182987097e-06 3.000233505493135357e-06 2.923952538267998547e-06 2.850110669718710514e-06 2.778614476642515950e-06 2.709374677975466217e-06 2.642305927528682916e-06 2.577326618210788462e-06 2.514358697025209403e-06 2.453327490186271293e-06 2.394161537780934741e-06 2.336792437384283391e-06 2.281180545353943637e-06 2.227210856323332836e-06 2.174849748865662969e-06 2.124039646614172095e-06 2.074725365882838531e-06 2.026854003039950451e-06 1.980396748732714609e-06 1.935260705904229266e-06 1.891421534364145590e-06 1.848834436246690687e-06 1.807476080323613918e-06 1.767265552047347216e-06 1.728183192877394889e-06 1.690209009698325405e-06 1.653270016111173695e-06 1.617349391886969784e-06 1.582430083264023398e-06 1.548445954427570704e-06 1.515382695837881752e-06 1.483225850824879656e-06 1.451915209375063044e-06
4.564839899384815435e-06 4.436856680895098057e-06 4.313322886745647412e-06 4.194145163935658675e-06 4.079095876895823223e-06 3.967961405003654555e-06 3.860666882353981083e-06 3.757012836311001872e-06 3.656851756019549940e-06 3.560004401379656669e-06 3.466415243243072081e-06 3.375916384369857230e-06 3.288385802880057589e-06 3.203707042749133993e-06 3.121768927999940982e-06 3.042465293097954573e-06 2.965694728501846455e-06 2.891329307050079411e-06 2.819339372865653210e-06 2.749604434715169500e-06 2.682039837712514683e-06 2.616564608102191149e-06 2.553128336692544770e-06 2.491602078497592593e-06 2.431942629842044676e-06 2.374082027328533145e-06 2.317955177501345685e-06 2.263499719723805693e-06 2.210655896335397902e-06 2.159366429649848027e-06 2.109598131677473244e-06 2.061254475831091567e-06 2.014307112210900505e-06 1.968707575626920367e-06 1.924409355614620131e-06 1.881386915501094706e-06 1.839558882369642277e-06 1.798903510447720091e-06 1.759398816769589133e-06 1.720971463426467799e-06 1.683602745020021496e-06 1.647273805239624183e-06 1.611918253741966993e-06 1.577520071424247886e-06 1.544063161900814089e-06 1.511487149051649235e-06 1.479792649178256938e-06 1.448923247559651350e-06 1.418880022082382462e-06 1.389610163024382819e-06 1.361115196334198165e-06
4.121235112358591319e-06 4.009898484799951825e-06 3.902373811582745198e-06 3.798467053559780731e-06 3.698032826970606864e-06 3.600932486799306462e-06 3.506998904083651589e-06 3.416176755560841336e-06 3.328309521010803573e-06 3.243282198538856892e-06 3.160984958907509576e-06 3.081312883470998048e-06 3.004165716767600855e-06 2.929447632865213507e-06 2.857067014659678280e-06 2.786936245295861016e-06 2.718971511043332752e-06 2.653092614901681133e-06 2.589222800320676337e-06 2.527288584427564040e-06 2.467219600212492844e-06 2.408948447139123904e-06 2.352410549694417686e-06 2.297544023416724275e-06 2.244289547972082260e-06 2.192611255963132621e-06 2.142412181779391916e-06 2.093661433625064289e-06 2.046308804796594637e-06 2.000324877837237081e-06 1.955625560112936951e-06 1.912185527916827402e-06 1.869962126207906917e-06 1.828931336770465545e-06 1.789019652146996715e-06 1.750206431259085909e-06 1.712470972737305824e-06 1.675746793452363154e-06 1.640016117959968367e-06 1.605261170249747530e-06 1.571421552543566602e-06 1.538495765535463268e-06 1.506427404711181121e-06 1.475215551777260784e-06 1.444807437631851743e-06 1.415190394542337523e-06 1.386351884346770975e-06 1.358243467403092810e-06 1.330866091412539099e-06 1.304174221581199621e-06 1.278169286586438252e-06
3.734917730671139528e-06 3.637669366207592070e-06 3.543568299658886320e-06 3.452556097109113590e-06 3.364480577124076659e-06 3.279228385681001183e-06 3.196691225844762121e-06 3.116765603608143200e-06 3.039352587845390685e-06 2.964357583484694193e-06 2.891690117175447446e-06 2.821263634633880493e-06 2.752995309020558309e-06 2.686805859687435445e-06 2.622619380663082050e-06 2.560363178335328617e-06 2.499967617779775510e-06 2.441365977224088252e-06 2.384494310201041685e-06 2.329311925394837459e-06 2.275718411464187666e-06 2.223678434198727377e-06 2.173137907476700369e-06 2.124044931866629425e-06 2.076367730938793907e-06 2.030022117672762819e-06 1.984980519121706572e-06 1.941198829730310145e-06 1.898650964877405776e-06 1.857263420222057801e-06 1.817013582308694024e-06 1.777878875042626805e-06 1.739792875367089617e-06 1.702736017184756855e-06 1.666688816603896743e-06 1.631590990085762197e-06 1.597438840073707341e-06 1.564176096776924766e-06 1.531787324544699003e-06 1.500257242617085700e-06 1.469534410780140810e-06 1.439617351174931040e-06 1.410457828565077915e-06 1.382054964872245067e-06 1.354363448535597858e-06 1.327382973398259384e-06 1.301070896302696764e-06 1.275427457117990280e-06 1.250412449055162890e-06 1.226026634099200310e-06 1.202241376772486490e-06
3.396874585976695121e-06 3.311518996525426244e-06 3.228859089797263250e-06 3.148792961597873139e-06 3.071223163610044333e-06 2.996056483697985856e-06 2.923203738172542336e-06 2.852579575334871654e-06 2.784102289590353477e-06 2.717693645561333782e-06 2.653278711578523115e-06 2.590785702024168232e-06 2.530145828005533178e-06 2.471293155887144833e-06 2.414164473223257013e-06 2.358718474510811541e-06 2.304858019744897735e-06 2.252547027060368514e-06 2.201731961088993757e-06 2.152361434511066645e-06 2.104403067019795933e-06 2.057775303132274679e-06 2.012449869479623882e-06 1.968398598889587744e-06 1.925548151553278847e-06 1.883873919601594585e-06 1.843337074482686822e-06 1.803914480298094621e-06 1.765541674393450460e-06 1.728211810603691488e-06 1.691864845507910293e-06 1.656482255549286303e-06 1.622045712585537047e-06 1.588500538619875396e-06 1.555842532461620794e-06 1.524020541482394172e-06 1.493031107919074597e-06 1.462826294666112513e-06 1.433403347476288614e-06 1.404717263999206988e-06 1.376765956414575677e-06 1.349507102313344686e-06 1.322939245972657066e-06 1.297022513295750514e-06 1.271756049021150163e-06 1.247102216460391717e-06 1.223060731798574774e-06 1.199604543783251139e-06 1.176708292378962863e-06 1.154372111800128353e-06 1.132563537533928639e-06
3.099759473231478228e-06 3.024524372604073310e-06 2.951586086952970900e-06 2.880860597050438613e-06 2.812267443401058994e-06 2.745729555904026390e-06 2.681173092542639441e-06 2.618527286562512977e-06 2.557724301676023395e-06 2.498699094821533229e-06 2.441389286040316998e-06 2.385753040864978189e-06 2.331696599119953523e-06 2.279183210773957723e-06 2.228159975304295611e-06 2.178576098348897209e-06 2.130398659190317581e-06 2.083548836166065209e-06 2.037997714148523605e-06 1.993716598906813074e-06 1.950634548839573523e-06 1.908726345512544503e-06 1.867967008976412482e-06 1.828292434158113956e-06 1.789680661409390119e-06 1.752109984306191113e-06 1.715522236639144073e-06 1.679910168435598168e-06 1.645219480539078321e-06 1.611432657292114268e-06 1.578532466867655697e-06 1.546469298704584821e-06 1.515238562323804846e-06 1.484793743138154695e-06 1.455131016893838202e-06 1.426206696705826986e-06 1.398017681778249504e-06 1.370522869223613837e-06 1.343719842272845115e-06 1.317569860293641369e-06 1.292071154314967778e-06 1.267195562923089848e-06 1.242916674612768324e-06 1.219233246325589951e-06 1.196111975337528653e-06 1.173552200070428576e-06 1.151529849730193299e-06 1.130022273595947596e-06 1.109029280913200627e-06 1.088528942644721875e-06 1.068500579283528081e-06
2.837477871671439445e-06 2.770898909857970025e-06 2.706286195560625945e-06 2.643570083584357003e-06 2.582683789123598435e-06 2.523563254884049741e-06 2.466147025052833890e-06 2.410392828308953641e-06 2.356210359827258519e-06 2.303562288869798496e-06 2.252396428501523111e-06 2.202662653138314174e-06 2.154327571738991802e-06 2.107315171305533472e-06 2.061595961046826890e-06 2.017140779181536037e-06 1.973881155316694817e-06 1.931791316343928541e-06 1.890845819663033087e-06 1.850982746656307839e-06 1.812179602973585920e-06 1.774414225923886938e-06 1.737630395007235282e-06 1.701819599032631524e-06 1.666929326129217366e-06 1.632941566272988845e-06 1.599838652601299734e-06 1.567572580627353565e-06 1.536137644411200793e-06 1.505488813810735678e-06 1.475621208161046549e-06 1.446492515957239446e-06 1.418098633720255240e-06 1.390399736063977621e-06 1.363392452477731329e-06 1.337047498989385094e-06 1.311337396315839070e-06 1.286259420912912885e-06 1.261779447571501407e-06 1.237895402360137323e-06 1.214582319410436494e-06 1.191816696537724857e-06 1.169597029305215736e-06 1.147900607874662137e-06 1.126706010172663366e-06 1.106012268341785745e-06 1.085798664589821301e-06 1.066045615817911553e-06 1.046752660087903902e-06 1.027900840884974533e-06 1.009472202687059333e-06
2.605015405819846495e-06 2.545875155014102918e-06 2.488425726693658689e-06 2.432609094895687756e-06 2.378384701212918089e-06 2.325668481656568631e-06 2.274424451619817266e-06 2.224603224862634126e-06 2.176171015787178224e-06 2.129054668751867064e-06 2.083224189848894928e-06 2.038637396764921547e-06 1.995266193847795548e-06 1.953046461412947258e-06 1.911964967833395870e-06 1.871962030740224574e-06 1.833014674017353311e-06 1.795100326217398515e-06 1.758164762045424290e-06 1.722198251365734756e-06 1.687150118321359874e-06 1.653001899077484137e-06 1.619735528094192659e-06 1.587304654923123373e-06 1.555702487005893665e-06 1.524885525624454828e-06 1.494847858269247455e-06 1.465548594772145361e-06 1.436982649672327552e-06 1.409119605158811535e-06 1.381930898708555887e-06 1.355412226140529397e-06 1.329528655374408057e-06 1.304276607165637614e-06 1.279623053253611700e-06 1.255565099200745136e-06 1.232078372247189972e-06 1.209139891000281600e-06 1.186747395242163844e-06 1.164878701265290069e-06 1.143512850687999933e-06 1.122648176180051794e-06 1.102264428960135080e-06 1.082342440893130809e-06 1.062881099672010068e-06 1.043861869011441862e-06 1.025272638431492356e-06 1.007096401279695182e-06 9.893325536211267476e-07 9.719646335888679994e-07 9.549819975650474043e-07
2.398199997525899950e-06 2.345494661042410769e-06 2.294235581692271338e-06 2.244388106960645801e-06 2.195905532785704975e-06 2.148755398013180959e-06 2.102869470573034113e-06 2.058218805587237748e-06 2.014774957525613448e-06 1.972476279527063492e-06 1.931297390190348735e-06 1.891213383887366904e-06 1.852168350089247406e-06 1.814150197437710630e-06 1.777106727247529968e-06 1.741017453244994785e-06 1.705862341747798510e-06 1.671593746105434199e-06 1.638202834101504566e-06 1.605644941903423954e-06 1.573912229894229281e-06 1.542962763382295415e-06 1.512789632774967408e-06 1.483353401733409308e-06 1.454648033232473993e-06 1.426643923094416657e-06 1.399313221932274411e-06 1.372650756345935762e-06 1.346622797570321424e-06 1.321224932280763647e-06 1.296425260231907596e-06 1.272220084975592306e-06 1.248585653788179344e-06 1.225499532965256252e-06 1.202958721231239610e-06 1.180941586327619289e-06 1.159427658757860946e-06 1.138414583178069238e-06 1.117882603627335280e-06 1.097812990561567599e-06 1.078203989919325169e-06 1.059037508054906633e-06 1.040301503555866289e-06 1.021979347821148319e-06 1.004069857166432737e-06 9.865569517379965321e-07 9.694300394671219433e-07 9.526742866736957046e-07 9.362890389001478218e-07 9.202599368830251135e-07 9.045776415184185579e-07
2.213554199362070431e-06 2.166401472352197109e-06 2.120526138358485536e-06 2.075864619183161962e-06 2.032389008641990998e-06 1.990071956717322272e-06 1.948855897701355656e-06 1.908726230818438493e-06 1.869629261636132979e-06 1.831542383412482033e-06 1.794443503675939778e-06 1.758283704247667704e-06 1.723051991248616965e-06 1.688702557990799729e-06 1.655225525293600041e-06 1.622577933999131723e-06 1.590750946681099634e-06 1.559704211666831557e-06 1.529429866308585585e-06 1.499889947810301667e-06 1.471077506871888196e-06 1.442956770194998507e-06 1.415521645554744215e-06 1.388745104306990858e-06 1.362601648011511318e-06 1.337086058709923206e-06 1.312167585007169873e-06 1.287841754480676195e-06 1.264085455761340704e-06 1.240876824731527350e-06 1.218212140764236358e-06 1.196070343306204491e-06 1.174431472415274163e-06 1.153292502683197237e-06 1.132634190193947149e-06 1.112438263503271322e-06 1.092702341469872740e-06 1.073408791325042312e-06 1.054545657088731729e-06 1.036096706197061192e-06 1.018060186338625387e-06 1.000420416580827996e-06 9.831668707770259489e-07 9.662893488623454728e-07 9.497738116582493884e-07 9.336191130766784286e-07 9.178116759807066302e-07 9.023424941939644168e-07 8.872028343769554566e-07 8.723804682827827807e-07 8.578748040575518134e-07
2.048129266022702172e-06 2.005821518823841872e-06 1.964625347811359671e-06 1.924487048736578986e-06 1.885392013720491221e-06 1.847290077710120005e-06 1.810167970421538133e-06 1.773978764204870294e-06 1.738710434840006937e-06 1.704319018088272363e-06 1.670785924802431930e-06 1.638093085796140290e-06 1.606207542898362308e-06 1.575098260679738015e-06 1.544756475681192149e-06 1.515145706423709914e-06 1.486258138537571833e-06 1.458059382681878360e-06 1.430542514157688058e-06 1.403675063206774154e-06 1.377450940471878307e-06 1.351845455395309167e-06 1.326835251436041781e-06 1.302415113087296161e-06 1.278562586291620466e-06 1.255256393607408567e-06 1.232492123146707555e-06 1.210249301465487466e-06 1.188508494476099679e-06 1.167266030627203381e-06 1.146503192860387362e-06 1.126202183354068762e-06 1.106360014170447924e-06 1.086959527624357056e-06 1.067988868814097599e-06 1.049432215686734644e-06 1.031287263527831588e-06 1.013538743682522792e-06 9.961762097134332759e-07 9.791855320276121231e-07 9.625650294314595149e-07 9.463010516644423404e-07 9.303843723436377473e-07 9.148060439665005022e-07 8.995573882960223888e-07 8.846264695016638958e-07 8.700122549332558359e-07 8.557031989448074159e-07 8.416916116057720059e-07 8.279700294269238435e-07 8.145312077509538011e-07
1.899448727868073265e-06 1.861382469803996598e-06 1.824270666220930489e-06 1.788100070036970784e-06 1.752826816039537007e-06 1.718438886906894205e-06 1.684895130749871779e-06 1.652184677170841503e-06 1.620268862173145701e-06 1.589137886315351381e-06 1.558755367909357623e-06 1.529112508852155966e-06 1.500175022012534472e-06 1.471935046878582290e-06 1.444366209185891566e-06 1.417443557618556296e-06 1.391160245011671280e-06 1.365486781618141249e-06 1.340417129131065110e-06 1.315928720111645263e-06 1.292000149836708343e-06 1.268626244530591529e-06 1.245786430376554327e-06 1.223461161211211531e-06 1.201646057340093000e-06 1.180322313969229623e-06 1.159476590323560731e-06 1.139091573922943040e-06 1.119163695396284928e-06 1.099676282517934783e-06 1.080617596338551193e-06 1.061972236427680313e-06 1.043737366550750856e-06 1.025898140294350114e-06 1.008444204086204872e-06 9.913617976074441309e-07 9.746487498342059806e-07 9.582917807819855137e-07 9.422817381505539613e-07 9.266097444054983174e-07 9.112671873677997514e-07 8.962424331581047033e-07 8.815340209751150267e-07 8.671307083493381295e-07 8.530248576114533788e-07 8.392090545097398399e-07 8.256761007506828503e-07 8.124190068197485989e-07 7.994281167360882019e-07 7.867026451243901595e-07 7.742332466336961992e-07
1.765418251756472734e-06 1.731056053367097482e-06 1.697544526614383701e-06 1.664845185792973226e-06 1.632947183640913428e-06 1.601814313003107125e-06 1.571436779822144165e-06 1.541786417199939973e-06 1.512836572169587688e-06 1.484578622204956457e-06 1.456981553628231297e-06 1.430037646055359158e-06 1.403722875332673963e-06 1.378014452995991624e-06 1.352905652435691685e-06 1.328374613172774797e-06 1.304400566495012932e-06 1.280977694480291265e-06 1.258086056210568048e-06 1.235706676773619071e-06 1.213834570748804831e-06 1.192451502471627796e-06 1.171540092016449469e-06 1.151096118468772575e-06 1.131102862795899120e-06 1.111548344373259361e-06 1.092417107226475883e-06 1.073705721609150401e-06 1.055399303678232410e-06 1.037487283077195140e-06 1.019955855535545721e-06 1.002802305800197058e-06 9.860133258709827152e-07 9.695795687358715182e-07 9.534919672688017089e-07 9.377417246697081731e-07 9.223171761493076518e-07 9.072163842914617133e-07 8.924280888452890692e-07 8.779444859895978060e-07 8.637579996104558981e-07 8.498612737179686579e-07 8.362471651474435811e-07 8.229087365306725163e-07 8.098365811058491443e-07 7.970295545591073977e-07 7.844785614620172069e-07 7.721774225197735512e-07 7.601201327837428660e-07 7.483008560347427822e-07 7.367139193684426685e-07
1.644231779540479701e-06 1.613142184676457015e-06 1.582794556290350252e-06 1.553162159852853191e-06 1.524235454266688134e-06 1.495983643390235503e-06 1.468398128976306671e-06 1.441454843306241664e-06 1.415130932648575231e-06 1.389418858509918278e-06 1.364296721664389216e-06 1.339743696153377091e-06 1.315753210358250742e-06 1.292305290162408427e-06 1.269380911690362740e-06 1.246974387162486999e-06 1.225067453791837868e-06 1.203642691111653095e-06 1.182695221140208356e-06 1.162208304170633640e-06 1.142169732533349698e-06 1.122564018057337968e-06 1.103387132086714582e-06 1.084624176051547872e-06 1.066264375343627193e-06 1.048293902090744855e-06 1.030709491507981914e-06 1.013497827393475572e-06 9.966493787808799796e-07 9.801548993115221300e-07 9.640054175415380866e-07 9.481892542723792891e-07 9.327039906816304433e-07 9.175383648217514925e-07 9.026844153114876396e-07 8.881344124537330136e-07 8.738808505415311393e-07 8.599164404510789689e-07 8.462315045174157710e-07 8.328244261017897264e-07 8.196858588741949774e-07 8.068093114150940528e-07 7.941884757448916463e-07 7.818172214056943443e-07 7.696895897565588668e-07 7.577997884743577682e-07 7.461421862527178633e-07 7.347113076897170870e-07 7.235018283582761965e-07 7.125085700509108290e-07 7.017264961931075961e-07
1.534369989134543091e-06 1.506163541888519207e-06 1.478611727693413353e-06 1.451691662889745899e-06 1.425394999106405453e-06 1.399699832340952301e-06 1.374585311008247890e-06 1.350044111018626911e-06 1.326056255484992561e-06 1.302602699925441068e-06 1.279677054739627252e-06 1.257261057336453655e-06 1.235337272198630020e-06 1.213900164209663627e-06 1.192932997573739244e-06 1.172423352991416273e-06 1.152355732151756441e-06 1.132725507009711510e-06 1.113517785565072242e-06 1.094721602188761384e-06 1.076323124562668736e-06 1.058318537535147902e-06 1.040694535219119188e-06 1.023441414075439407e-06 1.006549759478389805e-06 9.900075404672363759e-07 9.738117651948388658e-07 9.579508461771315002e-07 9.424164301595370256e-07 9.272004073164287302e-07 9.122949031563884042e-07 8.976922707301723800e-07 8.833850831272179715e-07 8.693636704293486354e-07 8.556259972768800130e-07 8.421627349096696406e-07 8.289672670349931312e-07 8.160331638172407020e-07 8.033541758785466041e-07 7.909242285160177940e-07 7.787374161272272543e-07 7.667879968346409436e-07 7.550703873017522302e-07 7.435791577339067782e-07 7.323090270552960992e-07 7.212548582564475064e-07 7.104116539045785997e-07 6.997745518114553038e-07 6.893388208515063516e-07 6.790998569256728559e-07 6.690531790641704383e-07
1.434509391527589572e-06 1.408856472187370085e-06 1.383782851499624011e-06 1.359268845576435792e-06 1.335307185377230428e-06 1.311879016531013209e-06 1.288966333088975748e-06 1.266562785083018624e-06 1.244651108976359010e-06 1.223218288029646842e-06 1.202248333196692906e-06 1.181735879432231039e-06 1.161665580969464895e-06 1.142025946427627470e-06 1.122802721857479927e-06 1.103991421884774030e-06 1.085578351081013789e-06 1.067553342196279451e-06 1.049906531068733096e-06 1.032628346322284163e-06 1.015706773294641232e-06 9.991383277048822945e-07 9.829114504007081765e-07 9.670176458836349018e-07 9.514486654815491768e-07 9.361964991665582670e-07 9.212509332312724634e-07 9.066093436419082909e-07 8.922618898968575896e-07 8.782014407460228370e-07 8.644210669862257752e-07 8.509140349264021145e-07 8.376738000908028614e-07 8.246940011486730921e-07 8.119684540630381385e-07 7.994911464486188201e-07 7.872562321312551798e-07 7.752580259011216166e-07 7.634909984512040054e-07 7.519497714943311510e-07 7.406272507609396835e-07 7.295221068548779547e-07 7.186274868791641457e-07 7.079385711925995984e-07 6.974506692010990484e-07 6.871592154101913002e-07 6.770597656124640043e-07 6.671479932059998559e-07 6.574212976264373111e-07 6.478723274094756993e-07 6.384987265672727258e-07
1.343518141595596493e-06 1.320129975963133919e-06 1.297259490259437576e-06 1.274889473025847949e-06 1.253003449690383125e-06 1.231595288159754487e-06 1.210649194992273732e-06 1.190153147112618781e-06 1.170095486548054205e-06 1.150461991531729713e-06 1.131247622010357543e-06 1.112438728390031162e-06 1.094024991745699165e-06 1.075993686978272357e-06 1.058340604340592166e-06 1.041053516785780624e-06 1.024123271197511455e-06 1.007540981800003553e-06 9.912980212503080400e-07 9.753860120644213956e-07 9.597944756745527672e-07 9.445202572764616236e-07 9.295532732499706161e-07 9.148860661084866881e-07 9.005113898747375066e-07 8.864222032341029295e-07 8.726116629364746207e-07 8.590731174371006124e-07 8.458001007654761240e-07 8.327863266150273885e-07 8.200237459100290502e-07 8.075103304899649265e-07 7.952383188922056436e-07 7.832020885309824314e-07 7.713961699318732614e-07 7.598152419696449157e-07 7.484541272727937871e-07 7.373077877871887943e-07 7.263713204938207203e-07 7.156399532738388261e-07 7.051090409161488279e-07 6.947740612610898933e-07 6.846306114761945673e-07 6.746744044579355316e-07 6.649012653557933450e-07 6.553071282130128190e-07 6.458880327207225769e-07 6.366401210801416293e-07 6.275596349698661035e-07 6.186442901998014507e-07 6.098877452714568969e-07
1.260405677399867932e-06 1.239041748778089069e-06 1.218132375577130824e-06 1.197671656023007826e-06 1.177645131309825892e-06 1.158041691915039640e-06 1.138850560118379025e-06 1.120058669080169314e-06 1.101661169568508647e-06 1.083645520963134529e-06 1.066002164168275011e-06 1.048721819524252902e-06 1.031795477491660293e-06 1.015212080998368325e-06 9.989678149346280281e-07 9.830520528209943972e-07 9.674567793091336452e-07 9.521742075234876398e-07 9.371967716297790954e-07 9.225171196754161407e-07 9.081281066886542286e-07 8.940208068679036470e-07 8.801924787607487562e-07 8.666345292989753034e-07 8.533405773620909863e-07 8.403044178550828925e-07 8.275200161641006622e-07 8.149815028086022733e-07 8.026831682812331389e-07 7.906194580686710398e-07 7.787849678466642310e-07 7.671744388417069747e-07 7.557827533534522800e-07 7.446049304321227787e-07 7.336361217040099596e-07 7.228716073403868799e-07 7.123067921636189327e-07 7.019372018860605813e-07 6.917584794758217474e-07 6.817663816456544614e-07 6.719567754593995330e-07 6.623256350525450772e-07 6.528690384617609112e-07 6.435831645602723642e-07 6.344642900942542025e-07 6.255087868174218244e-07 6.167131187196662997e-07 6.080738393462512078e-07 5.995888065850882143e-07 5.912522965655734489e-07 5.830623484340080109e-07
1.184322358342106692e-06 1.164763528446323784e-06 1.145612819292090532e-06 1.126859961524371506e-06 1.108494987470184157e-06 1.090508221033099342e-06 1.072887998711828289e-06 1.055629801739130376e-06 1.038722435290082598e-06 1.022157296002419577e-06 1.005926026939171648e-06 9.900205095354923372e-07 9.744328558414664631e-07 9.591534195631811660e-07 9.441787645619783468e-07 9.294996176059753565e-07 9.151089412149410325e-07 9.009998937544905383e-07 8.871658232148744292e-07 8.736002612114225814e-07 8.602969171982466658e-07 8.472496728856759612e-07 8.344525768550067416e-07 8.218998393613879497e-07 8.095858273188049788e-07 7.975050594591777475e-07 7.856522016593685503e-07 7.740220624298496404e-07 7.626095885581480843e-07 7.514098609016047372e-07 7.404180903241877939e-07 7.296296137710081686e-07 7.190398904762356817e-07 7.086444982986954048e-07 6.984391301810809467e-07 6.884195907273386831e-07 6.785817928947659746e-07 6.689217547956899330e-07 6.594355966055641231e-07 6.501195375727175839e-07 6.409698931268892782e-07 6.319830720820761675e-07 6.231555739310944139e-07 6.144839862280151688e-07 6.059649820552574923e-07 5.975953175728570217e-07 5.893718296465720191e-07 5.812925115788317061e-07 5.733521881529658701e-07 5.655490141052125583e-07 5.578801268697701675e-07
1.114526318659726486e-06 1.096584055508210115e-06 1.079006798384819195e-06 1.061785590674715712e-06 1.044911732435159723e-06 1.028374790536486741e-06 1.012170568986324960e-06 9.962890524905705516e-07 9.807224870065779836e-07 9.654633361584975418e-07 9.505042742644474850e-07 9.358381796140950812e-07 9.214581279874719917e-07 9.073573864036951488e-07 8.935294070922236246e-07 8.799661828501511715e-07 8.666648325780276823e-07 8.536176538869423335e-07 8.408187837594843765e-07 8.282625172754843948e-07 8.159433027440616398e-07 8.038557370034370420e-07 7.919945608825854191e-07 7.803546548187433348e-07 7.689310346241851261e-07 7.577188473970376260e-07 7.467133675710919324e-07 7.359099930985354001e-07 7.253042417614695914e-07 7.148917476067476487e-07 7.046682575002100658e-07 6.946296277951223119e-07 6.847718211114789043e-07 6.750909032212535146e-07 6.655830400365570134e-07 6.562456431153872097e-07 6.470727583483265060e-07 6.380619989044296788e-07 6.292099030356857889e-07 6.205130954866695491e-07 6.119682850239094828e-07 6.035722620443292548e-07 5.953218962604712690e-07 5.872141344594096961e-07 5.792459983323866244e-07 5.714145823736494247e-07 5.637180084901631385e-07 5.561515896584395866e-07 5.487135917518108776e-07 5.414013807414178323e-07 5.342123858432048213e-07
1.050364065028446244e-06 1.033873205584384400e-06 1.017709564845229805e-06 1.001865309286266154e-06 9.863310869663041732e-07 9.711030132452811850e-07 9.561721090742354422e-07 9.415313763573281573e-07 9.271740095679581906e-07 9.130933897000295760e-07 8.992830784328936958e-07 8.857368125006068134e-07 8.724484982579967709e-07 8.594122064362758596e-07 8.466221670798625206e-07 8.340727646588128804e-07 8.217585333488512010e-07 8.096741524737129135e-07 7.978144421028149651e-07 7.861743587988208222e-07 7.747489915096137911e-07 7.635335575986601703e-07 7.525233990089529921e-07 7.417139785559075312e-07 7.311008763436441022e-07 7.206797863008565571e-07 7.104465128312406124e-07 7.003969675748868805e-07 6.905271662758590101e-07 6.808332257528803000e-07 6.713113609686130429e-07 6.619578821947234243e-07 6.527691922685354593e-07 6.437417839387021633e-07 6.348722372959785457e-07 6.261572172867473933e-07 6.175944525890890906e-07 6.091787980591724380e-07 6.009081509864640579e-07 5.927794924079477980e-07 5.847898769219897624e-07 5.769364306383284199e-07 5.692163491927448901e-07 5.616268958232049509e-07 5.541662561656233329e-07 5.468301039182918539e-07 5.396167571470931997e-07 5.325237314202098569e-07 5.255486011473521793e-07 5.186889979854944675e-07 5.119426092930477817e-07
9.912651925543886600e-07 9.760805451289511388e-07 9.611899060094020883e-07 9.465864055576017793e-07 9.322633616976598788e-07 9.182142740710388075e-07 9.044313880799086767e-07 8.909114412317076770e-07 8.776469831334168363e-07 8.646321858627362157e-07 8.518613768957669031e-07 8.393290343757342090e-07 8.270297825427417787e-07 8.149583873194889280e-07 8.031097520463157582e-07 7.914789133603656327e-07 7.800610372136489877e-07 7.688514150242556391e-07 7.578454599561193741e-07 7.470387033229150103e-07 7.364267911107799884e-07 7.260054806162074586e-07 7.157706371943229016e-07 7.057182311140987634e-07 6.958453743763531779e-07 6.861461444987292686e-07 6.766178629660697761e-07 6.672568902323794147e-07 6.580596774108322055e-07 6.490227636922101888e-07 6.401427738462028159e-07 6.314164158019816379e-07 6.228404783058714034e-07 6.144118286530102248e-07 6.061274104903657070e-07 5.979842416890420760e-07 5.899802669237168037e-07 5.821109301862501056e-07 5.743743219132901723e-07 5.667677368828904775e-07 5.592885344128727667e-07 5.519341365997327989e-07 5.447020266116185537e-07 5.375905092436428119e-07 5.305956565453586342e-07 5.237158916678510724e-07 5.169489260058712107e-07 5.102925242384579818e-07 5.037445029095343524e-07 4.973034239102103973e-07 4.909658118686082593e-07
9.367279831415130930e-07 9.227215566029570415e-07 9.089798725693445671e-07 8.954968911756783290e-07 8.822667336133330954e-07 8.692836772264546390e-07 8.565421507761095909e-07 8.440367298650349640e-07 8.317621325180131461e-07 8.197132149110038779e-07 8.078849672443487000e-07 7.962725097540202775e-07 7.848710888561406053e-07 7.736760734199941126e-07 7.626829511642842721e-07 7.518873251724283025e-07 7.412849105228134062e-07 7.308715310291976766e-07 7.206431160878601339e-07 7.105956976271532313e-07 7.007254071562524494e-07 6.910284729089526212e-07 6.815012170797548509e-07 6.721400531483368723e-07 6.629414832898644803e-07 6.539020958675111086e-07 6.450194324334787911e-07 6.362884987800170170e-07 6.277070063622149447e-07 6.192718647604306554e-07 6.109800583467391120e-07 6.028286442151086856e-07 5.948147501761733662e-07 5.869355728140858188e-07 5.791883756030425343e-07 5.715712408363205484e-07 5.640800480385223914e-07 5.567130095477759652e-07 5.494676386895295175e-07 5.423415070943439972e-07 5.353322431338887512e-07 5.284382127498502217e-07 5.216557859616117660e-07 5.149834377453378508e-07 5.084190087148300538e-07 5.019603890825524774e-07 4.956055173560794882e-07 4.893530053504399960e-07 4.831996309972270495e-07 4.771440976599069931e-07 4.711845247411854477e-07
8.863099009286938135e-07 8.733685650438356232e-07 8.606661158188708811e-07 8.481972298025127815e-07 8.359567222329934023e-07 8.239395429112476112e-07 8.121407722122414820e-07 8.005556172287047711e-07 7.891794080427150772e-07 7.780075941206029040e-07 7.670357408261586377e-07 7.562595260481529741e-07 7.456747369382680906e-07 7.352772667548598665e-07 7.250631118093120997e-07 7.150283685108281271e-07 7.051692305066102140e-07 6.954828647278728198e-07 6.859638830275102932e-07 6.766096442602537855e-07 6.674167041969422393e-07 6.583817028601581759e-07 6.495013621681039089e-07 6.407724836527469823e-07 6.321919462490779427e-07 6.237567041535659383e-07 6.154637847490593945e-07 6.073110315340631516e-07 5.992941167699015613e-07 5.914110265379724782e-07 5.836590614607199160e-07 5.760355858929879661e-07 5.685380262012122732e-07 5.611638690944776673e-07 5.539113262997864608e-07 5.467766647351306291e-07 5.397582123104826099e-07 5.328536813981369535e-07 5.260608370935814233e-07 5.193774958253068184e-07 5.128021328321042999e-07 5.063314442540398505e-07 4.999640029789315911e-07 4.936978176672966348e-07 4.875309419534912220e-07 4.814620373491309952e-07 4.754881158102604638e-07 4.696079234123651962e-07 4.638196823934966645e-07 4.581216544808456156e-07 4.525126673081559926e-07
8.396195632540409568e-07 8.276430662197068696e-07 8.158825563867492400e-07 8.043333305889536146e-07 7.929908054155464933e-07 7.818514433616794916e-07 7.709090171373403508e-07 7.601602261815267555e-07 7.496009323670970730e-07 7.392271010031915159e-07 7.290347978806810609e-07 7.190201864125857008e-07 7.091795248656566296e-07 6.995091636803322339e-07 6.900055428754288245e-07 6.806651895351643477e-07 6.714847153750752738e-07 6.624608143846185556e-07 6.535902605432556003e-07 6.448706413081862403e-07 6.362974062200951193e-07 6.278682987590374904e-07 6.195803914056964709e-07 6.114308262326029715e-07 6.034168130123016905e-07 5.955356273835038185e-07 5.877846090730237459e-07 5.801618090953561362e-07 5.726633888967997348e-07 5.652875230500524104e-07 5.580317908996613372e-07 5.508938277615243796e-07 5.438713234425141989e-07 5.369626111578078567e-07 5.301643030228310543e-07 5.234748361886076961e-07 5.168921044772884815e-07 5.104140494316790649e-07 5.040392040344957113e-07 4.977645112313096998e-07 4.915885940981259133e-07 4.855095730426883933e-07 4.795256103568198984e-07 4.736354168395258457e-07 4.678362206162817289e-07 4.621268106410701547e-07 4.565055063621850477e-07 4.509711400560295093e-07 4.455211532969696276e-07 4.401544481647835588e-07 4.348694860262172750e-07
7.963108242412631335e-07 7.852100942140541179e-07 7.743050228611706132e-07 7.635914455089972101e-07 7.530653011638033148e-07 7.427226295625833260e-07 7.325595683177851205e-07 7.225723501531225323e-07 7.127573002268393250e-07 7.031108335397702683e-07 6.936294524247357994e-07 6.843104700845627159e-07 6.751490971396347716e-07 6.661428172117545932e-07 6.572884583823748091e-07 6.485829246415634211e-07 6.400231938112072372e-07 6.316063155318010092e-07 6.233294093110877629e-07 6.151896626321863586e-07 6.071849594316072833e-07 5.993113532196412769e-07 5.915668590879605969e-07 5.839489186194670941e-07 5.764550327387871588e-07 5.690827601381144568e-07 5.618302866898693993e-07 5.546941381396382268e-07 5.476726107647751671e-07 5.407634794971876408e-07 5.339645698386860750e-07 5.272737565461071306e-07 5.206894866689066044e-07 5.142086804668009420e-07 5.078298780862945480e-07 5.015511389043544064e-07 4.953705655307206754e-07 4.892867904021626258e-07 4.832970243797737839e-07 4.773999807453887887e-07 4.715939243292572673e-07 4.658776146471398029e-07 4.602484794727351198e-07 4.547053505940221876e-07 4.492466393376659919e-07 4.438712213605420082e-07 4.385767177369532894e-07 4.333620687568901606e-07 4.282258182172238632e-07 4.231669480813778864e-07 4.181832518067387864e-07
7.560733303531599874e-07 7.457690803667758390e-07 7.356424005960891257e-07 7.256903108021754536e-07 7.159077657218819253e-07 7.062919709425639761e-07 6.968394930589046287e-07 6.875469813748221836e-07 6.784111656260687217e-07 6.694288537730371561e-07 6.605969298618018697e-07 6.519123519506443175e-07 6.433721501002433189e-07 6.349740349712466195e-07 6.267139495782981490e-07 6.185897435501036978e-07 6.105987160474817314e-07 6.027382290636314880e-07 5.950057057525338915e-07 5.873986288072977632e-07 5.799150871696439040e-07 5.725515792361376835e-07 5.653063077328678565e-07 5.581769782317891190e-07 5.511613484292439909e-07 5.442577303276047117e-07 5.374629738445120527e-07 5.307754897722742298e-07 5.241932311463780980e-07 5.177141967367546267e-07 5.113368965780491526e-07 5.050584841287859638e-07 4.988775552957253566e-07 4.927922804250952567e-07 4.868008700771340206e-07 4.809020105534777020e-07 4.750931177393073819e-07 4.693729526367751647e-07 4.637398768293003346e-07 4.581926978365228481e-07 4.527290278059871821e-07 4.473477411277374953e-07 4.420473359550439271e-07 4.368267306617184152e-07 4.316837125644637390e-07 4.266172599139371691e-07 4.216259945212445653e-07 4.167089363018801953e-07 4.118640289951618411e-07 4.070903461314883776e-07 4.023869715716673165e-07
7.186338952548691609e-07 7.090553402112682362e-07 6.996382258424530436e-07 6.903792652515489323e-07 6.812752498397045712e-07 6.723230471738322998e-07 6.635201886431771527e-07 6.548625041137380023e-07 6.463476719645982446e-07 6.379728443700149423e-07 6.297352399447844808e-07 6.216321419718351252e-07 6.136608966828645931e-07 6.058194385645162058e-07 5.981041784145225229e-07 5.905131711483940579e-07 5.830439985980358687e-07 5.756942976847654810e-07 5.684617589838950691e-07 5.613446063600729135e-07 5.543396704798469639e-07 5.474452769452272119e-07 5.406593174110056739e-07 5.339797306123330822e-07 5.274049463415469441e-07 5.209321035287561338e-07 5.145597204813225680e-07 5.082859125671929561e-07 5.021088365551570408e-07 4.960271053643402727e-07 4.900381247120223378e-07 4.841405845990998328e-07 4.783327972803869677e-07 4.726135020066736066e-07 4.669803034615564625e-07 4.614320099620233924e-07 4.559670743768446932e-07 4.505843513928318674e-07 4.452816234202870931e-07 4.400578070540431077e-07 4.349114824897755703e-07 4.298416100585621176e-07 4.248461310249308697e-07 4.199240612201506706e-07 4.150740962788384345e-07 4.102952933821996753e-07 4.055857358220085313e-07 4.009445305289217403e-07 3.963707959507308172e-07 3.918627241523850367e-07 3.874194794697394060e-07
6.837462212195844717e-07 6.748300573354750849e-07 6.660609206055971893e-07 6.574358819346864346e-07 6.489520805137007851e-07 6.406067219996895468e-07 6.323970767499739359e-07 6.243209804807032441e-07 6.163748206752559039e-07 6.085565567661197463e-07 6.008637012795662686e-07 5.932938233703603240e-07 5.858445473473196004e-07 5.785140090413854418e-07 5.712990221299962504e-07 5.641978270555539150e-07 5.572082548385637996e-07 5.503281849011219388e-07 5.435559669038778670e-07 5.368887271142302014e-07 5.303249062884070512e-07 5.238625654468468522e-07 5.174998081768333347e-07 5.112351741344225215e-07 5.050660603950093253e-07 4.989910860242779417e-07 4.930085144817228323e-07 4.871166467398817904e-07 4.813141917248867423e-07 4.755987813368596254e-07 4.699691937699925510e-07 4.644238710297485767e-07 4.589616391035459576e-07 4.535803056073770554e-07 4.482787586725546247e-07 4.430558992097043916e-07 4.379096668642203454e-07 4.328390198940417323e-07 4.278426160078409956e-07 4.229194566513128192e-07 4.180676256437104155e-07 4.132861759017936921e-07 4.085741729776933429e-07 4.039298103599905281e-07 3.993522011207794100e-07 3.948401850727541910e-07 3.903929145245897649e-07 3.860087013733528529e-07 3.816867405640846667e-07 3.774262394628385763e-07 3.732256013421950555e-07
6.511901707300614338e-07 6.428801344789765446e-07 6.347037394414356109e-07 6.266588499766392401e-07 6.187429103992356537e-07 6.109534231561961353e-07 6.032879473144915956e-07 5.957440970931062308e-07 5.883199733331568761e-07 5.810124295900560776e-07 5.738196711839660371e-07 5.667395190951722052e-07 5.597698427305034467e-07 5.529089590086382817e-07 5.461540298434636107e-07 5.395034632236768860e-07 5.329553102964810229e-07 5.265076648206063837e-07 5.201590356857875869e-07 5.139068522460478673e-07 5.077497028591748549e-07 5.016858413650940591e-07 4.957139097838834930e-07 4.898315361847526024e-07 4.840374339147680454e-07 4.783300016529770896e-07 4.727080029569361148e-07 4.671692436941991668e-07 4.617125514758281290e-07 4.563364561947987088e-07 4.510398325266739894e-07 4.458206455404985147e-07 4.406778274521452921e-07 4.356100271717795652e-07 4.306162211310186629e-07 4.256945170125604624e-07 4.208439429422715395e-07 4.160635405665926847e-07 4.113515257089658495e-07 4.067069877761315740e-07 4.021290295969900254e-07 3.976159667760027371e-07 3.931669462754423084e-07 3.887808691324808171e-07 3.844569207476932810e-07 3.801935244938859494e-07 3.759899054051969443e-07 3.718453015019427104e-07 3.677582194829700904e-07 3.637279339833210859e-07 3.597537325069811552e-07
6.207697442549938595e-07 6.130139112691299561e-07 6.053810286575176454e-07 5.978679382568810357e-07 5.904727625894170677e-07 5.831932652134850275e-07 5.760272593431981230e-07 5.689729840590896706e-07 5.620275930541998527e-07 5.551894188675787275e-07 5.484564610789343146e-07 5.418267629668797799e-07 5.352987622021397986e-07 5.288698832296386220e-07 5.225386453509741111e-07 5.163032560209453148e-07 5.101619612297322527e-07 5.041133754053489862e-07 4.981551583156100020e-07 4.922859957497452312e-07 4.865042786188690348e-07 4.808087442372500892e-07 4.751972277388130728e-07 4.696685305782029647e-07 4.642211750078898847e-07 4.588540106758305921e-07 4.535650298804937377e-07 4.483531399410012664e-07 4.432172630528427778e-07 4.381555094251197632e-07 4.331668545640318578e-07 4.282500220670523063e-07 4.234040306752251257e-07 4.186271201138633227e-07 4.139183570736639795e-07 4.092768224281144155e-07 4.047008542404077946e-07 4.001895777252209138e-07 3.957421320680621413e-07 3.913569461789328690e-07 3.870332002524044956e-07 3.827700882353392442e-07 3.785661230059630054e-07 3.744205364395219279e-07 3.703325739451502505e-07 3.663008260428591488e-07 3.623245732185003508e-07 3.584031092789637184e-07 3.545350965578849584e-07 3.507198612957974894e-07 3.469567428516887879e-07
5.923072902905710569e-07 5.850602706061395292e-07 5.779257388052157633e-07 5.709008892435009609e-07 5.639840254984317610e-07 5.571731413411317374e-07 5.504662741816626419e-07 5.438618344544946223e-07 5.373572832984688736e-07 5.309511126434336331e-07 5.246415238949145391e-07 5.184270669083359131e-07 5.123054003368253537e-07 5.062751473043204912e-07 5.003346576752497287e-07 4.944826084918007781e-07 4.887168354333821361e-07 4.830360814564417967e-07 4.774388309876450851e-07 4.719238772589208079e-07 4.664892147460548123e-07 4.611336960069790891e-07 4.558559275834879654e-07 4.506548090127643131e-07 4.455284772970066774e-07 4.404758853842651119e-07 4.354960017446003011e-07 4.305870704071534436e-07 4.257481092641102001e-07 4.209779123862000115e-07 4.162755397348382288e-07 4.116393530845658977e-07 4.070684568986702089e-07 4.025619702547817654e-07 3.981183444237065223e-07 3.937367396722945568e-07 3.894163305838399884e-07 3.851556512030676681e-07 3.809539142387577199e-07 3.768103464253206886e-07 3.727235583953822819e-07 3.686928121719253852e-07 3.647173835246165088e-07 3.607959539722235551e-07 3.569278319427911079e-07 3.531123393476730687e-07 3.493482233277404474e-07 3.456348360110922918e-07 3.419715427646115786e-07 3.383571514829190617e-07 3.347912389113330577e-07
5.656433238045016877e-07 5.588637608354228754e-07 5.521872680960703306e-07 5.456113451098467087e-07 5.391344583885238576e-07 5.327548050929426645e-07 5.264709110108957003e-07 5.202804698991891116e-07 5.141820806761935921e-07 5.081740886959531694e-07 5.022551479535935802e-07 4.964231264519967436e-07 4.906767440332959567e-07 4.850144804302061533e-07 4.794351067500162208e-07 4.739366474426897334e-07 4.685179329341087599e-07 4.631775649562524990e-07 4.579144217541104669e-07 4.527266683275014126e-07 4.476132363758733669e-07 4.425730739286498147e-07 4.376044511832637841e-07 4.327063656660121175e-07 4.278776065623260510e-07 4.231172140740009788e-07 4.184235747272329532e-07 4.137957733391453006e-07 4.092329099525762005e-07 4.047334591753089790e-07 4.002965623757690944e-07 3.959213757733426947e-07 3.916064554955745216e-07 3.873509960438256940e-07 3.831542064095917256e-07 3.790147181984974254e-07 3.749317758647862976e-07 3.709046380097737630e-07 3.669320061455629180e-07 3.630131717217314505e-07 3.591474400125837476e-07 3.553335772903356816e-07 3.515709192498826233e-07 3.478588151118238956e-07 3.441960911469063037e-07 3.405822971527830028e-07 3.370163065247427639e-07 3.334975183596391893e-07 3.300253448329199450e-07 3.265987119754307102e-07 3.232170568034207226e-07
5.406339385489477949e-07 5.342847450286027650e-07 5.280295879739674334e-07 5.218670439883764030e-07 5.157954555439243546e-07 5.098134553727510064e-07 5.039189449626738651e-07 4.981106227569730538e-07 4.923869652764299229e-07 4.867467231243410604e-07 4.811879517892548859e-07 4.757094611236490951e-07 4.703098493995916729e-07 4.649879750439543360e-07 4.597420320292934419e-07 4.545709322243761353e-07 4.494736045914049267e-07 4.444483464103083927e-07 4.394941361626665315e-07 4.346097592974869952e-07 4.297942375087842131e-07 4.250459829114133746e-07 4.203640618809400476e-07 4.157475565936956388e-07 4.111949657786297718e-07 4.067054130301397655e-07 4.022780372947598946e-07 3.979114175173547533e-07 3.936047310421212412e-07 3.893571701373035560e-07 3.851673880692510862e-07 3.810346127052340392e-07 3.769580864318229557e-07 3.729365313982189006e-07 3.689692229938359708e-07 3.650554507484435268e-07 3.611940006679989002e-07 3.573841928737757899e-07 3.536253612760008991e-07 3.499163510850479817e-07 3.462566860374291426e-07 3.426452574273867404e-07 3.390814497876544072e-07 3.355646609117926775e-07 3.320938341094842915e-07 3.286683922173453004e-07 3.252877710456279549e-07 3.219509621269527058e-07 3.186575716638527543e-07 3.154066297530407624e-07 3.121976142352176383e-07
5.171490454602431061e-07 5.111961134015498983e-07 5.053296099262380423e-07 4.995482473549518467e-07 4.938507575067127229e-07 4.882352277414947930e-07 4.827004489970408791e-07 4.772450174259072159e-07 4.718677732064311119e-07 4.665669400423018765e-07 4.613414114857469886e-07 4.561898941040832464e-07 4.511113273477166767e-07 4.461040576894689410e-07 4.411670727772662238e-07 4.362993771378574965e-07 4.314994091196176151e-07 4.267662179500017574e-07 4.220988691922403490e-07 4.174958862991824976e-07 4.129563763007337502e-07 4.084794620436305839e-07 4.040637458526770577e-07 3.997083890469787797e-07 3.954125682702875415e-07 3.911749589741889116e-07 3.869947734994322276e-07 3.828712390479807449e-07 3.788030988943883280e-07 3.747896133622173961e-07 3.708300572032415729e-07 3.669232366110431015e-07 3.630684570663805914e-07 3.592650380768030318e-07 3.555118442135479684e-07 3.518083741779955593e-07 3.481535375679046446e-07 3.445467051907781407e-07 3.409872612754823272e-07 3.374741667850005836e-07 3.340068311654390376e-07 3.305846769562910996e-07 3.272067127790283915e-07 3.238725220060979400e-07 3.205811509718670404e-07 3.173320648805022559e-07 3.141247415142305281e-07 3.109582691416519078e-07 3.078322757855752193e-07 3.047458834682096579e-07 3.016986080761087042e-07
4.950710466897466925e-07 4.894835273786589808e-07 4.839757591012207463e-07 4.785465654391455953e-07 4.731942003836317099e-07 4.679175407676125909e-07 4.627152919547616362e-07 4.575863771446811648e-07 4.525291712366019779e-07 4.475426455637266401e-07 4.426257889031059537e-07 4.377770663023468134e-07 4.329955112117222854e-07 4.282801739091677503e-07 4.236296030049095930e-07 4.190428902484164731e-07 4.145191436315236219e-07 4.100569892612669323e-07 4.056555736355960825e-07 4.013140589420439329e-07 3.970311431896465139e-07 3.928060243225359169e-07 3.886379154555239148e-07 3.845255813317341809e-07 3.804682682704032862e-07 3.764652372772753511e-07 3.725153150488924377e-07 3.686177934237251242e-07 3.647719784780565332e-07 3.609767544325127292e-07 3.572314559894679568e-07 3.535354316762228480e-07 3.498876191271523083e-07 3.462875299988320997e-07 3.427341431609533525e-07 3.392268555171812455e-07 3.357650771636843300e-07 3.323478340398850469e-07 3.289746876758820214e-07 3.256447008638936665e-07 3.223573269389867619e-07 3.191120318545351303e-07 3.159079198862700507e-07 3.127445984379358694e-07 3.096212047903057900e-07 3.065372435525906317e-07 3.034922314407061797e-07 3.004853422787455763e-07 2.975162257396831126e-07 2.945840852633632195e-07 2.916884721259227793e-07
4.742926269896542280e-07 4.690429352435641411e-07 4.638669030310380659e-07 4.587629340017454855e-07 4.537299847072598273e-07 4.487670296577395961e-07 4.438725609009508682e-07 4.390455975464493498e-07 4.342850138123016003e-07 4.295898702404433539e-07 4.249587581508238077e-07 4.203907784486146795e-07 4.158850483879764371e-07 4.114402338009010267e-07 4.070554894413931451e-07 4.027299858333914342e-07 3.984624579884467934e-07 3.942521112734360074e-07 3.900981662837203529e-07 3.859994222795561401e-07 3.819552723338202525e-07 3.779645638338569391e-07 3.740265760302978807e-07 3.701406025947692949e-07 3.663055475636953930e-07 3.625207333253761709e-07 3.587854962347987694e-07 3.550987929698619448e-07 3.514601131216640388e-07 3.478684536086460632e-07 3.443231996913485160e-07 3.408237499008835941e-07 3.373691476162560535e-07 3.339588150352536669e-07 3.305921872619379939e-07 3.272683508418526411e-07 3.239868792762903807e-07 3.207468929462825096e-07 3.175478677621306259e-07 3.143892919628117306e-07 3.112703240168408328e-07 3.081905819470176681e-07 3.051492545787689273e-07 3.021459729284843126e-07 2.991799547801879673e-07 2.962507413289365734e-07 2.933578853603241416e-07 2.905006365640916943e-07 2.876786658192654276e-07 2.848912488606429464e-07 2.821380680717841266e-07
4.547169115030502231e-07 4.497799031568683978e-07 4.449105293439087089e-07 4.401078205674699561e-07 4.353708246836343474e-07 4.306981587364802192e-07 4.260889108793306733e-07 4.215421859449309372e-07 4.170566741047870900e-07 4.126315176585230188e-07 4.082658749536998632e-07 4.039585041043583221e-07 3.997085982977507887e-07 3.955153661794174692e-07 3.913776290089140985e-07 3.872946278303129652e-07 3.832656185978886908e-07 3.792894812722004171e-07 3.753656274610358224e-07 3.714929810723664854e-07 3.676708532210806616e-07 3.638985691047331555e-07 3.601751044839153367e-07 3.564998113154927194e-07 3.528720551871677578e-07 3.492908600797041815e-07 3.457557307402706539e-07 3.422657280117301573e-07 3.388202635531926257e-07 3.354187619544484517e-07 3.320603266795468875e-07 3.287445119996124029e-07 3.254704544093498157e-07 3.222376197542109453e-07 3.190454861841402761e-07 3.158932278637661473e-07 3.127804445373746373e-07 3.097063400235956875e-07 3.066704294261774279e-07 3.036722396015697751e-07 3.007110076413369227e-07 2.977863751282029903e-07 2.948976058225219524e-07 2.920443536870436977e-07 2.892259079513130581e-07 2.864418437323631401e-07 2.836917471996826230e-07 2.809749354851648175e-07 2.782911000355454257e-07 2.756395809368183970e-07 2.730200805898660861e-07
4.362556548305277438e-07 4.316079706940049373e-07 4.270229016050034567e-07 4.224995633290414704e-07 4.180366857747173459e-07 4.136334211517001605e-07 4.092889377042293759e-07 4.050020306443433550e-07 4.007720269140779860e-07 3.965977697318273059e-07 3.924784894072222623e-07 3.884134313138508272e-07 3.844014963783640603e-07 3.804419601166108671e-07 3.765341125632942588e-07 3.726769083396493920e-07 3.688696655318427192e-07 3.651117162430415949e-07 3.614020650574655408e-07 3.577401800006048249e-07 3.541251033725983380e-07 3.505562157080353352e-07 3.470329107856643770e-07 3.435542751198006066e-07 3.401198288735251359e-07 3.367286923530161661e-07 3.333803027317611021e-07 3.300741097339395630e-07 3.268092727996502475e-07 3.235853598838148772e-07 3.204015607611180559e-07 3.172573640532958327e-07 3.141522703181362771e-07 3.110855039567550087e-07 3.080566768142985446e-07 3.050650405711339067e-07 3.021102203587882811e-07 2.991914939138476312e-07 2.963084126222442677e-07 2.934605390285203191e-07 2.906471799937323397e-07 2.878679998536481591e-07 2.851223289527509465e-07 2.824098433636377147e-07 2.797298958812456870e-07 2.770821739687751247e-07 2.744660518897457653e-07 2.718811496554878901e-07 2.693270975822256670e-07 2.668032931697826863e-07 2.643094580494749380e-07
4.188279917719867451e-07 4.144488864639382534e-07 4.101275653839070840e-07 4.058632208169014343e-07 4.016550606280192760e-07 3.975019627901007685e-07 3.934031666880892386e-07 3.893579266883513643e-07 3.853651762803138939e-07 3.814243070480858387e-07 3.775342935456972457e-07 3.736944445431992448e-07 3.699040828820459354e-07 3.661622322889965653e-07 3.624682417372336687e-07 3.588214737808069113e-07 3.552209979365315509e-07 3.516662997468811413e-07 3.481564832651160873e-07 3.446909566090298960e-07 3.412691407150732494e-07 3.378901802185587811e-07 3.345536108495465248e-07 3.312586082439640666e-07 3.280046342059724728e-07 3.247911626799072770e-07 3.216174052664362789e-07 3.184829437080704281e-07 3.153870174822696427e-07 3.123292225523150612e-07 3.093088250268699838e-07 3.063253522864499642e-07 3.033783429961758368e-07 3.004670935966768282e-07 2.975912410382822448e-07 2.947501057634435267e-07 2.919433372662698236e-07 2.891702789394912957e-07 2.864305157209594185e-07 2.837236431121017752e-07 2.810490300430265942e-07 2.784063626645804635e-07 2.757950306303544469e-07 2.732147311753200494e-07 2.706648737837504916e-07 2.681451664429659548e-07 2.656550376179195950e-07 2.631942057267808146e-07 2.607621174055229695e-07 2.583585011918700163e-07 2.559828211212125944e-07
4.023606289625507309e-07 3.982306613041303581e-07 3.941544016522013361e-07 3.901308043037669441e-07 3.861591445013828658e-07 3.822387119662038618e-07 3.783685118086969949e-07 3.745478610717346366e-07 3.707760907381648016e-07 3.670522532655274265e-07 3.633757991539411141e-07 3.597458161256487003e-07 3.561616829212360455e-07 3.526227913889927904e-07 3.491282712639448151e-07 3.456776256998180086e-07 3.422700160841179011e-07 3.389048771249025852e-07 3.355816558947605137e-07 3.322995510677115923e-07 3.290581139964529411e-07 3.258565718168743753e-07 3.226944100843491780e-07 3.195711260617144537e-07 3.164859799677333646e-07 3.134385673609620013e-07 3.104281740956067806e-07 3.074544095315728070e-07 3.045165840328485989e-07 3.016143203316599455e-07 2.987469522322994272e-07 2.959140428987234559e-07 2.931151661320126337e-07 2.903496823606918948e-07 2.876172525118352373e-07 2.849172581816944889e-07 2.822493720967288609e-07 2.796129961133730464e-07 2.770078143948655063e-07 2.744332481937999532e-07 2.718889264594658785e-07 2.693744879167286780e-07 2.668893751717027226e-07 2.644333056084347419e-07 2.620057393831923087e-07 2.596064040022453372e-07 2.572347764334674117e-07 2.548905940014451032e-07 2.525733497810537558e-07 2.502827906215919498e-07 2.480184250323799231e-07
3.867860883907296629e-07 3.828879032919529068e-07 3.790393075622465064e-07 3.752397163307026722e-07 3.714882008983488851e-07 3.677841103712340614e-07 3.641268072723670740e-07 3.605154063274883613e-07 3.569493778481782880e-07 3.534278688508282415e-07 3.499502867275097283e-07 3.465160514786517313e-07 3.431243487111994228e-07 3.397746991798097192e-07 3.364663175264326462e-07 3.331986640625492176e-07 3.299712109902409975e-07 3.267832072454683003e-07 3.236342197759469232e-07 3.205235236692893124e-07 3.174507005599144788e-07 3.144150505432798081e-07 3.114160987665009181e-07 3.084533813668234153e-07 3.055262274830604366e-07 3.026342598109986785e-07 2.997768300616595420e-07 2.969535738691656663e-07 2.941638645480213925e-07 2.914073502634599194e-07 2.886834250116213431e-07 2.859916849677778142e-07 2.833317363129973426e-07 2.807029964551495884e-07 2.781051490971726510e-07 2.755376303559978064e-07 2.730001350023519287e-07 2.704921170760050988e-07 2.680132820736637784e-07 2.655631012082500144e-07 2.631412903722060037e-07 2.607473372364180960e-07 2.583809677701695533e-07 2.560416854197137518e-07 2.537292259233388937e-07 2.514431078508760165e-07 2.491830764126234179e-07 2.469486646793083489e-07 2.447396270468064352e-07 2.425555104915994873e-07 2.403960783190168236e-07
3.720429957608468684e-07 3.683603168665649240e-07 3.647238123860707984e-07 3.611326237314463986e-07 3.575862231908135720e-07 3.540837831517592566e-07 3.506247185268769536e-07 3.472084566463800612e-07 3.438342071010972370e-07 3.405014920349939726e-07 3.372095489194308532e-07 3.339579160095069569e-07 3.307458574344504248e-07 3.275728581324701351e-07 3.244384144460060747e-07 3.213418220786812438e-07 3.182826634734389945e-07 3.152602583821452287e-07 3.122742034208133560e-07 3.093238413558873282e-07 3.064087185011512888e-07 3.035283917133904765e-07 3.006822305415040398e-07 2.978698709052728264e-07 2.950907031554431320e-07 2.923443757020376067e-07 2.896302988191492074e-07 2.869481330110131909e-07 2.842973076381547778e-07 2.816774949163123348e-07 2.790881424947945374e-07 2.765288769864285780e-07 2.739993344029017675e-07 2.714989830122396055e-07 2.690275280599749623e-07 2.665844543834833201e-07 2.641694775874866182e-07 2.617820983950553122e-07 2.594220424505134505e-07 2.570888257097327783e-07 2.547821835483542409e-07 2.525016465312502300e-07 2.502469594681424980e-07 2.480176669366125814e-07 2.458135228939724624e-07 2.436340853602588491e-07 2.414791171643521210e-07 2.393481892231172970e-07 2.372410729711901067e-07 2.351573516999583768e-07 2.330968051939031463e-07
3.580747902685803182e-07 3.545929511444806979e-07 3.511539902499568146e-07 3.477571334006324635e-07 3.444018230337343930e-07 3.410875134677465459e-07 3.378134647426213642e-07 3.345792169287446114e-07 3.313840556660759376e-07 3.282275365325584961e-07 3.251089696656560317e-07 3.220278636671593163e-07 3.189837380505484599e-07 3.159759320538681337e-07 3.130040434533844025e-07 3.100674336191618430e-07 3.071657139735811290e-07 3.042982670833841520e-07 3.014647175752376626e-07 2.986644683218463252e-07 2.958971004954609223e-07 2.931622051218405716e-07 2.904592086713649386e-07 2.877877721647549783e-07 2.851473404582799447e-07 2.825375862226281235e-07 2.799579719392578138e-07 2.774081815589558372e-07 2.748876944625772867e-07 2.723962055241346988e-07 2.699332103310807011e-07 2.674984143364243314e-07 2.650913286726273280e-07 2.627116690397627116e-07 2.603589614832267640e-07 2.580329316302042981e-07 2.557331198348826427e-07 2.534592613432219991e-07 2.512109102404967972e-07 2.489878110944200416e-07 2.467895311686722063e-07 2.446158240666739552e-07 2.424662697015349664e-07 2.403406304369968466e-07 2.382384983290660784e-07 2.361596442367872638e-07 2.341036718737983024e-07 2.320703603394648071e-07 2.300593245399405629e-07 2.280703515697086225e-07 2.261030670814087084e-07
3.448296422854965012e-07 3.415350872316340687e-07 3.382803300976387732e-07 3.350648510663382491e-07 3.318879570088358142e-07 3.287492056907411844e-07 3.256479275114438457e-07 3.225836951286990105e-07 3.195558614746212585e-07 3.165639578679360043e-07 3.136075260455683998e-07 3.106859457878696472e-07 3.077988299894936491e-07 3.049455788160243292e-07 3.021258182738703587e-07 2.993389680663442205e-07 2.965846668853187947e-07 2.938623531638990997e-07 2.911716778680529975e-07 2.885120973901324343e-07 2.858832249671956467e-07 2.832846830341470481e-07 2.807159488135720295e-07 2.781767069403163505e-07 2.756664509230550206e-07 2.731848762430296023e-07 2.707314920337988401e-07 2.683060042798741996e-07 2.659079371079020028e-07 2.635370066749724791e-07 2.611927514968483494e-07 2.588748975846035226e-07 2.565829972654990406e-07 2.543167860977036141e-07 2.520758296673177305e-07 2.498598727841048588e-07 2.476684937639809760e-07 2.455014463838392524e-07 2.433583211827902667e-07 2.412388806310935658e-07 2.391427270056559054e-07 2.370696312067385900e-07 2.350192067837666282e-07 2.329912328136947027e-07 2.309853336722616650e-07 2.290012963695934185e-07 2.270387556796122897e-07 2.250975063115702201e-07 2.231771930265893163e-07 2.212776180081935038e-07 2.193984356099731017e-07
3.322598511497325295e-07 3.291401684627241152e-07 3.260574672796884454e-07 3.230113227685736185e-07 3.200011069425930291e-07 3.170264092413516861e-07 3.140866224224951676e-07 3.111812995940409464e-07 3.083100037920472181e-07 3.054721525697060152e-07 3.026673736803101778e-07 2.998951034688847257e-07 2.971549822637225473e-07 2.944464644327383636e-07 2.917692024696990278e-07 2.891226680315891683e-07 2.865065253828257884e-07 2.839202627688670674e-07 2.813635558442069851e-07 2.788359087736260082e-07 2.763369642816912852e-07 2.738663736728642080e-07 2.714236595291191048e-07 2.690085286353423196e-07 2.666205180287736704e-07 2.642593445790025675e-07 2.619245592016614713e-07 2.596158885344642413e-07 2.573328968194160323e-07 2.550753201575294890e-07 2.528427355887093401e-07 2.506348883838635904e-07 2.484513678746402527e-07 2.462919282194879117e-07 2.441561705568045333e-07 2.420438576609339630e-07 2.399546020120885291e-07 2.378881747392571252e-07 2.358441992185562433e-07 2.338224546824134109e-07 2.318226109531237300e-07 2.298443471906988187e-07 2.278874506725762404e-07 2.259515738203028871e-07 2.240365114675325499e-07 2.221419254701925393e-07 2.202676179962561820e-07 2.184132599678007326e-07 2.165786606740829352e-07 2.147634997492302738e-07 2.129675933993233176e-07
3.203216738120644952e-07 3.173653262842117688e-07 3.144434290323328356e-07 3.115555415018257714e-07 3.087012328294462938e-07 3.058799377083131635e-07 3.030912860064346471e-07 3.003347304858827640e-07 2.976099134614064062e-07 2.949163050324239314e-07 2.922535595537290282e-07 2.896211637634656351e-07 2.870187836645733859e-07 2.844459219665222534e-07 2.819022559428182161e-07 2.793873036364314659e-07 2.769007532277211316e-07 2.744421374833381067e-07 2.720111551402130888e-07 2.696073531053962800e-07 2.672304403351030151e-07 2.648799773186577084e-07 2.625556829068417285e-07 2.602571306369726351e-07 2.579840489418608313e-07 2.557360238951481891e-07 2.535127932108927464e-07 2.513139550088436512e-07 2.491392559949269813e-07 2.469883058651229331e-07 2.448608600388610045e-07 2.427565393377851752e-07 2.406751076271212711e-07 2.386161964219283600e-07 2.365795777758470732e-07 2.345648934824908699e-07 2.325719235365040893e-07 2.306003196116988514e-07 2.286498694059872068e-07 2.267202340906837276e-07 2.248112088385878971e-07 2.229224639506944817e-07 2.210538018553647684e-07 2.192049016295651472e-07 2.173755727466800667e-07 2.155655027193355368e-07 2.137745078639016135e-07 2.120023137863694454e-07 2.102486534964009629e-07 2.085133500665160496e-07 2.067961138302242474e-07
3.089746296312718476e-07 3.061709983058168667e-07 3.033995717857788159e-07 3.006598189941820207e-07 2.979513845806541968e-07 2.952737541418502074e-07 2.926265842259387232e-07 2.900093764382629471e-07 2.874217988374220610e-07 2.848633684018412307e-07 2.823337643267647272e-07 2.798325183558964177e-07 2.773593204611988635e-07 2.749137165702003435e-07 2.724954070850593661e-07 2.701039515606579920e-07 2.677390604957861374e-07 2.654003065399065620e-07 2.630874099673954092e-07 2.607999560119969563e-07 2.585376744147519762e-07 2.563001625047144722e-07 2.540871591923596853e-07 2.518982734333212583e-07 2.497332530216065348e-07 2.475917180899076179e-07 2.454734250407969948e-07 2.433780047527457512e-07 2.413052219725015126e-07 2.392547179103476937e-07 2.372262654030571782e-07 2.352195155952030629e-07 2.332342491693145665e-07 2.312701268223484346e-07 2.293269368479061378e-07 2.274043491282447170e-07 2.255021593426154545e-07 2.236200753150694366e-07 2.217578125655752801e-07 2.199151744111040959e-07 2.180918552082431511e-07 2.162876651562234877e-07 2.145023065983211202e-07 2.127355964180131915e-07 2.109872446389198045e-07 2.092570746388390080e-07 2.075448038264866510e-07 2.058502618918899336e-07 2.041731995614310582e-07 2.025133740110193313e-07 2.008706212725528628e-07
2.981814247377140458e-07 2.955207956589496657e-07 2.928902159999633793e-07 2.902892019926846573e-07 2.877174240657308793e-07 2.851744132450812797e-07 2.826598509484013536e-07 2.801732824166509481e-07 2.777143997010961975e-07 2.752827617033963532e-07 2.728780707663013694e-07 2.704998989214006872e-07 2.681479584736896562e-07 2.658218340762371636e-07 2.635212476794717683e-07 2.612457960706728656e-07 2.589952105409168993e-07 2.567690995445341384e-07 2.545672034200532215e-07 2.523891418407947676e-07 2.502346639107663653e-07 2.481034000923504703e-07 2.459951079838874165e-07 2.439094284241224277e-07 2.418461272450495876e-07 2.398048552654392666e-07 2.377853863003843317e-07 2.357874090497604530e-07 2.338106202253642855e-07 2.318548022343777524e-07 2.299196321322919601e-07 2.280048997512269962e-07 2.261102908321939334e-07 2.242356024118012230e-07 2.223805285870511061e-07 2.205448733873604320e-07 2.187283389484774314e-07 2.169307360894487379e-07 2.151517746791918010e-07 2.133912721314197447e-07 2.116489707576143146e-07 2.099246193675121008e-07 2.082180422505908715e-07 2.065289700062240573e-07 2.048572330747712949e-07 2.032025687948487738e-07 2.015648135872380181e-07 1.999437112722055163e-07 1.983391040876724299e-07 1.967507651381726273e-07 1.951784731680793659e-07
