0.000000000000000000e+00 0.000000000000000000e+00 0.000000000000000000e+00 0.000000000000000000e+00 0.000000000000000000e+00 0.000000000000000000e+00 0.000000000000000000e+00 0.000000000000000000e+00 0.000000000000000000e+00 0.000000000000000000e+00 0.000000000000000000e+00 0.000000000000000000e+00 0.000000000000000000e+00 0.000000000000000000e+00 0.000000000000000000e+00 0.000000000000000000e+00 0.000000000000000000e+00 0.000000000000000000e+00 0.000000000000000000e+00 0.000000000000000000e+00 3.838415540474838794e-01 6.456253150270947483e-01 7.655828584984667451e-01 7.964412248986392218e-01 7.736615212791529972e-01 7.207555705176796890e-01 6.530217832721342264e-01 5.801600608410185655e-01 5.080937324062877458e-01 4.402321239017652488e-01 3.783398143864409313e-01 3.231303764114248911e-01 2.746679641157621088e-01 2.326355846506860947e-01 1.965114474687283397e-01 1.656824095964219146e-01 1.395147728663152231e-01 1.173965021375628776e-01 9.876057819473144095e-02 8.309614380873311945e-02 6.995196703085831968e-02 5.893526183135674307e-02 4.970788036243204561e-02 4.198118686375568870e-02 3.551044378939531565e-02 3.008921774798866897e-02 2.554409813520864408e-02 2.172988106248936388e-02 1.852528167562128222e-02 1.582918272339749188e-02 1.355739485761547902e-02
0.000000000000000000e+00 0.000000000000000000e+00 0.000000000000000000e+00 0.000000000000000000e+00 0.000000000000000000e+00 0.000000000000000000e+00 0.000000000000000000e+00 0.000000000000000000e+00 0.000000000000000000e+00 0.000000000000000000e+00 0.000000000000000000e+00 0.000000000000000000e+00 0.000000000000000000e+00 0.000000000000000000e+00 0.000000000000000000e+00 0.000000000000000000e+00 3.057135473252425850e-01 5.594901926718564011e-01 6.937325096914708222e-01 7.439325438322917927e-01 7.393952420818692417e-01 7.015625734982150474e-01 6.453616188331239290e-01 5.808119622668119764e-01 5.143915338973187312e-01 4.500926440566348496e-01 3.902039987299816270e-01 3.358749007108209339e-01 2.875144592811118560e-01 2.450692224566410893e-01 2.082128947967982480e-01 1.764734249352873374e-01 1.493160705284641843e-01 1.261959330696846016e-01 1.065896281944880147e-01 9.001294041149685010e-02 7.602926336898130355e-02 6.425215304688473850e-02 5.434427040516298657e-02 4.601424734420040547e-02 3.901248978637132658e-02 3.312657119350629481e-02 2.817662282198730647e-02 2.401096009756986671e-02 2.050207363835144722e-02 1.754304148949125189e-02 1.504437385832675493e-02 1.293127444925753350e-02 1.114128737072631568e-02 9.622291340422367209e-03 8.330800675090717020e-03
0.000000000000000000e+00 0.000000000000000000e+00 0.000000000000000000e+00 0.000000000000000000e+00 0.000000000000000000e+00 0.000000000000000000e+00 0.000000000000000000e+00 0.000000000000000000e+00 0.000000000000000000e+00 0.000000000000000000e+00 0.000000000000000000e+00 0.000000000000000000e+00 2.535455064371689438e-01 4.901075498736406355e-01 6.299212272095671139e-01 6.934412985382629735e-01 7.034939279114581501e-01 6.787894637058955460e-01 6.333006814870849599e-01 5.769330349474318664e-01 5.164199987158635263e-01 4.561410533476608631e-01 3.987867228190185021e-01 3.458697555797476952e-01 2.981047817358747909e-01 2.556832870291054771e-01 2.184685484644986464e-01 1.861309841825007083e-01 1.582400306624615338e-01 1.343248436989038785e-01 1.139130018118894166e-01 9.655394766130420692e-02 8.183203929150868750e-02 6.937268821913518402e-02 5.884403296311752074e-02 4.995584783220410191e-02 4.245684778880304266e-02 3.613116650485152792e-02 3.079451469127282223e-02 2.629033811773764245e-02 2.248616619566363994e-02 1.927025548324707779e-02 1.654857553510226398e-02 1.424214816552999904e-02 1.228472897880609344e-02 1.062080736382711547e-02 9.203894831019028555e-03 7.995069340740658392e-03 6.961743587885518315e-03 6.076627016963800400e-03 5.316853945337199003e-03
0.000000000000000000e+00 0.000000000000000000e+00 0.000000000000000000e+00 0.000000000000000000e+00 0.000000000000000000e+00 0.000000000000000000e+00 0.000000000000000000e+00 0.000000000000000000e+00 2.207097810944089189e-01 4.362364382328421941e-01 5.752630546960995073e-01 6.468584218981263678e-01 6.678804182335598139e-01 6.540816401381944756e-01 6.181159515449198283e-01 5.694431731645241967e-01 5.147948788283956967e-01 4.587529486971518300e-01 4.042841350612195184e-01 3.531833132671406972e-01 3.064207562018551045e-01 2.644044723417088849e-01 2.271730246900665051e-01 1.945339540819989443e-01 1.661609088427768999e-01 1.416601387099535592e-01 1.206146967350814614e-01 1.026127108224535456e-01 8.726447864758110629e-02 7.421187912456332636e-02 6.313262869131022748e-02 5.374118546067200436e-02 4.578756733312555616e-02 3.905495784483491856e-02 3.335669044105700476e-02 2.853300015447983798e-02 2.444778985227851961e-02 2.098556000220900761e-02 1.804858409854656967e-02 1.555436745074595048e-02 1.343339834977446724e-02 1.162718288051967953e-02 1.008654438404469125e-02 8.770163326047020202e-03 7.643331360118053169e-03 6.676893475918821430e-03 5.846353461805404994e-03 5.131119927472584802e-03 4.513872454222285155e-03 3.980029831023251460e-03 3.517304647937049677e-03
0.000000000000000000e+00 0.000000000000000000e+00 0.000000000000000000e+00 2.860718604053602652e-03 2.016191369751401397e-01 3.957683319906950548e-01 5.298233459697132552e-01 6.052561789185927354e-01 6.339408309028320421e-01 6.287805593057417264e-01 6.009462589766300100e-01 5.592313520116409808e-01 5.101641584938336749e-01 4.583688154954937977e-01 4.069701690650001646e-01 3.579626526067778425e-01 3.125171864446492087e-01 2.712235456999489980e-01 2.342750788522341976e-01 2.016056272570831975e-01 1.729885530278864880e-01 1.481066483689530422e-01 1.266001998091761394e-01 1.080989969033371578e-01 9.224276490700167308e-02 7.869341277498902165e-02 6.714161793731332484e-02 5.730959223963776050e-02 4.895135705146660271e-02 4.185146819637709792e-02 3.582284498835137249e-02 3.070414878709476492e-02 2.635700616799831197e-02 2.266326513663204090e-02 1.952239830185913821e-02 1.684911581251874804e-02 1.457121659739277209e-02 1.262768415575407817e-02 1.096701924808288729e-02 9.545793731603630441e-03 8.327405600420043075e-03 7.281013691996827270e-03 6.380630572860179414e-03 5.604353166374456165e-03 4.933712290907389143e-03 4.353124141745061751e-03 3.849428682903295769e-03 3.411501796096945687e-03 3.029929793862459926e-03 2.696736505942076787e-03 2.405154578279655991e-03
1.921475240566682119e-01 3.663778746256787233e-01 4.930043631569577811e-01 5.690575100765766781e-01 6.025647955981474624e-01 6.038985659824473995e-01 5.827405526049537210e-01 5.470986142977155575e-01 5.031561196137199765e-01 4.554512491523588502e-01 4.071636457610565141e-01 3.604096559058045934e-01 3.165054341693002704e-01 2.761847888512253268e-01 2.397714308467984168e-01 2.073106928007046323e-01 1.786675363895121604e-01 1.535976752478972196e-01 1.317978974234456091e-01 1.129406771661524561e-01 9.669716658617937000e-02 8.275176197610385753e-02 7.081068510864495236e-02 6.060640893742093999e-02 5.189927610499053129e-02 4.447728787807941897e-02 3.815476027052492475e-02 3.277033459692826195e-02 2.818467560765124114e-02 2.427807860434352122e-02 2.094812706911930791e-02 1.810748617893169488e-02 1.568187882401804456e-02 1.360826462727476871e-02 1.183322538712384270e-02 1.031154968286520160e-02 9.005003139243733870e-03 7.881267630975460209e-03 6.913031502660317920e-03 6.077212964885434811e-03 5.354299700164405484e-03 4.727789026852075721e-03 4.183714492668424122e-03 3.710246349779207711e-03 3.297354904837842410e-03 2.936527183413594616e-03 2.620528668800551839e-03 2.343203057929755910e-03 2.098579477392033613e-03 1.882884962450978757e-03 1.692527981679048258e-03
5.742267449049868189e-01 5.801350336224712079e-01 5.642391647321076675e-01 5.337243179831901996e-01 4.943422356082181057e-01 4.504506068248080863e-01 4.051993490210124005e-01 3.607581942677023923e-01 3.185363635455124576e-01 2.793738879354278892e-01 2.436986506802468477e-01 2.116502041676141810e-01 1.831744098902931828e-01 1.580938756828848546e-01 1.361590695974858045e-01 1.170844414800675248e-01 1.005731828924286697e-01 8.633355593023275820e-02 7.408909180927532312e-02 6.358442638193795293e-02 5.458810449961597200e-02 4.689333988070861631e-02 4.031744908497664898e-02 3.470047373928672463e-02 2.990335163848065539e-02 2.580588374367846077e-02 2.230466124669629874e-02 1.931105734992060591e-02 1.674934636505752070e-02 1.455498360854977011e-02 1.267305988001945008e-02 1.105693141737696360e-02 9.667018158790409085e-03 8.469758452057853798e-03 7.436705972264283891e-03 6.543753770365336002e-03 5.770470530201923798e-03 5.099534873809615128e-03 4.516254658156398233e-03 4.008159470205571381e-03 3.564655832729690232e-03 3.176735905484036251e-03 2.836731660454350386e-03 2.538107601982037952e-03 2.275286082595094021e-03 2.042689762699961224e-03 1.837208315497797489e-03 1.655369253574291190e-03 1.494133642362357670e-03 1.350889496575455968e-03 1.223339806846080553e-03
4.842146871985461010e-01 4.437803760731827141e-01 4.014049343532045122e-01 3.592543187636659807e-01 3.187843711858147078e-01 2.809056941510312821e-01 2.461242138029280935e-01 2.146553698739697702e-01 1.865136618296223403e-01 1.615808738653912724e-01 1.396567214905358456e-01 1.204954924318354104e-01 1.038318225938696798e-01 8.939823290245753340e-02 7.693654768704365210e-02 6.620486306150605293e-02 5.698135027850124296e-02 4.906586539582224321e-02 4.228008682030456877e-02 3.646670751779342717e-02 3.148805944773763049e-02 2.722443523471688998e-02 2.357228846187372356e-02 2.044243274700430213e-02 1.775831563461244614e-02 1.545441208098406911e-02 1.347476061873663540e-02 1.177165061464479669e-02 1.030445944162021107e-02 9.038632415433001804e-03 7.944794916098689777e-03 6.997984426956200925e-03 6.176989703364719683e-03 5.463784513304893557e-03 4.843044081247499522e-03 4.301733311205716871e-03 3.828756926821701850e-03 3.414662754466492485e-03 3.051390431805456587e-03 2.732058814596774032e-03 2.450786260202662738e-03 2.202308212319075559e-03 1.982052811220207968e-03 1.787001071939641394e-03 1.613930880917488009e-03 1.460024474659540709e-03 1.322939624036683628e-03 1.200614153369672452e-03 1.091220574418534607e-03 9.932577383658710429e-04 9.053421381171784538e-04
3.174336650566618179e-01 2.809129443703649032e-01 2.471376614661867088e-01 2.163809238916546418e-01 1.887129688754858869e-01 1.640660414890608154e-01 1.422835597486008519e-01 1.231564272305692709e-01 1.064491483022408647e-01 9.191805115176664154e-02 7.932353523805797668e-02 6.843788780553944351e-02 5.904988435092765886e-02 5.096710922242193853e-02 4.401670466008911903e-02 3.804507488425721423e-02 3.291692984963307672e-02 2.851394423053841762e-02 2.473322474975525251e-02 2.148571755024473312e-02 1.869464225444312372e-02 1.629400683180569354e-02 1.422723433933083780e-02 1.244591660496786878e-02 1.090869912621330283e-02 9.580294431282146764e-03 8.430616822279831182e-03 7.434028985822705229e-03 6.568689824087888159e-03 5.815992596419314840e-03 5.160082757666728699e-03 4.587445514188657689e-03 4.086553938626782782e-03 3.647569385808029432e-03 3.262086865483035912e-03 2.922918909346387730e-03 2.623912293931854930e-03 2.359792733814379366e-03 2.125607928232096065e-03 1.917702376597594117e-03 1.733124423617559600e-03 1.568871406577458660e-03 1.422467240887211829e-03 1.291735614855181328e-03 1.174751549848935183e-03 1.069882976432091730e-03 9.757508047393985461e-04 8.911179945846071362e-04 8.148693679836228150e-04 7.460996460471674366e-04 6.839171491662370114e-04
1.898182542302260523e-01 1.655748546530452225e-01 1.440494295527529611e-01 1.250655407219671278e-01 1.084152517067911020e-01 9.387757006954089434e-02 8.123115948072948123e-02 7.026272799357460852e-02 6.077222148834201393e-02 5.257570836632948635e-02 4.550663747225267702e-02 3.941598477998314864e-02 3.417167175867204254e-02 2.965753468005326993e-02 2.577204445833090191e-02 2.242691632326736587e-02 1.954570368490859966e-02 1.706243756219975177e-02 1.492034913900185285e-02 1.307069615171621048e-02 1.147170214681597633e-02 1.008760981011445380e-02 8.887844516866879804e-03 7.846281190723154372e-03 6.940605897120637191e-03 6.151762894162156499e-03 5.463477800717390399e-03 4.861847886239454089e-03 4.334991075506965975e-03 3.872745979841736748e-03 3.466416036485778750e-03 3.108551608394977388e-03 2.792764635315461361e-03 2.513571114599620626e-03 2.266257316969160808e-03 2.046162347258171678e-03 1.850509876587000217e-03 1.676304106174348815e-03 1.520910008206921571e-03 1.382008856493995410e-03 1.257664255141837046e-03 1.146160565472435170e-03 1.045969009741714705e-03 9.557918862044991045e-04 8.745308530107127280e-04 8.011924330915056337e-04 7.348433803800575280e-04 6.748169691960757832e-04 6.203508303422887232e-04 5.709149143908363259e-04 5.259860113407889733e-04
1.097328347310643076e-01 9.527273068655521537e-02 8.265061422030316185e-02 7.166742539027037839e-02 6.213448681587606381e-02 5.387680614272046670e-02 4.673473634355746614e-02 4.056448961058742309e-02 3.523787869022869390e-02 3.064156260556796449e-02 2.667599806424116038e-02 2.325423974969846944e-02 2.030068875031150119e-02 1.774985564642895045e-02 1.554518077589473087e-02 1.363793690849450686e-02 1.198622735455712879e-02 1.055408413038624871e-02 9.310665205903781091e-03 8.229546301786742207e-03 7.288100603142935383e-03 6.466958678414201633e-03 5.749540512624401294e-03 5.121651646885849209e-03 4.571135790658949379e-03 4.087576818515235508e-03 3.662043694765353130e-03 3.286872530017134492e-03 2.955480625918200429e-03 2.662207984493453975e-03 2.402182333030650034e-03 2.170961214835607101e-03 1.964885310336123968e-03 1.781243707062331273e-03 1.617298189637119896e-03 1.470640994997163926e-03 1.339250884822949014e-03 1.221339577648233605e-03 1.115315971589800120e-03 1.019824402018380729e-03 9.337128632778193002e-04 8.559115193395966078e-04 7.855421759196777728e-04 7.217755472094988713e-04 6.639102831206729338e-04 6.113547297080330813e-04 5.635597022998435407e-04 5.199916638080966276e-04 4.802721233193674795e-04 4.439969286746999616e-04 4.108496415899432516e-04
6.313012027109145274e-02 5.486192748384350476e-02 4.769136850210689560e-02 4.148037283563432709e-02 3.610517511344828873e-02 3.145579907449145424e-02 2.743521516212720640e-02 2.395831549155100562e-02 2.095080772808582958e-02 1.834809753282774791e-02 1.609420553268423038e-02 1.414074744277433668e-02 1.244599353093654888e-02 1.097401488088593953e-02 9.693917946724060070e-03 8.579164968879709335e-03 7.606975380548205989e-03 6.757801949356944532e-03 6.014874752412094350e-03 5.363805937650507720e-03 4.792248407524103693e-03 4.289601947712949441e-03 3.846760825344157884e-03 3.455897436663480857e-03 3.110277151751923361e-03 2.804100056657063064e-03 2.532365814553247298e-03 2.290758347902831487e-03 2.075110010774396802e-03 1.882665388058094936e-03 1.710677101502137932e-03 1.556761195623578573e-03 1.418690763496327804e-03 1.294713794611789849e-03 1.183151706988988311e-03 1.082597796069307942e-03 9.918524168738582312e-04 9.098068761549463201e-04 8.355445333703096378e-04 7.682049969749022442e-04 7.070572941928033412e-04 6.514817932578596598e-04 6.008819013209984634e-04 5.547764900449776758e-04 5.126721432559161766e-04 4.742375675519798798e-04 4.390546400684045025e-04 4.068495786771335896e-04 3.773212989779901124e-04 3.502192256644752000e-04 3.253190188935808393e-04
3.676721652635589477e-02 3.209348497427585989e-02 2.804279646223931111e-02 2.453230392020637821e-02 2.148942160273185215e-02 1.885081995706323552e-02 1.656143592679120910e-02 1.457352962270580359e-02 1.284580589401887636e-02 1.134261048501965241e-02 1.003320429958859394e-02 8.891115137169010307e-03 7.893563578676503559e-03 7.020958082193101170e-03 6.256453487011191285e-03 5.585566788779677133e-03 4.995844066363181596e-03 4.476572686995598273e-03 4.018533300014295005e-03 3.613786587024938983e-03 3.255490223630028331e-03 2.937741995249782117e-03 2.655445478029371063e-03 2.404195133880939351e-03 2.179997560442426333e-03 1.979486529440198199e-03 1.800157610152925075e-03 1.639466070504353671e-03 1.495256142720570317e-03 1.365593856121753800e-03 1.248848969314654469e-03 1.143540846793901890e-03 1.048428872180145934e-03 9.623709231129633918e-04 8.844168312722435962e-04 8.136790673061967353e-04 7.494005672056931137e-04 6.909368761830639956e-04 6.376715344091711318e-04 5.890812807845034835e-04 5.447228586810797793e-04 5.041609689437904617e-04 4.670474974071729072e-04 4.330163466886882717e-04 4.018123426993691887e-04 3.731552034066085741e-04 3.468265323063380082e-04 3.225992093694933331e-04 3.002847906170654684e-04 2.797137149792927949e-04 2.607332051207580785e-04
2.191209334231975295e-02 1.925356788558478874e-02 1.694249880118500057e-02 1.493206195052950401e-02 1.318164106235841619e-02 1.165607430355035216e-02 1.032496957203229461e-02 9.162089345785121020e-03 8.144803084662935455e-03 7.253603398825393678e-03 6.471681174092958760e-03 5.784554356888900288e-03 5.179744982154710874e-03 4.646499152875589907e-03 4.175544959340523471e-03 3.758883695223472297e-03 3.389610140466136484e-03 3.061758106528030682e-03 2.770167857130743146e-03 2.510372414079008793e-03 2.278500125466323672e-03 2.070820468070778877e-03 1.884810208597995215e-03 1.718029209824373195e-03 1.568162524964844713e-03 1.433348770858940352e-03 1.311805446361751903e-03 1.202129786594086005e-03 1.102937977053222631e-03 1.013141796105758528e-03 9.317357358211490704e-04 8.578094682092951865e-04 7.905837084197569684e-04 7.293926404749659625e-04 6.736027035541463986e-04 6.226946639703423826e-04 5.761467476858407946e-04 5.335731681484409943e-04 4.945915665300408244e-04 4.588259793354121352e-04 4.260091364851056948e-04 3.958519650498370959e-04 3.681266514269220403e-04 3.425845253117952008e-04 3.190589840384842088e-04 2.973587119148430030e-04 2.773371001544757547e-04 2.588255285727443468e-04 2.417183704475189929e-04 2.258860982947337470e-04 2.112224974912588595e-04
1.345069061868170955e-02 1.191165309744941780e-02 1.056655368617936269e-02 9.389546158623075095e-03 8.358286992469271190e-03 7.453474151911811119e-03 6.658440447494150954e-03 5.958796933231751136e-03 5.342121573045776652e-03 4.797688433941319983e-03 4.316232853657515911e-03 3.889748321452421703e-03 3.511311156419438632e-03 3.174929436258030948e-03 2.875412999021570264e-03 2.608261696867361732e-03 2.369569415532868286e-03 2.155768073812716103e-03 1.963897893797182138e-03 1.791662052881238957e-03 1.636798152984594900e-03 1.497304840654555599e-03 1.371480970338009170e-03 1.257788433991052866e-03 1.154926180315305568e-03 1.061703631210681375e-03 9.771195136545596759e-04 9.002457210133252546e-04 8.302848774745462922e-04 7.665531669791150011e-04 7.084032678754798550e-04 6.552811118892978111e-04 6.067132504521783546e-04 5.622409812865253277e-04 5.214736590913612944e-04 4.840790186733338191e-04 4.497270842346766059e-04 4.181385598517626330e-04 3.890628809879159971e-04 3.622886532603179625e-04 3.375984507633099136e-04 3.148099859378388453e-04 2.937587983891740292e-04 2.743075600046158686e-04 2.562989842459846459e-04 2.396333556664282760e-04 2.241892275009787399e-04 2.098757458945541758e-04 1.965832000571943736e-04 1.842467860658905177e-04 1.727742133693090066e-04
8.532291999163490667e-03 7.618896370297257269e-03 6.815122399621341941e-03 6.106760924223342095e-03 5.481521614430821809e-03 4.928772560181608232e-03 4.439313796854471583e-03 4.005180876000754252e-03 3.619474872962971136e-03 3.276215540370611828e-03 2.970214641853942492e-03 2.696966819231985928e-03 2.452555649490593178e-03 2.233561708818704479e-03 2.036680011632837836e-03 1.859761382666002541e-03 1.700525276091876398e-03 1.556954175779064415e-03 1.427326704664535085e-03 1.310089004672169294e-03 1.203921188399267265e-03 1.107618164637185496e-03 1.020161639911900276e-03 9.406105183740126954e-04 8.681536574988731438e-04 8.020931478715177983e-04 7.417710291130205982e-04 6.866220408467396327e-04 6.361613433249055025e-04 5.899217115303993569e-04 5.475035468407947253e-04 5.085654829057632224e-04 4.727707850215840486e-04 4.398330427991847574e-04 4.094951090533206360e-04 3.815388854274107578e-04 3.557419989284130992e-04 3.319169483449573303e-04 3.098944403342191313e-04 2.895321851904497320e-04 2.706697524570905798e-04 2.532026386898663544e-04 2.370063197785489374e-04 2.219774422976102319e-04 2.080304582358577861e-04 1.950625618929563139e-04 1.830122497428590450e-04 1.718000150026021355e-04 1.613609565646826206e-04 1.516357406031610539e-04 1.425762558746953993e-04
5.596887156273098671e-03 5.038725910939144403e-03 4.543801817944121378e-03 4.104239787831214306e-03 3.713206892337481829e-03 3.364770464617426130e-03 3.053775418508688968e-03 2.775738315530065000e-03 2.526755981594768895e-03 2.303426731782819582e-03 2.102543021983745240e-03 1.921748000903381569e-03 1.758809666406054538e-03 1.611792903852288716e-03 1.478900660833959609e-03 1.358594170437746893e-03 1.249542234118031139e-03 1.150532109175803281e-03 1.060513651931543596e-03 9.785795324431837642e-04 9.039076442783464029e-04 8.357315757993989767e-04 7.734443737174003181e-04 7.164706747756076528e-04 6.642810164130825545e-04 6.164202283190188666e-04 5.724817525564922845e-04 5.321018937085310015e-04 4.949692155911160829e-04 4.607759593477051365e-04 4.292726495831464067e-04 4.001965035149679080e-04 3.733601992330974032e-04 3.485588017650649356e-04 3.256189343126902154e-04 3.043940937468908245e-04 2.847309342993728596e-04 2.664914166163415165e-04 2.495866603354395322e-04 2.338824266099793657e-04 2.192913525882413301e-04 2.057330553566046527e-04 1.931114914016050506e-04 1.813683852607869522e-04 1.704290821668781098e-04 1.602386304586964451e-04 1.507280979280076194e-04 1.418526876586928835e-04 1.335706712410593010e-04 1.258328359820372409e-04 1.185994802544718861e-04
3.791846579810083818e-03 3.439952738162740595e-03 3.125476864153532014e-03 2.843983278065155551e-03 2.591604608460477271e-03 2.364965462877908001e-03 2.160998258306930011e-03 1.977096371779552691e-03 1.811218168219551209e-03 1.661348240405799209e-03 1.525755717563236427e-03 1.402901422846738544e-03 1.291390697288916827e-03 1.190089084064254550e-03 1.097883163469903214e-03 1.013879520425709771e-03 9.372514186283920990e-04 8.672300269636163197e-04 8.032006421466843585e-04 7.445828989950549742e-04 6.908433888401424973e-04 6.415218772058781799e-04 5.962068996522147625e-04 5.545300364136464223e-04 5.161745474702440469e-04 4.808292212645712813e-04 4.482397842864357788e-04 4.181409263239308145e-04 3.903403153053144978e-04 3.646301707435000783e-04 3.408338077224498186e-04 3.188011118773262094e-04 2.983763465760187424e-04 2.794191281804958289e-04 2.618281861477445450e-04 2.454936051233111622e-04 2.302998081152027646e-04 2.161724147877467012e-04 2.030140376545286698e-04 1.907638542296088318e-04 1.793457526142781886e-04 1.686968142421578552e-04 1.587651649462163013e-04 1.494861460317448002e-04 1.408224844055038557e-04 1.327189719148457088e-04 1.251447985178699295e-04 1.180570941280815886e-04 1.114211831291186700e-04 1.052090848497489058e-04 9.938318731910350003e-05
2.646678381276930132e-03 2.417776858399984293e-03 2.211608375350132376e-03 2.025465885376177919e-03 1.857360469806551041e-03 1.705312069871295225e-03 1.567599920800397985e-03 1.442693316105848845e-03 1.329206311390937001e-03 1.226003588731048753e-03 1.131977889385977131e-03 1.046250995808052642e-03 9.679438956040124732e-04 8.963573762764732739e-04 8.308219456974509382e-04 7.707566545954409399e-04 7.156581533498475615e-04 6.650474903969771402e-04 6.185103631158785781e-04 5.756887760932001032e-04 5.362352134225869269e-04 4.998502792473264681e-04 4.662644770924206168e-04 4.352461018451318558e-04 4.065638197038881304e-04 3.800196114685143803e-04 3.554342697130274237e-04 3.326547126837580272e-04 3.115147076746649477e-04 2.918986418430624392e-04 2.736756474580671113e-04 2.567350422790913209e-04 2.409833340987496762e-04 2.263134387700502812e-04 2.126557293455654310e-04 1.999260546868177741e-04 1.880541609210360440e-04 1.769756926400801707e-04 1.666316443226343474e-04 1.569731388861124390e-04 1.479396969684084503e-04 1.394958838959602814e-04 1.315944288505185064e-04 1.241966601804200983e-04 1.172669441399811467e-04 1.107724223135473756e-04 1.046827739491318858e-04 9.897346404187379050e-05 9.361153980568171678e-05 8.857981735033175128e-05 8.384981704583729424e-05
1.896959996074767084e-03 1.743391824811672472e-03 1.604148290988777681e-03 1.477715276025642335e-03 1.362739337749767571e-03 1.258039849431649444e-03 1.162588531445827005e-03 1.075442279197846938e-03 9.957948051054342931e-04 9.228835301254893981e-04 8.561036787167096646e-04 7.948291676450317976e-04 7.385710408136681327e-04 6.868510486741551341e-04 6.392540961282559787e-04 5.954202995041324746e-04 5.550017565574581280e-04 5.176976075658381487e-04 4.832367864932807190e-04 4.513853343865821197e-04 4.219109306579358655e-04 3.946138569715887281e-04 3.693132072445297711e-04 3.458537508129136558e-04 3.240685802392151297e-04 3.038395613603151412e-04 2.850347300657108838e-04 2.675418882722880188e-04 2.512657422766252841e-04 2.360985024794121253e-04 2.219685342837591753e-04 2.087907312290805803e-04 1.964936018289182207e-04 1.850116098977285200e-04 1.742846247162565360e-04 1.642624909309235519e-04 1.548841391850188872e-04 1.461127671494732592e-04 1.379003892001045900e-04 1.302074589103568135e-04 1.229975129507229282e-04 1.162369065121486610e-04 1.098945737028897619e-04 1.039451679883638693e-04 9.835528824754101885e-05 9.310691405798465639e-05 8.817399420196291406e-05 8.353282490788047369e-05 7.916942927316138374e-05 7.506289181259113541e-05 7.119644116812555077e-05
1.391782675586621630e-03 1.286029495305453284e-03 1.189516707328711715e-03 1.101312565057537560e-03 1.020617582081434840e-03 9.466918470276879452e-04 8.788894614066999509e-04 8.166337725800076582e-04 7.594223177491834587e-04 7.067796470932859003e-04 6.583040114494365233e-04 6.136107539121478816e-04 5.723545910182217377e-04 5.342680971731943651e-04 4.990464148362085215e-04 4.664655477166405428e-04 4.362932784030279856e-04 4.083290882545579314e-04 3.823911897300150565e-04 3.583145707077840759e-04 3.359573101649081977e-04 3.151743403234765276e-04 2.958414848964364551e-04 2.778455069445980963e-04 2.610896907190120362e-04 2.454660326953452486e-04 2.309011419358825254e-04 2.173093242840288316e-04 2.046181373956274798e-04 1.927611240678793491e-04 1.816772638574506071e-04 1.713152975522661469e-04 1.616138390886609792e-04 1.525348178128675702e-04 1.440297323061447057e-04 1.360583067642853782e-04 1.285833806414826740e-04 1.215706433090886333e-04 1.149883936094932562e-04 1.088105459069879731e-04 1.030033988470699711e-04 9.754812500545732867e-05 9.241554315345090179e-05 8.758976094164466070e-05 8.304791182363788194e-05 7.877147182411444164e-05 7.474324091412213320e-05 7.094723972513387845e-05 6.736861503446329568e-05 6.399544454239917502e-05 6.081100924776732414e-05
1.042282108651943406e-03 9.676084645334435139e-04 8.990668635541587510e-04 8.360609644755736397e-04 7.781055660505043934e-04 7.247302533138521349e-04 6.755355938714298998e-04 6.301402619112659578e-04 5.882014946676047311e-04 5.494510694217845728e-04 5.135871786798586972e-04 4.803851348524745130e-04 4.496136982282836962e-04 4.210724422782839661e-04 3.945794986485007911e-04 3.699774828900866531e-04 3.471001566173717210e-04 3.258260501051115005e-04 3.060226265321821246e-04 2.875826689063040297e-04 2.703888137955133314e-04 2.543588335644164861e-04 2.393934591317189347e-04 2.254247043877941070e-04 2.123734530115101073e-04 2.001725930541398211e-04 1.887652616217176703e-04 1.780849552680555874e-04 1.680888519026073975e-04 1.587199627571835557e-04 1.499425164299004662e-04 1.417112809903856756e-04 1.339885369646023991e-04 1.267394341037039729e-04 1.199350161758708195e-04 1.135388045271466947e-04 1.075295559982665310e-04 1.018757069738581003e-04 9.655928959765436434e-05 9.155541503481237175e-05 8.684133358718739142e-05 8.240301757375999650e-05 7.822037875251228374e-05 7.427911773748028580e-05 7.055987597164936967e-05 6.705065702447629160e-05 6.373829930677332744e-05 6.061220432935510714e-05 5.765756032429482982e-05 5.486695442857733541e-05 5.222881234049789686e-05
7.945145972491709802e-04 7.406093650319348380e-04 6.908596370813918121e-04 6.449216293008852878e-04 6.024554053051695305e-04 5.631640248214047012e-04 5.267882415379166600e-04 4.930755122402049424e-04 4.618059569944179296e-04 4.327801039698738481e-04 4.058167766448457438e-04 3.807585780925621852e-04 3.574405639410769349e-04 3.357404571140480101e-04 3.155262213200103879e-04 2.966901712731963162e-04 2.791155496570008228e-04 2.627191567843363985e-04 2.474021154451392073e-04 2.330954618419705680e-04 2.197200437235209149e-04 2.072131052202780027e-04 1.955028940819502259e-04 1.845372227150454333e-04 1.742676343727825794e-04 1.646410995234377068e-04 1.556091410416920995e-04 1.471381859153795537e-04 1.391861353362664638e-04 1.317209990939045784e-04 1.247034674930464599e-04 1.181067588283475400e-04 1.119057204403742890e-04 1.060686484192668763e-04 1.005769992874075490e-04 9.540564567998582218e-05 9.053388062244732747e-05 8.594246445698446729e-05 8.161351127786044127e-05 7.753038495600214533e-05 7.367760386465706929e-05 7.004075349964932644e-05 6.660808759978785302e-05 6.336365966274548546e-05 6.029907532914425546e-05 5.740035967802588091e-05 5.466031354373756542e-05 5.206795430752561587e-05 4.961319551107560525e-05 4.729032137002080779e-05 4.509029800166977175e-05
6.150384541052861861e-04 5.753586224393885404e-04 5.385746158000440922e-04 5.044634942280826380e-04 4.727987925521515340e-04 4.433828191738930298e-04 4.160430142370878550e-04 3.906011953407877851e-04 3.669223333342371061e-04 3.448633118827125759e-04 3.242999719479246570e-04 3.051187937276945744e-04 2.872214734220985004e-04 2.705014665178693428e-04 2.548824413625483463e-04 2.402787482825109516e-04 2.266168357771987916e-04 2.138290691173618061e-04 2.018575011197855894e-04 1.906360492025859844e-04 1.801202596903952763e-04 1.702571206287175113e-04 1.609980943398851394e-04 1.523089139236121696e-04 1.441474178731421091e-04 1.364811666267517945e-04 1.292709041460269963e-04 1.224893861501080770e-04 1.161110438836015867e-04 1.101041650128032143e-04 1.044496746775012063e-04 9.912230396618501723e-05 9.410107866305630604e-05 8.936649858402219708e-05 8.490042443306417832e-05 8.068597412654611434e-05 7.670742773313845501e-05 7.295014023313665128e-05 6.940207939130215050e-05 6.604721377312348387e-05 6.287681846793105622e-05 5.987683430194128793e-05 5.703975967576826919e-05 5.435448275969612564e-05 5.181078676419728944e-05 4.940268775561839867e-05 4.712103740500321960e-05 4.495845393403181446e-05 4.290802701948277120e-05 4.096328528415641313e-05 3.911910024748370423e-05
4.825505169350891282e-04 4.528392012549244203e-04 4.252025207818109715e-04 3.994650406937682858e-04 3.754923113882652186e-04 3.531428972485185671e-04 3.322936365622713170e-04 3.128372699605293543e-04 2.946594603965430590e-04 2.776762043582214011e-04 2.617952117506108030e-04 2.469367055935587957e-04 2.330273286917659338e-04 2.199995689304594577e-04 2.077912417245361427e-04 1.963489000163672852e-04 1.856117856219815002e-04 1.755386559496684281e-04 1.660805609683492013e-04 1.571958238358574721e-04 1.488458817355787177e-04 1.409950293517085512e-04 1.336129939574461827e-04 1.266633823071147615e-04 1.201206684570988456e-04 1.139609018256218699e-04 1.081568824627435302e-04 1.026858425706992024e-04 9.752452028551460562e-05 9.265750833667855458e-05 8.806427134211731599e-05 8.372954151936634658e-05 7.963372418566824838e-05 7.576388387002809771e-05 7.210619198300687483e-05 6.864922753697123836e-05 6.537792489843239924e-05 6.228392370040290911e-05 5.935525012511676192e-05 5.658089373802669824e-05 5.395415139746390705e-05 5.146517380671913509e-05 4.910593220395043052e-05 4.686890968729247325e-05 4.474706583667613461e-05 4.273380393954878150e-05 4.082294080221575758e-05 3.900953777494650069e-05 3.728641500570302914e-05 3.564935524999043241e-05 3.409434679408272458e-05
3.831199789985698903e-04 3.605488314168062559e-04 3.394771286591237490e-04 3.197984697978878649e-04 3.014002829452634724e-04 2.841987142828799598e-04 2.681025338836242559e-04 2.530325369757470562e-04 2.389158295471576084e-04 2.256852687181377395e-04 2.132789582784873643e-04 2.016434544818264342e-04 1.907220825492452658e-04 1.804628483896973830e-04 1.708275218910740810e-04 1.617709711896351057e-04 1.532546282435367222e-04 1.452455410216937361e-04 1.377048990205153895e-04 1.306048621666711302e-04 1.239193291029116204e-04 1.176168386422738648e-04 1.116775100984531636e-04 1.060760221317375425e-04 1.007910811482379954e-04 9.580286448162742517e-05 9.109290940269770603e-05 8.664401128659190629e-05 8.244013009408978764e-05 7.846786188806828641e-05 7.471006556754669365e-05 7.115533316283178741e-05 6.779283994431553422e-05 6.460973327228963987e-05 6.159418888013671711e-05 5.873874762519569850e-05 5.603284278144310496e-05 5.346777658080686420e-05 5.103540459274150012e-05 4.872809755994957174e-05 4.653870607742585045e-05 4.446052787858403632e-05 4.248727749511552426e-05 4.061305827663647903e-05 3.883233631547681406e-05 3.714068247301893484e-05 3.553166865076544189e-05 3.400221302039003465e-05 3.254656438418325113e-05 3.116208054786568380e-05 2.984359065753346507e-05
3.074157481808907871e-04 2.900420580889465885e-04 2.737778010277732506e-04 2.585400458602632066e-04 2.442604813550606786e-04 2.308647031183349348e-04 2.182953330128981507e-04 2.064991095442365182e-04 1.954166984973588171e-04 1.850063698458177732e-04 1.752199019929271849e-04 1.660158120210667495e-04 1.573556582640394145e-04 1.492064226222634190e-04 1.415296762417199764e-04 1.342974448206957856e-04 1.274835097633676792e-04 1.210588491720886357e-04 1.149967496434197356e-04 1.092785361317860269e-04 1.038806749302847039e-04 9.878328076807261582e-05 9.396782054248701459e-05 8.941701296431640281e-05 8.511629388552532048e-05 8.104743611474708352e-05 7.719801709763514494e-05 7.355625868363031459e-05 7.010714867141544092e-05 6.684184412377904688e-05 6.374828393030881630e-05 6.081534483724895844e-05 5.803589210809844220e-05 5.539997771157183530e-05 5.289936677104295585e-05 5.052634112829418843e-05 4.827366420191694707e-05 4.613454842425504044e-05 4.410262505286433786e-05 4.217191611417434819e-05 4.033756252553098140e-05 3.859276460204153105e-05 3.693334497622834291e-05 3.535533226739733507e-05 3.385296711613923427e-05 3.242347738882520513e-05 3.106231090083405729e-05 2.976522672819122153e-05 2.853001983013265611e-05 2.735283957802833100e-05 2.623007920773617272e-05
2.490363779724565074e-04 2.355132889582688181e-04 2.228195005106421505e-04 2.108921459024110697e-04 1.996859010934850761e-04 1.891494515159417424e-04 1.792383668300448225e-04 1.699114688098711252e-04 1.611305684623427065e-04 1.528602266758840331e-04 1.450699078628443664e-04 1.377242130087677539e-04 1.307993469030572977e-04 1.242644630262852430e-04 1.180991938709315787e-04 1.122784748781152495e-04 1.067809751059715039e-04 1.015868106679036954e-04 9.667743752251429460e-05 9.203555293456493788e-05 8.764648368830710648e-05 8.349212719294436141e-05 7.955993265924440579e-05 7.583800858891533332e-05 7.231142125248138982e-05 6.897114637654388905e-05 6.580512630234480113e-05 6.280222463578237339e-05 5.995514083364748283e-05 5.725391466263536112e-05 5.469024580896508097e-05 5.225635052556877835e-05 4.994492678955090074e-05 4.774912199559590991e-05 4.566250298661892604e-05 4.367976934189554195e-05 4.179374077907932461e-05 3.999984995712245993e-05 3.829374740610594607e-05 3.666937404186725345e-05 3.512359766239935027e-05 3.365098981738933191e-05 3.224884506390792273e-05 3.091227787500737168e-05 2.963896689319486626e-05 2.842504330915221356e-05 2.726741723991205245e-05 2.616265467243890128e-05 2.510906155866668901e-05 2.410351120552857101e-05 2.314355732225320588e-05
2.035070992584697041e-04 1.928732437953789125e-04 1.828643635761758961e-04 1.734397152915610936e-04 1.645639015715307592e-04 1.561968798498895535e-04 1.483085260926315528e-04 1.408706267937197352e-04 1.338506196523456845e-04 1.272263910377649174e-04 1.209713518877027780e-04 1.150627116916525818e-04 1.094792220125138146e-04 1.042010624416009221e-04 9.920973578788392733e-05 9.448797168607667152e-05 9.001963786279695791e-05 8.579099614562723868e-05 8.178522524885741181e-05 7.799174702389122422e-05 7.439575734478655604e-05 7.098807309255077548e-05 6.775563204460159704e-05 6.469046284145372702e-05 6.178197460834759531e-05 5.902127462177279426e-05 5.640002204206986551e-05 5.391039079177519850e-05 5.154503512674626741e-05 4.929705769429077735e-05 4.715997988005203134e-05 4.512841685801672524e-05 4.319522008396170461e-05 4.135573653128131737e-05 3.960553505106845793e-05 3.793858291412172465e-05 3.635163200269684474e-05 3.483927856018945125e-05 3.339870472259775629e-05 3.202504951120548483e-05 3.071588193877534647e-05 2.946732560501522747e-05 2.827625002058168651e-05 2.713921371073450896e-05 2.605441930609218206e-05 2.501873515953130736e-05 2.402967844709298637e-05 2.308490435942463887e-05 2.218219777844402163e-05 2.131946549265922663e-05 2.049472891644944068e-05
1.676409806470484972e-04 1.591992398841781460e-04 1.512378685797924837e-04 1.437226263387827226e-04 1.366296131281404176e-04 1.299289149584252070e-04 1.235999967748281029e-04 1.176183316340180963e-04 1.119628181228461038e-04 1.066137594584328727e-04 1.015527613925214115e-04 9.676402320374378736e-05 9.222865649398653137e-05 8.793308340890745270e-05 8.386445590835114633e-05 8.000716833503489808e-05 7.635125525528692000e-05 7.288294948873218345e-05 6.959358589506028751e-05 6.647194446285130474e-05 6.350853321243098474e-05 6.069444745336629557e-05 5.802133039796578747e-05 5.548133662517514225e-05 5.306709817706920190e-05 5.077169307573415225e-05 4.858861608184190364e-05 4.651175152001911018e-05 4.453598914382172726e-05 4.265461808288716029e-05 4.086320832511343122e-05 3.915754527976072742e-05 3.753194772992003150e-05 3.598329911189827223e-05 3.450702149174691985e-05 3.309884327476218720e-05 3.175623153111945733e-05 3.047531252198755258e-05 2.925245518186247163e-05 2.808562494774079050e-05 2.697152160490676152e-05 2.590748491651234106e-05 2.489100216155533079e-05 2.391969926498733692e-05 2.299133250305421800e-05 2.210378073736266386e-05 2.125503814542335594e-05 2.044320741611219629e-05 1.966649337313973087e-05 1.892358661636700171e-05 1.821209725222034659e-05
1.391228160467935485e-04 1.323662800682726636e-04 1.259776463695813837e-04 1.199378601029694379e-04 1.142243228226696880e-04 1.088175179907638465e-04 1.037005721545830974e-04 9.885365014053481593e-05 9.426222579125316655e-05 8.991256248570332166e-05 8.578827245211887549e-05 8.187858618060427768e-05 7.816904737121791347e-05 7.465027746506830799e-05 7.131043312737743575e-05 6.813852724908445679e-05 6.512691649505561453e-05 6.226577040506611803e-05 5.954674048034596696e-05 5.696198465604868544e-05 5.450413401879433141e-05 5.216626188370684019e-05 4.994251233646230788e-05 4.782542215952440316e-05 4.580990878223140160e-05 4.389112886995052873e-05 4.206279373157658389e-05 4.032069139810157235e-05 3.866081843517119650e-05 3.707834142664890909e-05 3.556875312430545497e-05 3.412925176330560182e-05 3.275575347869914594e-05 3.144443424466459913e-05 3.019301920109993559e-05 2.899803643412901820e-05 2.785664524607057250e-05 2.676616203934348171e-05 2.572405090141883534e-05 2.472791479522873321e-05 2.377548731123162865e-05 2.286462494776858370e-05 2.199329987753021495e-05 2.115959317083939719e-05 2.036168844708810872e-05 1.959786592073339760e-05 1.886685469595876784e-05 1.816639457534944996e-05 1.749538324526337931e-05 1.685277667115852264e-05 1.623657698049904178e-05
1.162563323466922737e-04 1.108049633779744183e-04 1.056430283658927558e-04 1.007510474646180088e-04 9.611456325635146715e-05 9.171990909670432225e-05 8.755096033601380927e-05 8.359691911680508904e-05 7.984354388709645348e-05 7.628141751294367551e-05 7.289882273545800076e-05 6.968572084322916351e-05 6.663188029148863509e-05 6.373009853749824426e-05 6.097121195669878409e-05 5.834740365507438134e-05 5.585199989645861111e-05 5.347671139093206403e-05 5.121573901823173191e-05 4.906296243485543644e-05 4.701319160071170159e-05 4.505984043942638957e-05 4.319838752632129686e-05 4.142453115386667331e-05 3.973269053883388965e-05 3.811959475687739325e-05 3.658069639624599310e-05 3.511174595229782554e-05 3.371005960010634516e-05 3.237178477585774130e-05 3.109372085045859058e-05 2.987244216437142958e-05 2.870590738647610388e-05 2.759100262575103052e-05 2.652517559455336402e-05 2.550601270516382471e-05 2.453123089652619902e-05 2.359866997955093346e-05 2.270628546319598148e-05 2.185248985354462940e-05 2.103475126096928223e-05 2.025168522787629147e-05 1.950164680443798351e-05 1.878307703929249999e-05 1.809482449574027670e-05 1.743483471227844265e-05 1.680241970428127736e-05 1.619569094176529921e-05 1.561376570304361808e-05 1.505581246456029220e-05 1.452014538159727373e-05
9.777991819699749303e-05 9.335063697952857725e-05 8.914680955152082069e-05 8.515763637626288173e-05 8.136913041481849760e-05 7.777185887855236966e-05 7.435426286207504282e-05 7.110638621078676027e-05 6.801887567786734734e-05 6.508294136545888934e-05 6.229031996453663830e-05 5.963324058919294645e-05 5.710439299817299990e-05 5.469689802659737251e-05 5.240428006400377561e-05 5.022044142164441220e-05 4.814018021908562976e-05 4.615698584916902647e-05 4.426681603774508734e-05 4.246385113387022111e-05 4.074453390415049264e-05 3.910364672872911789e-05 3.753806582247186819e-05 3.604351932790557654e-05 3.461600700492798458e-05 3.325296082514509296e-05 3.195075216640520051e-05 3.070635043200284711e-05 2.951689080851329852e-05 2.837966444501370587e-05 2.729210925288014523e-05 2.625180128921210962e-05 2.525644668287627831e-05 2.430387406446690349e-05 2.339202747059042744e-05 2.251895968836262600e-05 2.168282600991650909e-05 2.088187837345691512e-05 2.011477079742894335e-05 1.937930939457616715e-05 1.867431685714373782e-05 1.799867744012670644e-05 1.735045531738317373e-05 1.672867548353540161e-05 1.613241758238771954e-05 1.555995969067106290e-05 1.501077857470535305e-05 1.448328159821731927e-05 1.397703530266074300e-05 1.349056193275872175e-05 1.302350902855661419e-05
8.274132330678313251e-05 7.911711912107969430e-05 7.567228454122795799e-05 7.239622595607600973e-05 6.928121076290445996e-05 6.631775193517494148e-05 6.349766140652033763e-05 6.081385903217340652e-05 5.825781967536882707e-05 5.582336605428085132e-05 5.350406691479919671e-05 5.129438891701525172e-05 4.918755379490328156e-05 4.717872175423760143e-05 4.526328643852716376e-05 4.343550742951353492e-05 4.169178707268821770e-05 4.002697595015938451e-05 3.843790786396351553e-05 3.692034598196973689e-05 3.547070208452425690e-05 3.408521614032222307e-05 3.276143368033585158e-05 3.149594210037185858e-05 3.028587571391019566e-05 2.912852358886909592e-05 2.802132049546087744e-05 2.696183842040006718e-05 2.594777861058396326e-05 2.497696411248416249e-05 2.404733277206859697e-05 2.315693066673601511e-05 2.230390593967931584e-05 2.148679700958623521e-05 2.070334971648926908e-05 1.995228098423851602e-05 1.923237301582629073e-05 1.854164343164024781e-05 1.787902350732189548e-05 1.724350250436372943e-05 1.663332332186102578e-05 1.604786234346390343e-05 1.548549783852488535e-05 1.494570256727965089e-05 1.442697504550357136e-05 1.392887506826728923e-05 1.345000806255012058e-05 1.299001250801648939e-05 1.254782688415044074e-05 1.212244710301324130e-05 1.171360652002090975e-05
7.041765770202570844e-05 6.743319290194050436e-05 6.459180748820026624e-05 6.188588197800210097e-05 5.930824039655148319e-05 5.685266180555583631e-05 5.451167795729677470e-05 5.227984287094937857e-05 5.015197017498751491e-05 4.812175159669631355e-05 4.618507868645168132e-05 4.433630457989390264e-05 4.257180034687477557e-05 4.088649752076150136e-05 3.927719563949459160e-05 3.773970345572781056e-05 3.627044751231479940e-05 3.486570385184704424e-05 3.352297986026207040e-05 3.223889559338380861e-05 3.101059167575614928e-05 2.983536188563051984e-05 2.871064426918561668e-05 2.763401280777577504e-05 2.660316960058347477e-05 2.561593752929192642e-05 2.467025337332101457e-05 2.376416134448170828e-05 2.289608370859018188e-05 2.206370652850769476e-05 2.126564034886898591e-05 2.050030192687992794e-05 1.976645087085234157e-05 1.906213596234681066e-05 1.838626510323919256e-05 1.773780501681574716e-05 1.711502707983399553e-05 1.651726837714066526e-05 1.594293381469377453e-05 1.539145809506020548e-05 1.486136476968738007e-05 1.435217681577392877e-05 1.386275122672798370e-05 1.339200710253532439e-05 1.293957532436079836e-05 1.250444897302163721e-05 1.208567381191410032e-05 1.168297326332449397e-05 1.129545588593280399e-05 1.092247995739018156e-05 1.056343376389660060e-05
6.025406297915839022e-05 5.778152055480670617e-05 5.542434476697370813e-05 5.317561568967470414e-05 5.103023114173301634e-05 4.898333489256139720e-05 4.702906338531595061e-05 4.516354644795297571e-05 4.338190583764839055e-05 4.167957476299358617e-05 4.005332689597762395e-05 3.849902637440237574e-05 3.701279024882588774e-05 3.559193799708291117e-05 3.423294699405566921e-05 3.293281067063627419e-05 3.168868291026878599e-05 3.049786877752757910e-05 2.935781581914313697e-05 2.826610590384784547e-05 2.722044756070017441e-05 2.621866878722426528e-05 2.525871029550380150e-05 2.433861916600408488e-05 2.345680001256710134e-05 2.261097925928238242e-05 2.179974798300704386e-05 2.102152255270326085e-05 2.027504326290975264e-05 1.955839409982191386e-05 1.887069783969934673e-05 1.821019540714658637e-05 1.757589623101744308e-05 1.696686478830699088e-05 1.638153599673310650e-05 1.581930817660281673e-05 1.527895022540894234e-05 1.475929824164766358e-05 1.425987244518153222e-05 1.377938477278293879e-05 1.331743258267709484e-05 1.287301929195544726e-05 1.244539846133961926e-05 1.203366475790149593e-05 1.163753300194931782e-05 1.125615782182963584e-05 1.088892288430278511e-05 1.053524034456468486e-05 1.019436961127386624e-05 9.866138993092068844e-06 9.549853980496772295e-06
5.182108936390953947e-05 4.976089196169887572e-05 4.779390048206393635e-05 4.591467106292096499e-05 4.411956156078857466e-05 4.240402545211077886e-05 4.076379822648845024e-05 3.919583948298749207e-05 3.769628386949018311e-05 3.626180190447072751e-05 3.488924193593854534e-05 3.357561986319385089e-05 3.231810949420938541e-05 3.111403349813562854e-05 2.996085491385723035e-05 2.885616917622009045e-05 2.779769662932205654e-05 2.678327549259595746e-05 2.581085525119796860e-05 2.487849044456412942e-05 2.398433482584187332e-05 2.312687194615404491e-05 2.230396472291409251e-05 2.151427037589992655e-05 2.075651332181825136e-05 2.002881624052044079e-05 1.933004924649662021e-05 1.865914224744038115e-05 1.801443391139654666e-05 1.739518916541783235e-05 1.679987582279595309e-05 1.622785790394557884e-05 1.567771806744870834e-05 1.514891015827422239e-05 1.464031705861015095e-05 1.415088006581442844e-05 1.368016438054066100e-05 1.322718579252331759e-05 1.279119500971802266e-05 1.237129689773529967e-05 1.196717642153409353e-05 1.157799866095484981e-05 1.120314404387150048e-05 1.084202143094786771e-05 1.049389853977549203e-05 1.015857667157725909e-05 9.835369936100805488e-06 9.523787425736201015e-06 9.223360264975752657e-06 8.933640528782605880e-06 8.654200218067381286e-06
4.478379102570387050e-05 4.305780398674874951e-05 4.140756468555969680e-05 3.982906465319896038e-05 3.831882508626375118e-05 3.687327063356375412e-05 3.548985407002807078e-05 3.416532895048758590e-05 3.289689540960126024e-05 3.168189980011340329e-05 3.051782642376447697e-05 2.940228976181834746e-05 2.833302717652035684e-05 2.730789204898316454e-05 2.632507780461262940e-05 2.538218766345016718e-05 2.447761916598638175e-05 2.360962895581701090e-05 2.277677703951274760e-05 2.197705768592436257e-05 2.120919247007799495e-05 2.047196771800706747e-05 1.976361743200141422e-05 1.908326488506845582e-05 1.842928653800875321e-05 1.780091523022200869e-05 1.719665407495643073e-05 1.661583523848660215e-05 1.605707452489564616e-05 1.551979423148699988e-05 1.500289337832744121e-05 1.450532749710455347e-05 1.402663135109272427e-05 1.356583491875696923e-05 1.312201606065815659e-05 1.269480656375260759e-05 1.228334779520958437e-05 1.188698851339348155e-05 1.150510727626697367e-05 1.113695134016735374e-05 1.078227700047107619e-05 1.044038051278814008e-05 1.011074552693951942e-05 9.792878802520939505e-06 9.486309077840254905e-06 9.190585998283722969e-06 8.905279101429424099e-06 8.629976855164419222e-06 8.364285746507584782e-06 8.107829417714783991e-06 7.860247846817895715e-06
3.887879375074556763e-05 3.742556165897271660e-05 3.603397013261508880e-05 3.470109971440336568e-05 3.342418278572536155e-05 3.220059501654761971e-05 3.102784733150794989e-05 2.990357835907953918e-05 2.882554733119808060e-05 2.779162740730890870e-05 2.679979939363897313e-05 2.584814583335099059e-05 2.493505218515756338e-05 2.405837352497902271e-05 2.321667380641095503e-05 2.240858695733308222e-05 2.163223321590594330e-05 2.088639666191255783e-05 2.016992359512273077e-05 1.948115526449825132e-05 1.881924960928717892e-05 1.818267942903335215e-05 1.757070671798045830e-05 1.698192135371619669e-05 1.641567980117637101e-05 1.587084878292560952e-05 1.534635288929402783e-05 1.484166728274984209e-05 1.435579472355532271e-05 1.388778695902428873e-05 1.343722165507064610e-05 1.300321731241549632e-05 1.258509123109880900e-05 1.218219185457457835e-05 1.179374671743854898e-05 1.141946609885281071e-05 1.105862911340671593e-05 1.071069408043023971e-05 1.037514349150712148e-05 1.005148283078996834e-05 9.739239457556992931e-06 9.437961547705266368e-06 9.147217090256116729e-06 8.866592936408791386e-06 8.595693897719185943e-06 8.334141891290597508e-06 8.081575128842024690e-06 7.837647347036792622e-06 7.602027077945269377e-06 7.374396955565870668e-06 7.154569175499652625e-06
3.389839704175502346e-05 3.266854057390906072e-05 3.148933701314465513e-05 3.035845402232756991e-05 2.927367736050572421e-05 2.823290440240831055e-05 2.723433609331937105e-05 2.627567714779693609e-05 2.535532495286860267e-05 2.447156577823038766e-05 2.362295646324810269e-05 2.280757533764420897e-05 2.202413541637715191e-05 2.127141412055206276e-05 2.054771936951422192e-05 1.985213438998320384e-05 1.918310339597519487e-05 1.853981823864251114e-05 1.792084447828529869e-05 1.732547262752665151e-05 1.675253819795745775e-05 1.620093587369915219e-05 1.567008092395849025e-05 1.515894983878824418e-05 1.466656916079859647e-05 1.419246199932041305e-05 1.373572482874836241e-05 1.329564385839590053e-05 1.287139370229756050e-05 1.246261506139430084e-05 1.206853946689941554e-05 1.168857363348117714e-05 1.132215078365458756e-05 1.096872935343380769e-05 1.062779176577871530e-05 1.029884326876374527e-05 9.981410834390092523e-06 9.675042114849943985e-06 9.379304453226446726e-06 9.093783945046281632e-06 8.818084548426513878e-06 8.551827239689545207e-06 8.294649212505342785e-06 8.046203117694536010e-06 7.806156341293319704e-06 7.574190319840307057e-06 7.349999889154009072e-06 7.133399164354808657e-06 6.923893940043802127e-06 6.721323261158580575e-06 6.525429681577167206e-06
2.967680078928370817e-05 2.863127504343458549e-05 2.762739766274696464e-05 2.666348519382017495e-05 2.573775652389743250e-05 2.484869300322433151e-05 2.399433327897475512e-05 2.317332064141320081e-05 2.238436488202211669e-05 2.162574244239863733e-05 2.089646264748215094e-05 2.019494278487500341e-05 1.952030519589043704e-05 1.887109263043212253e-05 1.824653011357642285e-05 1.764527222186996572e-05 1.706663737588806995e-05 1.650952863818891882e-05 1.597290318350414406e-05 1.545619787170133644e-05 1.495844673077035159e-05 1.447886991017741687e-05 1.401658596763903067e-05 1.357116149474704330e-05 1.314177763209394979e-05 1.272778630732360631e-05 1.232856843348684929e-05 1.194353249321883785e-05 1.157198677374524976e-05 1.121364607764975627e-05 1.086786498914998466e-05 1.053414954124464990e-05 1.021202729344730415e-05 9.901046305285297099e-06 9.600774162724024836e-06 9.310797054591508069e-06 9.030718896048323794e-06 8.760160497307825918e-06 8.498867090257320887e-06 8.246273015534339069e-06 8.002154883774397479e-06 7.766193576377737582e-06 7.538083301163095528e-06 7.317530981622478873e-06 7.104255677594056338e-06 6.898084511030269044e-06 6.698565486966580707e-06 6.505548161700652435e-06 6.318794890175645260e-06 6.138167444933873317e-06 5.963266994566884909e-06
2.608183158897179636e-05 2.518869948468421474e-05 2.433029545451672698e-05 2.350526337552098359e-05 2.271185005376240266e-05 2.194899231715448972e-05 2.121508213561693439e-05 2.050917355113054849e-05 1.982978792569706873e-05 1.917608582301222100e-05 1.854670400430428001e-05 1.794089994191731395e-05 1.735741336514689428e-05 1.679559001279864910e-05 1.625439781605300169e-05 1.573285412818175739e-05 1.523041695473171216e-05 1.474617577044224219e-05 1.427939130308198806e-05 1.382935751579652971e-05 1.339527602375701563e-05 1.297675285165990152e-05 1.257304564143554309e-05 1.218356583113275203e-05 1.180775075308351261e-05 1.144506238831902167e-05 1.109498618575253948e-05 1.075702994268525058e-05 1.043072274264152375e-05 1.011561394803087304e-05 9.811272244295381659e-06 9.517284732786695839e-06 9.233256069711162043e-06 8.958807648449912026e-06 8.693576823610248665e-06 8.437216173349341365e-06 8.189392799234313587e-06 7.949883494298580334e-06 7.718189866306255289e-06 7.494115533641583706e-06 7.277379355896578184e-06 7.067711702086579893e-06 6.864941836717507049e-06 6.668645247196497567e-06 6.478672356922037292e-06 6.294794646721487120e-06 6.116874936228798388e-06 5.944537951445626287e-06 5.777664029548286577e-06 5.616136689500764081e-06 5.459613760533027819e-06
2.300622890876632119e-05 2.224029553032689203e-05 2.150318464450870173e-05 2.079394573310637279e-05 2.011113565689238075e-05 1.945390891453223584e-05 1.882093465192574274e-05 1.821146298749593242e-05 1.762439199091922571e-05 1.705867298271991731e-05 1.651367844431863782e-05 1.598843843034926298e-05 1.548214965834426881e-05 1.499392613877167611e-05 1.452327534440738628e-05 1.406937560335833225e-05 1.363155790512290463e-05 1.320918281937465805e-05 1.280152694390510909e-05 1.240823206707440974e-05 1.202862496397896885e-05 1.166217096686033459e-05 1.130835854780940403e-05 1.096669822346555766e-05 1.063672151538447626e-05 1.031797996361851234e-05 1.001004419025705870e-05 9.712503010374344819e-06 9.424962587967793050e-06 9.147045634009985662e-06 8.878484675579430876e-06 8.618744215304905754e-06 8.367587275803165794e-06 8.124695506916437037e-06 7.889763656959030737e-06 7.662498981925820054e-06 7.442705786871759890e-06 7.229943882892799574e-06 7.024040536980901087e-06 6.824747679896583436e-06 6.631906567245181924e-06 6.445129508125465298e-06 6.264276788813202845e-06 6.089212544533909271e-06 5.919584251395592954e-06 5.755272582031805711e-06 5.596161757099568689e-06 5.441929907180358414e-06 5.292475627816928907e-06 5.147700824712868317e-06 5.007310343474154899e-06
2.036391739017596574e-05 1.970427201930027297e-05 1.906876745697827559e-05 1.845664821624792148e-05 1.786683473321738706e-05 1.729829876865101324e-05 1.675040567391657890e-05 1.622220456760017581e-05 1.571290135997106515e-05 1.522162654802853425e-05 1.474787918363756874e-05 1.429085307620862705e-05 1.384988586327364185e-05 1.342434423266284891e-05 1.301362253057827405e-05 1.261714144149132459e-05 1.223434673572150661e-05 1.186460823373898922e-05 1.150761960318012390e-05 1.116279351995948586e-05 1.082966481553814692e-05 1.050778804307002457e-05 1.019682957739240535e-05 9.896193547402717367e-06 9.605582582440978600e-06 9.324621413765174106e-06 9.052950353197471525e-06 8.790224584224410744e-06 8.536113487870010204e-06 8.290300001912162539e-06 8.052561952200537417e-06 7.822443099510678299e-06 7.599746116032611034e-06 7.384202359164536303e-06 7.175553977148863269e-06 6.973629297037982123e-06 6.778038581965589004e-06 6.588629836308916441e-06 6.405255453826936647e-06 6.227561417573191013e-06 6.055417237888114288e-06 5.888696437257118269e-06 5.727076161112730773e-06 5.570444826880734522e-06 5.418694558683696462e-06 5.271529686224291527e-06 5.128917331684065089e-06 4.990579941138017344e-06 4.856491140258313337e-06 4.726389957196034832e-06 4.600256039102509739e-06
1.808453612999953817e-05 1.751411255884691243e-05 1.696421453586353318e-05 1.643391161643632711e-05 1.592242026535809540e-05 1.542899161488824647e-05 1.495280904876805730e-05 1.449339154906747439e-05 1.404998172880436361e-05 1.362195350290892339e-05 1.320870790665423633e-05 1.280967181183711489e-05 1.242429670809272651e-05 1.205205754662662072e-05 1.169245164253519691e-05 1.134499763250339221e-05 1.100923448505254064e-05 1.068472056062320915e-05 1.037103271835910024e-05 1.006776546759551898e-05 9.774530161416232631e-06 9.490954230094552217e-06 9.216680452299731946e-06 8.951366261929137412e-06 8.694683089248897152e-06 8.446393565220078204e-06 8.206039032797446793e-06 7.973407717041478896e-06 7.748221058471330358e-06 7.530284093870654505e-06 7.319194828050755517e-06 7.114779552444146374e-06 6.916801461696274320e-06 6.725101137542996813e-06 6.539323732925019608e-06 6.359327503255988355e-06 6.184975191308968368e-06 6.015943555951345049e-06 5.852110736236047998e-06 5.693358984847282678e-06 5.539392657877990946e-06 5.390166366799455786e-06 5.245402760272631589e-06 5.105063626126359130e-06 4.968888364966970815e-06 4.836791095019354276e-06 4.708689484292674329e-06 4.584342882259780565e-06 4.463731311201775854e-06 4.346627656419008961e-06 4.233017368858850186e-06
1.611043345531292602e-05 1.561552420243905037e-05 1.513777202837039385e-05 1.467668981645070531e-05 1.423153700774327916e-05 1.380169578339836551e-05 1.338657486663185351e-05 1.298560827638749955e-05 1.259825414406047205e-05 1.222399358971431021e-05 1.186232965553281720e-05 1.151278629206972601e-05 1.117490739542547246e-05 1.084825589253513133e-05 1.053241287155395017e-05 1.022697675539431431e-05 9.931562515863291314e-06 9.645800926381801173e-06 9.369337851375075083e-06 9.101907622605942764e-06 8.843035617459106047e-06 8.592483715310129898e-06 8.349951701865310772e-06 8.115151384976709107e-06 7.887874491993617301e-06 7.667718141308655345e-06 7.454495928220776597e-06 7.247962711532584505e-06 7.047947275241879964e-06 6.854094545219280905e-06 6.666251511138049425e-06 6.484270131470741181e-06 6.307827319950872920e-06 6.136790911575441162e-06 5.971033268091632939e-06 5.810259259457125684e-06 5.654410788739588704e-06 5.503211156706873890e-06 5.356556733463295845e-06 5.214347874913918070e-06 5.076330137853625777e-06 4.942466464004950071e-06 4.812517313686158200e-06 4.686452017962867930e-06 4.564044698092289309e-06 4.445270617281188742e-06 4.329916418897926802e-06 4.217962884942170561e-06 4.109208135549163593e-06 4.003638098406779961e-06 3.901104847804650084e-06
1.439433512476786620e-05 1.396334491922964735e-05 1.354698865349118539e-05 1.314470838919818491e-05 1.275596976137431766e-05 1.238026088876447463e-05 1.201709133888104240e-05 1.166599114447230626e-05 1.132650986864914033e-05 1.099821571622887830e-05 1.068069468895453866e-05 1.037354978188615648e-05 1.007640021923195981e-05 9.788880727341200608e-06 9.510640842963995252e-06 9.241413213506217926e-06 8.980736663162057685e-06 8.728370810791035532e-06 8.484018159523063084e-06 8.247393032534336483e-06 8.018285009873988179e-06 7.796302379011672595e-06 7.581256168849822202e-06 7.372963464573371841e-06 7.171069503738068783e-06 6.975410082811375504e-06 6.785769117818657338e-06 6.601996150699752838e-06 6.423776769661954686e-06 6.251030827714603655e-06 6.083464138082496353e-06 5.920953488194325859e-06 5.763380182277440620e-06 5.610474754360371450e-06 5.462181316125985531e-06 5.318246760855136901e-06 5.178622696819390892e-06 5.043071019421404030e-06 4.911550278344982927e-06 4.783836128804461519e-06 4.659893558471288055e-06 4.539510843574356905e-06 4.422658953684685205e-06 4.309137740912087684e-06 4.198923744018089544e-06 4.091827430322612954e-06 3.987830534894527117e-06 3.886792949018835831e-06 3.788582188687683395e-06 3.693185185371512888e-06 3.600437183060379649e-06
1.289727232987069911e-05 1.252067952695399700e-05 1.215654891586804961e-05 1.180441732744427542e-05 1.146384068167447700e-05 1.113439312619448588e-05 1.081566621697480184e-05 1.050726813862842349e-05 1.020882296265439103e-05 9.919969941417942162e-06 9.640362836124876723e-06 9.369733166418405982e-06 9.107633659247348093e-06 8.853822198670080240e-06 8.608004480867643534e-06 8.369897802419374032e-06 8.139290031192602680e-06 7.915801054863376760e-06 7.699239745485464634e-06 7.489421294942141387e-06 7.286001291298931392e-06 7.088813270299286244e-06 6.897696452635801021e-06 6.712337672417008247e-06 6.532592181684435070e-06 6.358320381300733854e-06 6.189236460538943859e-06 6.025263843183463061e-06 5.866134628622411965e-06 5.711733969942780458e-06 5.561951486872525094e-06 5.416541133168003654e-06 5.275449240988309814e-06 5.138444279853390787e-06 5.005479719604467691e-06 4.876337351245387008e-06 4.750977266438427885e-06 4.629193482097365108e-06 4.510952243804661150e-06 4.396058788116222386e-06 4.284485090686879487e-06 4.176085166974432952e-06 4.070720884844039317e-06 3.968370184550875749e-06 3.868864362723805353e-06 3.772186238217623850e-06 3.678210703143000935e-06 3.586819112713274151e-06 3.497999255757322583e-06 3.411637007288850270e-06 3.327623971754148102e-06
1.158676510809499032e-05 1.125664553603558295e-05 1.093717771033245440e-05 1.062797557960048724e-05 1.032866861689578009e-05 1.003890113546954268e-05 9.758331637152776488e-06 9.486691084011867359e-06 9.223546433708341527e-06 8.968654379326576934e-06 8.721724256942435719e-06 8.482476767731523696e-06 8.250698520777636572e-06 8.026021323606855333e-06 7.808252322443230220e-06 7.597205209721698777e-06 7.392546236482641448e-06 7.194107051564981702e-06 7.001725190493784976e-06 6.815097076870187612e-06 6.634075956840051025e-06 6.458520404511226717e-06 6.288153281371344782e-06 6.122892594788332178e-06 5.962478485349958302e-06 5.806794020059035599e-06 5.655726874490286159e-06 5.509038343666090584e-06 5.366669672557478017e-06 5.228396178425646866e-06 5.094166414740555614e-06 4.963768574952488073e-06 4.837157994754761327e-06 4.714134691712299708e-06 4.594660305909718181e-06 4.478582855017880812e-06 4.365758421048244067e-06 4.256155438824785135e-06 4.149601262579508357e-06 4.046069663361959057e-06 3.945430730736260348e-06 3.847561192669770187e-06 3.752440463015710967e-06 3.659950219111774097e-06 3.569978025298313494e-06 3.482508397830981225e-06 3.397433284802286636e-06 3.314649857712205534e-06 3.234147263121360879e-06 3.155826558072666868e-06 3.079593434926431936e-06
1.043583188381959229e-05 1.014556190989279189e-05 9.864428340996255425e-06 9.592108148969865795e-06 9.328344762089493762e-06 9.072732206652387861e-06 8.825037886131634635e-06 8.584986309395089372e-06 8.352363293212823384e-06 8.126812779821253221e-06 7.908140636862394905e-06 7.696111316815740865e-06 7.490546398038600634e-06 7.291131585725709950e-06 7.097751237202472294e-06 6.910111581431798443e-06 6.728064200364077370e-06 6.551466153262647356e-06 6.380049188144824030e-06 6.213726213167112416e-06 6.052245622203464039e-06 5.895488667288679205e-06 5.743341326805158089e-06 5.595572446334324377e-06 5.452118420816021562e-06 5.312761621433174124e-06 5.177445895461424495e-06 5.045966041707652410e-06 4.918272825236472102e-06 4.794208143455721706e-06 4.673622154525932209e-06 4.556473307799988065e-06 4.442585007027442986e-06 4.331921528049727754e-06 4.224315470963409288e-06 4.119736552955873454e-06 4.018057677832271928e-06 3.919158073430498091e-06 3.823013340180741768e-06 3.729507669516491267e-06 3.638530865403813242e-06 3.550063845855436505e-06 3.464000816227874089e-06 3.380240965207671407e-06 3.298770033879009399e-06 3.219491116679239754e-06 3.142338263235707628e-06 3.067222016370412027e-06 2.994132954316993352e-06 2.922984967202518806e-06 2.853720444710954069e-06
9.421898018939924257e-06 9.165967758467710556e-06 8.917851544105436307e-06 8.677327179846978244e-06 8.444133751258009945e-06 8.218066693313342392e-06 7.998791812858392422e-06 7.786123249641727231e-06 7.579881752553797690e-06 7.379763770762539424e-06 7.185606448057201789e-06 6.997252884110999101e-06 6.814426420309114560e-06 6.637025237567451202e-06 6.464790107832730934e-06 6.297590082013661668e-06 6.135299306550392868e-06 5.977680145612904397e-06 5.824656262506530208e-06 5.676004194811746531e-06 5.531655767856906036e-06 5.391400548765570016e-06 5.255177930948744961e-06 5.122789460632481819e-06 4.994181558787057711e-06 4.869199924334270589e-06 4.747698096293337844e-06 4.629630445840975720e-06 4.514826072071413435e-06 4.403245263608120542e-06 4.294726004926525752e-06 4.189234111637241755e-06 4.086645437916021604e-06 3.986841849702069368e-06 3.889795261318386210e-06 3.795392506385482827e-06 3.703525758098422940e-06 3.614172441551608962e-06 3.527229139947941902e-06 3.442597180815208878e-06 3.360258985627028863e-06 3.280119799846734876e-06 3.202113940857534855e-06 3.126153808476550868e-06 3.052226916123690095e-06 2.980249025885329562e-06 2.910162705230836621e-06 2.841889837626610129e-06 2.775422445691992177e-06 2.710685302703977540e-06 2.647628096823700710e-06
8.526044520422600736e-06 8.299672648032857482e-06 8.080132409045733932e-06 7.867110441743919920e-06 7.660428929864897480e-06 7.459916519587551846e-06 7.265288120341127934e-06 7.076426571548314556e-06 6.893064996270505678e-06 6.715059802346632102e-06 6.542272886722426067e-06 6.374460108976896909e-06 6.211531882028666116e-06 6.053258884467093417e-06 5.899560437516949050e-06 5.750220848971073135e-06 5.605167692685593804e-06 5.464197813559021132e-06 5.327246440649176544e-06 5.194121952378994694e-06 5.064766688737400261e-06 4.938999638296944571e-06 4.816769756633194576e-06 4.697935658902433896e-06 4.582362864265709496e-06 4.470007879856018138e-06 4.360714165313109174e-06 4.254443820481083809e-06 4.151075759396554355e-06 4.050494600059882171e-06 3.952668729875117845e-06 3.857487728427459701e-06 3.764846245467631515e-06 3.674718348921009214e-06 3.587003098117549684e-06 3.501604060607050274e-06 3.418500453084369373e-06 3.337599765262310774e-06 3.258836678679374525e-06 3.182125543472638461e-06 3.107450899606408014e-06 3.034730467507253321e-06 2.963907077013984362e-06 2.894925414726066144e-06 2.827711459053415809e-06 2.762254977178317644e-06 2.698484749227144301e-06 2.636352251648216082e-06 2.575810510571772417e-06 2.516795126098834861e-06 2.459300385348244811e-06
7.732225710797589665e-06 7.531500855639294775e-06 7.336693400206906623e-06 7.147535851141710619e-06 6.963914436944170472e-06 6.785578474646383058e-06 6.612424668724419541e-06 6.444217798220594103e-06 6.280864255285380552e-06 6.122143045297701993e-06 5.967937516558417692e-06 5.818135803218444503e-06 5.672565541425680593e-06 5.531062892371209581e-06 5.393559241788346451e-06 5.259869832282866727e-06 5.129933217256478514e-06 5.003574850990338932e-06 4.880739957318525593e-06 4.761263389257966972e-06 4.645096588340268078e-06 4.532109973087176476e-06 4.422180038849566842e-06 4.315265385075465668e-06 4.211248069821960140e-06 4.110015553950449339e-06 4.011532885507861697e-06 3.915692470651755059e-06 3.822391521752850589e-06 3.731600912523966014e-06 3.643222255450706293e-06 3.557161439617137614e-06 3.473394618130424676e-06 3.391831598312350525e-06 3.312407518536371963e-06 3.235038754964310292e-06 3.159706990059866755e-06 3.086331971432475997e-06 3.014856872715139297e-06 2.945207074044163683e-06 2.877369143988056896e-06 2.811271368159018140e-06 2.746863870284613159e-06 2.684098360927946868e-06 2.622928081938354133e-06 2.563290100679761904e-06 2.505176310162967867e-06 2.448526120661516456e-06 2.393298385447141058e-06 2.339453241329647335e-06 2.286952064628950812e-06
7.026908066077289897e-06 6.848501551841725401e-06 6.675170876647565871e-06 6.506815704306662675e-06 6.343215054276311753e-06 6.184277885860690881e-06 6.029796359530180245e-06 5.879688050034198390e-06 5.733757219713405013e-06 5.591929438028340073e-06 5.454020113327488570e-06 5.319962243428546404e-06 5.189581502394431336e-06 5.062817799766783270e-06 4.939532454610317820e-06 4.819593244370901369e-06 4.702948204697100763e-06 4.589446616911618533e-06 4.479042351800029199e-06 4.371616614041425118e-06 4.267055954621259997e-06 4.165321016110080995e-06 4.066303449417801172e-06 3.969899664306257830e-06 3.876076417082023643e-06 3.784734658705891098e-06 3.695800916868322043e-06 3.609183465137966578e-06 3.524855557363965348e-06 3.442729373376899400e-06 3.362740596686818669e-06 3.284807688620513700e-06 3.208909612119998338e-06 3.134968193999866255e-06 3.062927029795552866e-06 2.992713338420062750e-06 2.924311124127644278e-06 2.857650510144209920e-06 2.792681942732501699e-06 2.729357433394394351e-06 2.667630504439074134e-06 2.607439740439854433e-06 2.548774727886329737e-06 2.491576397199963548e-06 2.435803810517564332e-06 2.381417298007434876e-06 2.328378414605079534e-06 2.276649898428307181e-06 2.226180918690231890e-06 2.176966203384447908e-06 2.128956762344783418e-06
6.398623216815350068e-06 6.239607363881820666e-06 6.085069621545519924e-06 5.934814703506460471e-06 5.788762410150189287e-06 5.646728633437546381e-06 5.508640851332279308e-06 5.374350651564478404e-06 5.243716471065752213e-06 5.116674983533977254e-06 4.993067655970140483e-06 4.872837613815173630e-06 4.755858104989930928e-06 4.642008046297948445e-06 4.531238205493925573e-06 4.423433182299137474e-06 4.318482623901702565e-06 4.216344180992623025e-06 4.116912562311067728e-06 4.020086973136603464e-06 3.925831278905464588e-06 3.834049196958448484e-06 3.744648451290208949e-06 3.657598534820555026e-06 3.572811197179703310e-06 3.490220624594098654e-06 3.409744821393795361e-06 3.331359302311130822e-06 3.254985543042612465e-06 3.180565794397126627e-06 3.108026906272603278e-06 3.037349703117654681e-06 2.968464033126131582e-06 2.901319134085092742e-06 2.835865840737101616e-06 2.772056529477164010e-06 2.709829517397731634e-06 2.649171587313818015e-06 2.590023480508835798e-06 2.532343228207835614e-06 2.476090156449505320e-06 2.421224842097204985e-06 2.367709070523690698e-06 2.315505794802143327e-06 2.264565450987312317e-06 2.214880792713610388e-06 2.166404098526006149e-06 2.119102614229093318e-06 2.072944570809683228e-06 2.027899151842109659e-06 1.983936462020331854e-06
5.837509483197371597e-06 5.695495161918353607e-06 5.557367851790282474e-06 5.422985198559493519e-06 5.292278827349578636e-06 5.165090964067166900e-06 5.041359878855599905e-06 4.920958262532736696e-06 4.803764390628422491e-06 4.689724502248389356e-06 4.578722702887483292e-06 4.470648073676964214e-06 4.365454028536624659e-06 4.263034844983515651e-06 4.163289235921877239e-06 4.066177090644668131e-06 3.971601757835548592e-06 3.879470540998986578e-06 3.789749189322577179e-06 3.702349145564186601e-06 3.617203181429603109e-06 3.534228956325271645e-06 3.453398546844195665e-06 3.374633184783647294e-06 3.297873846721751697e-06 3.223047111133540886e-06 3.150130626851440959e-06 3.079054060599995884e-06 3.009765501733931254e-06 2.942214665973486193e-06 2.876352839289691858e-06 2.812118150327685836e-06 2.749494577137408456e-06 2.688422747777497889e-06 2.628859709923797214e-06 2.570763831007519746e-06 2.514094753584825129e-06 2.458813352353429807e-06 2.404868529773693154e-06 2.352250114545911464e-06 2.300908974275182382e-06 2.250810513454253212e-06 2.201921176252944146e-06 2.154208412114728999e-06 2.107640642590847612e-06 2.062187229403890798e-06 2.017818443656337947e-06 1.974505436093382978e-06 1.932220208455630815e-06 1.890935585882278613e-06 1.850625190238139942e-06
5.335237905798059129e-06 5.208099932792680875e-06 5.084366672037505974e-06 4.963915927705744349e-06 4.846689489580324292e-06 4.732571129075338497e-06 4.621449513419081258e-06 4.513273886639374332e-06 4.407938238627519889e-06 4.305340926345678918e-06 4.205437918989642075e-06 4.108132325540691568e-06 4.013331151576094422e-06 3.920996449129729404e-06 3.831039470059002266e-06 3.743391659303176327e-06 3.657970437313194855e-06 3.574744479422212825e-06 3.493634873991500000e-06 3.414581398256855498e-06 3.337510451092225504e-06 3.262396534588111298e-06 3.189169221167325372e-06 3.117775515805046629e-06 3.048164076779668008e-06 2.980271018800364587e-06 2.914076775946615547e-06 2.849520121970464313e-06 2.786555781916447437e-06 2.725139870607517402e-06 2.665229845668197257e-06 2.606784462302063741e-06 2.549763729704960280e-06 2.494116505259912083e-06 2.439830179221378643e-06 2.386855632560385944e-06 2.335157486223291272e-06 2.284701420025318218e-06 2.235454137740336437e-06 2.187383333494786259e-06 2.140457659331744182e-06 2.094646693930471305e-06 2.049920912472097732e-06 2.006251657574929156e-06 1.963611111216908513e-06 1.921972267675282474e-06 1.881308907448015745e-06 1.841595572041154053e-06 1.802807539640370091e-06 1.764920801710160256e-06 1.727912040274119827e-06
4.884587314572959486e-06 4.770522762384340020e-06 4.659448020451795450e-06 4.551257778125107499e-06 4.445902576142681953e-06 4.343282139430621487e-06 4.243300194476095364e-06 4.145913766534103978e-06 4.051031083601241816e-06 3.958580049091228453e-06 3.868475254923461277e-06 3.780680837355895625e-06 3.695115278257591759e-06 3.611715234407324665e-06 3.530404670452240957e-06 3.451153967984976154e-06 3.373890458675434142e-06 3.298558393515177520e-06 3.225103760744651150e-06 3.153474226302853518e-06 3.083605858340269518e-06 3.015476278755776051e-06 2.949024284495338993e-06 2.884203700016804426e-06 2.820969761112185776e-06 2.759279067413171210e-06 2.699077440551078395e-06 2.640348538804656358e-06 2.583040403982812970e-06 2.527114650481253107e-06 2.472534043878860184e-06 2.419262462914296531e-06 2.367264862868824132e-06 2.316507240218368670e-06 2.266956598602144670e-06 2.218580915960318669e-06 2.171349112885093664e-06 2.125231022063716023e-06 2.080197358799159867e-06 2.036219692598998353e-06 1.993260728291753606e-06 1.951313207415545478e-06 1.910341241200148109e-06 1.870319551379927941e-06 1.831223585982782514e-06 1.793029496420600438e-06 1.755714115241366950e-06 1.719254934774414269e-06 1.683638656213922090e-06 1.648826775828086332e-06 1.614807333482635144e-06
4.479382339782285154e-06 4.376819967157629734e-06 4.276905515733467293e-06 4.179547243916470086e-06 4.084656920389419632e-06 3.992194006597355734e-06 3.902074386939882504e-06 3.814231558786118324e-06 3.728601116705657214e-06 3.645107016187318460e-06 3.563716538735694205e-06 3.484357083779338822e-06 3.406971934246291130e-06 3.331493173110137899e-06 3.257893799873803240e-06 3.186108885994951812e-06 3.116088401437908697e-06 3.047783848369888833e-06 2.981148209450552916e-06 2.916135898105452116e-06 2.852691189207647938e-06 2.790794524637307236e-06 2.730392530965121145e-06 2.671444882862362046e-06 2.613912462893800782e-06 2.557757321666863505e-06 2.502942639437275659e-06 2.449432689092299589e-06 2.397192800439349035e-06 2.346189325799484972e-06 2.296379733076504238e-06 2.247752254492955935e-06 2.200266048207726789e-06 2.153891236376615210e-06 2.108598808956958275e-06 2.064360595974151395e-06 2.021149240755926837e-06 1.978938174061190935e-06 1.937701589129644574e-06 1.897414417619954349e-06 1.858052306335114231e-06 1.819591594749736723e-06 1.782009293378154031e-06 1.745283062764593360e-06 1.709391193304526790e-06 1.674312585668163116e-06 1.640026731948094409e-06 1.606513697387322988e-06 1.573754102770190778e-06 1.541736503208904749e-06 1.510427707587520052e-06
4.114243204591149326e-06 4.021869366195357592e-06 3.931804336216196526e-06 3.844009912923784634e-06 3.758408966210885374e-06 3.674940138606166292e-06 3.593543979760965887e-06 3.514150557501440818e-06 3.436729016747088851e-06 3.361212582390662404e-06 3.287548804389983581e-06 3.215686836827829521e-06 3.145577383933685493e-06 3.077161454116428584e-06 3.010415353407583477e-06 2.945282658992069102e-06 2.881719774353752113e-06 2.819684411208501574e-06 2.759135546275906966e-06 2.700033379619569495e-06 2.642339294468723167e-06 2.586005908970215399e-06 2.531016880092924411e-06 2.477326792848731856e-06 2.424901389741737141e-06 2.373707416109293126e-06 2.323712587778746747e-06 2.274885559904232918e-06 2.227195896857848685e-06 2.180614043211493689e-06 2.135111295703294525e-06 2.090659776176062934e-06 2.047232405477888138e-06 2.004802878264737940e-06 1.963345638637453353e-06 1.922835856636291237e-06 1.883249405563808626e-06 1.844562840042766455e-06 1.806753374823431286e-06 1.769798864372235075e-06 1.733677783046768926e-06 1.698369206042451821e-06 1.663852790905675707e-06 1.630108759721261870e-06 1.597117881845546709e-06 1.564861457257292282e-06 1.533321300434121934e-06 1.502479724801826318e-06 1.472326094091816752e-06 1.442830480955455286e-06 1.413983237941458700e-06
3.784559073795140560e-06 3.701191133588813416e-06 3.619876771675559993e-06 3.540559363673703013e-06 3.463184020059295473e-06 3.387697527622136604e-06 3.314037452374598485e-06 3.242175716362542022e-06 3.172052685358299891e-06 3.103621308381715425e-06 3.036835948764630452e-06 2.971652337298866752e-06 2.908027527144964134e-06 2.845910105357099199e-06 2.785279342628481148e-06 2.726086039095277977e-06 2.668292118021532351e-06 2.611860622552275245e-06 2.556755679433048640e-06 2.502942464029119811e-06 2.450387166579161005e-06 2.399056959617965880e-06 2.348919966566941891e-06 2.299945231387160188e-06 2.252102689328332751e-06 2.205363138656298065e-06 2.159698213394648769e-06 2.115080356982039602e-06 2.071482796833206242e-06 2.028879519795159057e-06 1.987245248441963188e-06 1.946555418148874494e-06 1.906786154963715403e-06 1.867914254249212738e-06 1.829917160012857575e-06 1.792772944934693357e-06 1.756460291122318642e-06 1.720958471416682332e-06 1.686247331415019788e-06 1.652307272024868842e-06 1.619119232646903390e-06 1.586664674869581344e-06 1.554925566739038282e-06 1.523884367523061768e-06 1.493524013008196468e-06 1.463827901222516781e-06 1.434779878677129647e-06 1.406370068327470185e-06 1.378571446770555818e-06 1.351375016466169977e-06 1.324766288721932856e-06
3.486321039162499205e-06 3.410943584449176013e-06 3.337386101456450696e-06 3.265599425356454385e-06 3.195535866827225530e-06 3.127139590963548183e-06 3.060385079376908631e-06 2.995218982798102993e-06 2.931599043953615568e-06 2.869484254153623046e-06 2.808834812662214777e-06 2.749612087512488195e-06 2.691778577715890125e-06 2.635297876793676983e-06 2.580134637605378519e-06 2.526246314334800495e-06 2.473616179792589323e-06 2.422203481812097602e-06 2.371976783038146624e-06 2.322905547145748251e-06 2.274960110421836132e-06 2.228111654292461447e-06 2.182332178826022183e-06 2.137594477121489360e-06 2.093872110568069660e-06 2.051139384969879271e-06 2.009371327479299147e-06 1.968543664283943947e-06 1.928632799063953232e-06 1.889615792193987258e-06 1.851470340610218798e-06 1.814174758351840175e-06 1.777707957806442601e-06 1.742049431488059814e-06 1.707179234509332126e-06 1.673084072896336774e-06 1.639732802207116635e-06 1.607113237762404283e-06 1.575207520542845137e-06 1.543998274588947138e-06 1.513468592612828960e-06 1.483602022108101309e-06 1.454382551858764268e-06 1.425794598932972342e-06 1.397822996070493015e-06 1.370452979493619090e-06 1.343675383539218957e-06 1.317465772094821123e-06 1.291815762546131761e-06 1.266712090580072200e-06 1.242141839960811897e-06
3.216015828347331817e-06 3.147743699141497879e-06 3.081087871916360658e-06 3.016005556299961305e-06 2.952446735096610155e-06 2.890388243571175613e-06 2.829782273822958112e-06 2.770590830307735304e-06 2.712777021224532833e-06 2.656305023198310734e-06 2.601140047209223142e-06 2.547248305692389865e-06 2.494596980794802633e-06 2.443154193731418800e-06 2.392888975185359948e-06 2.343771236748391474e-06 2.295771743312444824e-06 2.248862086437939412e-06 2.203014658599891114e-06 2.158202628338921328e-06 2.114399916234009945e-06 2.071581171684858945e-06 2.029721750496192895e-06 1.988797693214365739e-06 1.948785704164984762e-06 1.909663131206189304e-06 1.871407946174619456e-06 1.833998725950269182e-06 1.797414634150726417e-06 1.761635403477668340e-06 1.726641318563585943e-06 1.692413199462098622e-06 1.658932385619924318e-06 1.626180720415153861e-06 1.594140536159053297e-06 1.562794639617734590e-06 1.532131566188754581e-06 1.502124451678709772e-06 1.472762756425446761e-06 1.444031049168415284e-06 1.415914307364961917e-06 1.388397905272699123e-06 1.361467602426676976e-06 1.335109532453083633e-06 1.309314864600504674e-06 1.284061081637423291e-06 1.259340072667327333e-06 1.235139362930723081e-06 1.211446801008275090e-06 1.188250549593125288e-06 1.165539076574913213e-06
2.970588773452057483e-06 2.908648112273895326e-06 2.848145758681465602e-06 2.789044384069043733e-06 2.731307735745678050e-06 2.674900602786370847e-06 2.619781652406716668e-06 2.565932049818562022e-06 2.513312251139770399e-06 2.461890894167731467e-06 2.411637504573816130e-06 2.362522468234681927e-06 2.314517004477321158e-06 2.267593140263422376e-06 2.221723685218537986e-06 2.176882207532073282e-06 2.133043010647991330e-06 2.090181110735669922e-06 2.048272214932185323e-06 2.007292700310600653e-06 1.967219593522546710e-06 1.928030551132053681e-06 1.889703840615671238e-06 1.852218321960996885e-06 1.815558900979794370e-06 1.779694569256753660e-06 1.744611392352882843e-06 1.710290428107573993e-06 1.676713243596699819e-06 1.643861900042783542e-06 1.611718938252124698e-06 1.580267364484331873e-06 1.549490636806875821e-06 1.519372651866437427e-06 1.489897732109882566e-06 1.461050613368534477e-06 1.432821053320068866e-06 1.405185311001230827e-06 1.378133941579579722e-06 1.351653218227334574e-06 1.325729771199649229e-06 1.300350577631386455e-06 1.275502951625505579e-06 1.251178709299882843e-06 1.227357447926427467e-06 1.204031625576826983e-06 1.181189811222755908e-06 1.158820865737295605e-06 1.136913933679227151e-06 1.115462278739827285e-06 1.094447899476726513e-06
2.747366459365307241e-06 2.691079088964811933e-06 2.636074111000367033e-06 2.582318888735765158e-06 2.529781707681001503e-06 2.478431746894142828e-06 2.428239051258317721e-06 2.379174504687347194e-06 2.331209804254456961e-06 2.284317435169205971e-06 2.238470646621411183e-06 2.193643428409261798e-06 2.149810488371968247e-06 2.106947230556884896e-06 2.065029734109010385e-06 2.024034732876320183e-06 1.983939595686568408e-06 1.944722307253279279e-06 1.906361449721346487e-06 1.868836184830974234e-06 1.832126236639205671e-06 1.796211874804564975e-06 1.761073898455440654e-06 1.726693620510783169e-06 1.693052852575628985e-06 1.660133890272289652e-06 1.627924132806572925e-06 1.596397498311771127e-06 1.565542323136480074e-06 1.535342701636362870e-06 1.505783145680747464e-06 1.476848572607039927e-06 1.448524293516212489e-06 1.420796001973896900e-06 1.393649763046599600e-06 1.367076095989875319e-06 1.341053573583768753e-06 1.315573425266641952e-06 1.290623099199133651e-06 1.266190365169066438e-06 1.242263305527411132e-06 1.218834051245545369e-06 1.195883787013101282e-06 1.173405234615338724e-06 1.151387641420557425e-06 1.129820526023374394e-06 1.108693670729607693e-06 1.088000584747329972e-06 1.067724616738469684e-06 1.047859767557675285e-06 1.028396803535173118e-06
2.544003464763869964e-06 2.492773678517219601e-06 2.442689405406196268e-06 2.393722049249436265e-06 2.345843806327155395e-06 2.299027641182462894e-06 2.253247263254814517e-06 2.208477104266569808e-06 2.164692296381126082e-06 2.121868651067743853e-06 2.079982638659679326e-06 2.039011368600088569e-06 1.998932570334011586e-06 1.959724574805070138e-06 1.921366296567046275e-06 1.883837216490985585e-06 1.847117365008344396e-06 1.811191929679566451e-06 1.776032701673962894e-06 1.741625933756104942e-06 1.707953697621752314e-06 1.674998538558595829e-06 1.642743461657455287e-06 1.611171918494416006e-06 1.580267794203928046e-06 1.550015394986141724e-06 1.520399435990460875e-06 1.491409038415271021e-06 1.463021661773137076e-06 1.435227210840400109e-06 1.408011922883078597e-06 1.381362389029058378e-06 1.355265544263510383e-06 1.329708657711202226e-06 1.304682957293448940e-06 1.280169075254794698e-06 1.256158872634869436e-06 1.232640863952729489e-06 1.209603853656919293e-06 1.187036928067170712e-06 1.164932802235170482e-06 1.143274393079735123e-06 1.122054943348817858e-06 1.101264591121350103e-06 1.080893719604738409e-06 1.060936081878875451e-06 1.041376273972626445e-06 1.022208502440172594e-06 1.003424065956772150e-06 9.850144767549213845e-07 9.669744032214978648e-07
2.358437299867936910e-06 2.311740659803763574e-06 2.266069106493755994e-06 2.221397531836805094e-06 2.177701510266636334e-06 2.134962060702833962e-06 2.093146440167264684e-06 2.052236992807800875e-06 2.012211825336500349e-06 1.973049631293661387e-06 1.934729673716839158e-06 1.897231768379595337e-06 1.860536267581512014e-06 1.824624044436954487e-06 1.789476477667004233e-06 1.755075436910620112e-06 1.721403268444963710e-06 1.688442781415664558e-06 1.656177234460345807e-06 1.624594243790439344e-06 1.593670061861597267e-06 1.563393167332258017e-06 1.533748491425673719e-06 1.504721354103740074e-06 1.476297453042795840e-06 1.448462852918656264e-06 1.421203975053982006e-06 1.394511103569134238e-06 1.368364299723572478e-06 1.342754524546381014e-06 1.317669528509784134e-06 1.293097371501911964e-06 1.269026414219883126e-06 1.245448543209734444e-06 1.222346226559535253e-06 1.199711915806179118e-06 1.177535093985661200e-06 1.155805505704847639e-06 1.134516158508574950e-06 1.113651285019874383e-06 1.093204379011174771e-06 1.073166161889799764e-06 1.053527582917003429e-06 1.034282636572271236e-06 1.015417070915471233e-06 9.969252988684912670e-07 9.787991213655694054e-07 9.610331990243992415e-07 9.436144153901030801e-07 9.265378022603946084e-07 9.097959247530043410e-07
2.188854731476185113e-06 2.146228488588755968e-06 2.104521163366522311e-06 2.063710665825078566e-06 2.023775495176414249e-06 1.984694722528927973e-06 1.946447974126328477e-06 1.909015415133347518e-06 1.872377733949795908e-06 1.836516127004868603e-06 1.801412284034021405e-06 1.767052203589577635e-06 1.733410832115123963e-06 1.700475115256225884e-06 1.668228577912784915e-06 1.636655171395476134e-06 1.605739261288774440e-06 1.575465615666810899e-06 1.545819393695845430e-06 1.516786134575733082e-06 1.488355138797897108e-06 1.460505877049250803e-06 1.433228371957457453e-06 1.406509578987160801e-06 1.380336783272806086e-06 1.354697590456496410e-06 1.329583025080130680e-06 1.304975088217406940e-06 1.280865407903804771e-06 1.257242785528037260e-06 1.234096301138508728e-06 1.211415305815149879e-06 1.189192297574026490e-06 1.167411383398348514e-06 1.146065565987013874e-06 1.125145208703206668e-06 1.104640911076816617e-06 1.084546204986476859e-06 1.064846745729045288e-06 1.045536500111174596e-06 1.026606950508615815e-06 1.008052329591236735e-06 9.898594490771742412e-07 9.720229279137166960e-07 9.545350407990139912e-07 9.373906550465081425e-07 9.205776096290127124e-07 9.040911148840533781e-07 8.879241573665736954e-07 8.720721800654095449e-07 8.565239346910414268e-07
2.033640540696141642e-06 1.994675686716335591e-06 1.956535957626318734e-06 1.919205615873005432e-06 1.882658197662654702e-06 1.846879003306457594e-06 1.811850045925611048e-06 1.777553805670946832e-06 1.743973216393558809e-06 1.711091652682755369e-06 1.678892917356179010e-06 1.647361229302977081e-06 1.616481211729221919e-06 1.586241142772715661e-06 1.556619881949721786e-06 1.527606476198018708e-06 1.499187055369477814e-06 1.471348100021111866e-06 1.444076431638724697e-06 1.417359203184839002e-06 1.391186860794923583e-06 1.365541246386656780e-06 1.340413430495066959e-06 1.315791802941230506e-06 1.291665041832599277e-06 1.268024857834152155e-06 1.244854978535545354e-06 1.222147653230158206e-06 1.199892636701628637e-06 1.178079934906178132e-06 1.156702369738929618e-06 1.135745291809119389e-06 1.115201987868609035e-06 1.095063402807109868e-06 1.075320700752997065e-06 1.055967682706913377e-06 1.036991096763417536e-06 1.018385145130403548e-06 1.000141812182927581e-06 9.822555649107565704e-07 9.647141968537390013e-07 9.475125317476797562e-07 9.306432910738905495e-07 9.141015455565608442e-07 8.978760184978466307e-07 8.819620977547637699e-07 8.663531679091929092e-07 8.510448479290222781e-07 8.360266880161303187e-07 8.212945889006081362e-07 8.068445095659583402e-07
1.891382057759669582e-06 1.855716161977854374e-06 1.820792374791870003e-06 1.786593498722042326e-06 1.753102778249643811e-06 1.720303887286932924e-06 1.688184044259764172e-06 1.656721475941056812e-06 1.625904217581549017e-06 1.595717543349774029e-06 1.566147099877172064e-06 1.537178895894443359e-06 1.508799292171654228e-06 1.480997827632501041e-06 1.453755859977915660e-06 1.427063592306330235e-06 1.400908698953671011e-06 1.375279160403032663e-06 1.350163254921616435e-06 1.325552168392092594e-06 1.301429514675320163e-06 1.277787036589909588e-06 1.254614124710966223e-06 1.231900429142833029e-06 1.209638295766614508e-06 1.187812991250572348e-06 1.166417342714406412e-06 1.145441970554527342e-06 1.124877721755579213e-06 1.104717963680790480e-06 1.084949387827238936e-06 1.065565777486303280e-06 1.046558827530094926e-06 1.027922602846117700e-06 1.009644857359230931e-06 9.917200262435405846e-07 9.741405664832173690e-07 9.569011749501296908e-07 9.399905512874253066e-07 9.234037219872638790e-07 9.071338297827533807e-07 8.911761450710195920e-07 8.755202094590638636e-07 8.601615866576679622e-07 8.450940370821288824e-07 8.303133525472987564e-07 8.158098241005302585e-07 8.015795043824956829e-07 7.876185101290880356e-07 7.739177100192032846e-07 7.604734599023090804e-07
1.760814372144883695e-06 1.728125769854077093e-06 1.696105658177373713e-06 1.664738821145800444e-06 1.634010426748108673e-06 1.603906016273727611e-06 1.574411493960084731e-06 1.545515807583419693e-06 1.517200169616170873e-06 1.489454212569885903e-06 1.462265195172218968e-06 1.435620691880293660e-06 1.409508584277415809e-06 1.383919533305736774e-06 1.358837048405469956e-06 1.334252365398637610e-06 1.310154513257043823e-06 1.286532788711515956e-06 1.263379061423557141e-06 1.240678521569153993e-06 1.218423536131710331e-06 1.196604403036036903e-06 1.175211654049395908e-06 1.154238222690375739e-06 1.133670749720808233e-06 1.113502599051707566e-06 1.093725177603408446e-06 1.074330096879375355e-06 1.055311229280818583e-06 1.036656467646749375e-06 1.018360056835257931e-06 1.000414374624616740e-06 9.828139361238013642e-07 9.655475707147303051e-07 9.486101254076879679e-07 9.319965220247395203e-07 9.156962963123306783e-07 8.997046747900768147e-07 8.840151972975717717e-07 8.686233297674339369e-07 8.535193708532473368e-07 8.386990578887433706e-07 8.241581991452966116e-07 8.098876766655080114e-07 7.958835478286707613e-07 7.821403223359893211e-07 7.686542714536549372e-07 7.554168982970725545e-07 7.424246957240132548e-07 7.296742242455691103e-07 7.171574697899291373e-07
1.640814790392672932e-06 1.610819966286916003e-06 1.581425680053733646e-06 1.552620995557983376e-06 1.524392760510201997e-06 1.496728147752479014e-06 1.469614646420403264e-06 1.443040053345604600e-06 1.416994805095466170e-06 1.391462608620861841e-06 1.366434476007062003e-06 1.341899354026976945e-06 1.317846457888544521e-06 1.294267447443856076e-06 1.271147691038902621e-06 1.248479346955445994e-06 1.226252634489025298e-06 1.204458007534648781e-06 1.183088202815951633e-06 1.162130024150660187e-06 1.141576640124077803e-06 1.121419382877879744e-06 1.101651729201732007e-06 1.082261548497571355e-06 1.063242702839097246e-06 1.044587314362758651e-06 1.026289530118769215e-06 1.008338169691741332e-06 9.907277238955518186e-07 9.734510262204450769e-07 9.565028316758616386e-07 9.398728073635170299e-07 9.235560149670886835e-07 9.075459291820251037e-07 8.918378573749638891e-07 8.764222225780966207e-07 8.612946056346323755e-07 8.464506635386016048e-07 8.318813951994561286e-07 8.175827088458544820e-07 8.035505872779625742e-07 7.897765592402488586e-07 7.762568383097696982e-07 7.629862424337103082e-07 7.499611939742891257e-07 7.371737855099836035e-07 7.246206448283714810e-07 7.122984701078961166e-07 7.001997931835585778e-07 6.883215007396530987e-07 6.766605486191721392e-07
1.530391320963295900e-06 1.502830304366991909e-06 1.475816368951760944e-06 1.449333141164686585e-06 1.423371139157110658e-06 1.397918964089745431e-06 1.372965493270175665e-06 1.348501922671186653e-06 1.324513563977070240e-06 1.300992126629714933e-06 1.277927521016099624e-06 1.255309898934380238e-06 1.233131573972640065e-06 1.211379315550474419e-06 1.190045882698309668e-06 1.169122331109742397e-06 1.148599927887372840e-06 1.128471972560977691e-06 1.108726495903707227e-06 1.089357183953745659e-06 1.070356096009039254e-06 1.051717210851285252e-06 1.033429498085103930e-06 1.015487281696372447e-06 9.978833346823145892e-07 9.806122519778023972e-07 9.636638413229518498e-07 9.470330059450994297e-07 9.307147345594157310e-07 9.146994656838387851e-07 8.989824715395770710e-07 8.835576100395700618e-07 8.684203923534497851e-07 8.535619422904283061e-07 8.389780240862089401e-07 8.246644810334941474e-07 8.106129596903098465e-07 7.968195360135861654e-07 7.832803629716062942e-07 7.699875685549044595e-07 7.569375196069663932e-07 7.441266580344227112e-07 7.315475553383423684e-07 7.191968499763175309e-07 7.070712536387904103e-07 6.951637464824969879e-07 6.834712207570706335e-07 6.719906402493601631e-07 6.607153616887516161e-07 6.496425146417989286e-07 6.387692986607563629e-07
1.428651181708480400e-06 1.403299034841971782e-06 1.378441800232308333e-06 1.354064992845599496e-06 1.330160135416796651e-06 1.306717081870057781e-06 1.283725927682342654e-06 1.261178809792902872e-06 1.239062682646578015e-06 1.217370128973529737e-06 1.196092148958094182e-06 1.175221658905937726e-06 1.154746677225783782e-06 1.134660518740638036e-06 1.114954998054675910e-06 1.095623737169867127e-06 1.076655704898383937e-06 1.058044879581623783e-06 1.039783809735218044e-06 1.021866757240291726e-06 1.004283540214586341e-06 9.870287391852105267e-07 9.700955646975198134e-07 9.534788597252262501e-07 9.371692014443643702e-07 9.211617177198994487e-07 9.054516244326650776e-07 8.900300704948070799e-07 8.748925340075060899e-07 8.600332335848907363e-07 8.454478787238450501e-07 8.311282401146529237e-07 8.170702615432481714e-07 8.032699675980786401e-07 7.897196037839683757e-07 7.764154102576958902e-07 7.633537055943060125e-07 7.505271729893308260e-07 7.379323293161071064e-07 7.255657676350517310e-07 7.134205746945654380e-07 7.014935259071565028e-07 6.897814708064636279e-07 6.782778682544617253e-07 6.669797353978646093e-07 6.558841616086088166e-07 6.449849488684003044e-07 6.342793405203957882e-07 6.237646504230635773e-07 6.134349968932026210e-07 6.032888851145675882e-07
1.334799137713953967e-06 1.311452478011104016e-06 1.288554162384957195e-06 1.266091338932831416e-06 1.244056425430381768e-06 1.222440376618593952e-06 1.201235951571192120e-06 1.180431346677658917e-06 1.160019719755450654e-06 1.139992840132370879e-06 1.120344179525988777e-06 1.101062871566952212e-06 1.082142744870274077e-06 1.063576303200157679e-06 1.045357664541271981e-06 1.027476800822528521e-06 1.009928149501508303e-06 9.927048771853458947e-07 9.758016888016411116e-07 9.592093061978448156e-07 9.429227202471429809e-07 9.269370144893435151e-07 9.112434734469476261e-07 8.958374440639288051e-07 8.807131029361970144e-07 8.658660321508238143e-07 8.512881316792252827e-07 8.369752192451711346e-07 8.229231969618806219e-07 8.091244326615569964e-07 7.955750454607595128e-07 7.822712360573505493e-07 7.692058038445138308e-07 7.563751493312893355e-07 7.437757519887232414e-07 7.314008093710529150e-07 7.192469848796801413e-07 7.073110184554329255e-07 6.955864750397025733e-07 6.840702638178088926e-07 6.727593682940423334e-07 6.616476924016776788e-07 6.507323752927306594e-07 6.400106284203652198e-07 6.294766684694828664e-07 6.191288358977621956e-07 6.089615978246159467e-07 5.989724172679896859e-07 5.891588265662938750e-07 5.795155650890016127e-07 5.700402897882302033e-07
1.248123240180682910e-06 1.226601410224747346e-06 1.205483322856624324e-06 1.184761989815822263e-06 1.164429144222145478e-06 1.144478117768214772e-06 1.124898214679844209e-06 1.105683123693416254e-06 1.086825312018741278e-06 1.068318762996018720e-06 1.050153607614766215e-06 1.032324149149846148e-06 1.014823517679069997e-06 9.976462884395037683e-07 9.807833327166573069e-07 9.642295124161402219e-07 9.479797864734268449e-07 9.320255794672723615e-07 9.163621146167062925e-07 9.009835327160389970e-07 8.858852954405681793e-07 8.710594360755123898e-07 8.565016530058731551e-07 8.422077323540244619e-07 8.281701680376499371e-07 8.143849643690110398e-07 8.008482101836766525e-07 7.875528245728229264e-07 7.744950974644281209e-07 7.616714003241304583e-07 7.490750447704903418e-07 7.367025875610553939e-07 7.245506642295555499e-07 7.126129488285224450e-07 7.008862475680996140e-07 6.893674428994408577e-07 6.780505435282443397e-07 6.669325890488618088e-07 6.560106929848014580e-07 6.452791730131440815e-07 6.347362097218912315e-07 6.243763656708678084e-07 6.141970111339408344e-07 6.041955868796284159e-07 5.943669248334967851e-07 5.847085919734850370e-07 5.752182239717376354e-07 5.658909012677494237e-07 5.567252203717694388e-07 5.477164651896744717e-07 5.388624800749359383e-07
1.167985027617875679e-06 1.148123000071498756e-06 1.128627761133714626e-06 1.109493055931086603e-06 1.090712743010754726e-06 1.072277116432468432e-06 1.054180354775134773e-06 1.036415558993793098e-06 1.018977183570726176e-06 1.001856252827960739e-06 9.850475083117939488e-07 9.685446497489952287e-07 9.523426738228591281e-07 9.364332593153118179e-07 9.208116603499406353e-07 9.054732257311466838e-07 8.904101250452650906e-07 8.756179446044310725e-07 8.610923615532043430e-07 8.468259986620929992e-07 8.328147521916640050e-07 8.190546056441204816e-07 8.055386003655253184e-07 7.922629219878436876e-07 7.792238400486215625e-07 7.664147825907968260e-07 7.538322055813697711e-07 7.414726458087493817e-07 7.293298886103317581e-07 7.174006426757835363e-07 7.056816946825188803e-07 6.941671601073772511e-07 6.828539840706781260e-07 6.717391870951403494e-07 6.608171896814793829e-07 6.500860182433012419e-07 6.395403325349528243e-07 6.291774146060094734e-07 6.189946180413226965e-07 6.089868689244158887e-07 5.991516484815450705e-07 5.894865074473057130e-07 5.799866178179570634e-07 5.706504360221035212e-07 5.614733329836310666e-07 5.524530725341661083e-07 5.435874848602578756e-07 5.348721553521080557e-07 5.263057615620492229e-07 5.178840660233577358e-07 5.096050867202597334e-07
1.093812167861214606e-06 1.075462024548677668e-06 1.057446673281020582e-06 1.039760457227331366e-06 1.022394556262406673e-06 1.005343600685196831e-06 9.886012674136701277e-07 9.721624447090626252e-07 9.560189582472467855e-07 9.401659540801830716e-07 9.245986761599726234e-07 9.093094323927916623e-07 8.942937047576636514e-07 8.795470688954001858e-07 8.650622782773992106e-07 8.508351283288886225e-07 8.368615041876607785e-07 8.231345711397418520e-07 8.096504172545572014e-07 7.964052166477652497e-07 7.833925153152386043e-07 7.706086747188735773e-07 7.580501389825073566e-07 7.457108061071077767e-07 7.335872931347084345e-07 7.216762966568432379e-07 7.099720401565378156e-07 6.984713797746799287e-07 6.871712483550418595e-07 6.760661703211108999e-07 6.651532256662420723e-07 6.544295684974493596e-07 6.438900014390007993e-07 6.335325943489868078e-07 6.233523683983423835e-07 6.133467236591057647e-07 6.035131303889058678e-07 5.938468529501583115e-07 5.843462131424473194e-07 5.750066696784178560e-07 5.658259099829049874e-07 5.568016881860366967e-07 5.479296754542858413e-07 5.392084225742276849e-07 5.306337738711382964e-07 5.222036751477755329e-07 5.139161358757487878e-07 5.057671857406601819e-07 4.977555841293491839e-07 4.898775152732146348e-07 4.821311577106596418e-07
1.025086249797749740e-06 1.008117230284794461e-06 9.914540705716078968e-07 9.750887444899757656e-07 9.590162987479909582e-07 9.432318808653369587e-07 9.277279382043535220e-07 9.124998565558726298e-07 8.975422084507345981e-07 8.828506074828701096e-07 8.684180274391374352e-07 8.542402959838801887e-07 8.403133310288295058e-07 8.266305023932864557e-07 8.131879257709259068e-07 7.999818033269507171e-07 7.870058712236096654e-07 7.742565143333831218e-07 7.617302005213283608e-07 7.494210048664795919e-07 7.373263587677888023e-07 7.254405942535515310e-07 7.137604843296759853e-07 7.022828798339783437e-07 6.910024095427058517e-07 6.799160724417704653e-07 6.690209425345474785e-07 6.583119231314243194e-07 6.477869471540381778e-07 6.374411311776628799e-07 6.272717990357465828e-07 6.172763452968106766e-07 6.074501269033837566e-07 5.977906583192640946e-07 5.882955225551372433e-07 5.789602987457091322e-07 5.697833480408157442e-07 5.607604274903460104e-07 5.518893245056504893e-07 5.431678916001993263e-07 5.345920800787472759e-07 5.261604732794790667e-07 5.178691812753671932e-07 5.097168485186158160e-07 5.016997361378912408e-07 4.938159578447120860e-07 4.860636881402674753e-07 4.784393485567481441e-07 4.709417796047200632e-07 4.635675379094175329e-07 4.563155168655163038e-07
9.613436612612204048e-07 9.456376450533381640e-07 9.302087110705922012e-07 9.150522897684125897e-07 9.001639081300839552e-07 8.855366732258499819e-07 8.711663263435313096e-07 8.570487009186041185e-07 8.431772932242254346e-07 8.295481348685557046e-07 8.161573455547592273e-07 8.029987818304180808e-07 7.900687466359688380e-07 7.773636272674483721e-07 7.648776138121172706e-07 7.526072629647255098e-07 7.405492123385367790e-07 7.286979608212760701e-07 7.170510155861411428e-07 7.056031095899606914e-07 6.943511665907838432e-07 6.832921861053323732e-07 6.724211718733279681e-07 6.617352610334341471e-07 6.512316637336119397e-07 6.409056343578888680e-07 6.307551629804349631e-07 6.207756988033340833e-07 6.109646866760854636e-07 6.013196402293351812e-07 5.918362283606908882e-07 5.825126926880976081e-07 5.733448757557375389e-07 5.643304989001763550e-07 5.554673485258167176e-07 5.467514595923597804e-07 5.381813021394770281e-07 5.297530661675388754e-07 5.214647218486102664e-07 5.133143012037489247e-07 5.052981625093254191e-07 4.974149837380524463e-07 4.896612618106146865e-07 4.820357328112151233e-07 4.745350257032722045e-07 4.671574089059922934e-07 4.599012086699957259e-07 4.527631928982443714e-07 4.457422814282901219e-07 4.388353604631269444e-07 4.320414001511587394e-07
9.021656447597348852e-07 8.876134937631080860e-07 8.733150425382414768e-07 8.592661672078313490e-07 8.454605688844806948e-07 8.318943165784304941e-07 8.185635672751346857e-07 8.054623684072600333e-07 7.925877605056766638e-07 7.799340479652794741e-07 7.674977142666661182e-07 7.552753247374632558e-07 7.432614877627076349e-07 7.314529258058265127e-07 7.198464398258838881e-07 7.084369198447954602e-07 6.972213121505705755e-07 6.861966384692220246e-07 6.753580497104188121e-07 6.647033279624833938e-07 6.542278239352216172e-07 6.439288081693365903e-07 6.338036219638340034e-07 6.238478450493366871e-07 6.140595268958615465e-07 6.044344253017811410e-07 5.949701020092067049e-07 5.856641853910376887e-07 5.765126341915160466e-07 5.675137403041067900e-07 5.586636214456921210e-07 5.499601012791792321e-07 5.414010664964456593e-07 5.329828109368417607e-07 5.247038467760111489e-07 5.165606100025654548e-07 5.085516763256857854e-07 5.006736171392988439e-07 4.929245707046826584e-07 4.853027338285824510e-07 4.778048238750852251e-07 4.704296106157201864e-07 4.631739327250148406e-07 4.560366149422172674e-07 4.490146115820464381e-07 4.421068004807175800e-07 4.353102462106868897e-07 4.286234246151887689e-07 4.220448652625738129e-07 4.155717466549985499e-07 4.092031130475607952e-07
8.471713939387245871e-07 8.336776191876595970e-07 8.204150004952829329e-07 8.073798045753471273e-07 7.945683832112076236e-07 7.819752192717858600e-07 7.695968299479511468e-07 7.574298138161228986e-07 7.454689461888256725e-07 7.337115906771788804e-07 7.221527412711436454e-07 7.107892800948571116e-07 6.996181650841580980e-07 6.886346473492245524e-07 6.778358197862921228e-07 6.672188481594664643e-07 6.567792218867889833e-07 6.465147945647141757e-07 6.364212380401149723e-07 6.264959514848934154e-07 6.167364023878771126e-07 6.071384720371604852e-07 5.977002709378043185e-07 5.884178432305351389e-07 5.792888634208451958e-07 5.703110703405334960e-07 5.614806920646833448e-07 5.527960721714163525e-07 5.442535843454054220e-07 5.358516412971037356e-07 5.275867554396979356e-07 5.194569326442397159e-07 5.114602381538424302e-07 5.035933373469279728e-07 4.958548476952595618e-07 4.882415588620347711e-07 4.807521480977252319e-07 4.733835235662414086e-07 4.661339779520020143e-07 4.590018592137479050e-07 4.519842022749717737e-07 4.450798651348165688e-07 4.382859890536186656e-07 4.316014838137025777e-07 4.250235921254445574e-07 4.185512737763070838e-07 4.121818682814850118e-07 4.059143837209450825e-07 3.997462519976318274e-07 3.936765278331362767e-07 3.877027313163616884e-07
7.960192501125658441e-07 7.834947085269909335e-07 7.711828066199952042e-07 7.590784278042695921e-07 7.471782639571916433e-07 7.354790853030000253e-07 7.239760421351442033e-07 7.126660467687723359e-07 7.015460866260429729e-07 6.906115595457687442e-07 6.798601200737260782e-07 6.692873527811417871e-07 6.588904916580681291e-07 6.486668408191161405e-07 6.386122027274787130e-07 6.287245037630342355e-07 6.189997130739425239e-07 6.094353536917465699e-07 6.000290143892495211e-07 5.907768560167565654e-07 5.816770512221547731e-07 5.727259098849506983e-07 5.639212151514802985e-07 5.552608120864642145e-07 5.467411790617990733e-07 5.383607123185844438e-07 5.301160236683859805e-07 5.220055764669107587e-07 5.140261097524421557e-07 5.061761516081575967e-07 4.984525624036146365e-07 4.908535151009971085e-07 4.833772384435638551e-07 4.760207258489609329e-07 4.687826953598368825e-07 4.616602492765230337e-07 4.546521616774034976e-07 4.477556387672794349e-07 4.409695086933649440e-07 4.342910768328798658e-07 4.277188407025261042e-07 4.212513487686394223e-07 4.148860107664729242e-07 4.086218175087518000e-07 4.024562678714709362e-07 3.963883996250242159e-07 3.904157967641922461e-07 3.845375424089737699e-07 3.787513018426996139e-07 3.730562019884723253e-07 3.674499857688406062e-07
7.483969759697244420e-07 7.367633105379099447e-07 7.253233070737067072e-07 7.140744184532868493e-07 7.030121405458911092e-07 6.921335399250527460e-07 6.814357552158803750e-07 6.709145085755554049e-07 6.605675400360462961e-07 6.503907422275383887e-07 6.403814847357798324e-07 6.305372044159412484e-07 6.208539933168165105e-07 6.113298512963471268e-07 6.019610228145606421e-07 5.927451500150666446e-07 5.836799381201771234e-07 5.747618072104513013e-07 5.659889927119390776e-07 5.573580511710844890e-07 5.488672904324063826e-07 5.405133971814438292e-07 5.322943428821886112e-07 5.242081568861138180e-07 5.162516725614650642e-07 5.084234043765116068e-07 5.007203024371486054e-07 4.931409438501221427e-07 4.856823901255872784e-07 4.783432787646501124e-07 4.711207776140005372e-07 4.640132127385089573e-07 4.570189625164194630e-07 4.501353106585979876e-07 4.433610706432023941e-07 4.366936217460437311e-07 4.301318298204510598e-07 4.236731654079329478e-07 4.173165448973093199e-07 4.110595260034187348e-07 4.049010738823464991e-07 3.988388295253133471e-07 3.928718051552745129e-07 3.869977213274560049e-07 3.812156356989816630e-07 3.755233448506928418e-07 3.699199503055097463e-07 3.644033212960139115e-07 3.589726017060328811e-07 3.536257302012847732e-07 3.483618915826219326e-07
7.040235253803707882e-07 6.932075206539754526e-07 6.825699713604836211e-07 6.721067356417481226e-07 6.618155490498767214e-07 6.516924331573272832e-07 6.417347849974860159e-07 6.319400678599153764e-07 6.223044955187958820e-07 6.128260607019388144e-07 6.035011234317606137e-07 5.943277572363637682e-07 5.853024616009227205e-07 5.764229930812949140e-07 5.676871685950704177e-07 5.590916486601102010e-07 5.506347317069331260e-07 5.423132032961931434e-07 5.341254316963710134e-07 5.260683217992688611e-07 5.181399411160996336e-07 5.103384125946841629e-07 5.026607757727637036e-07 4.951055963978275559e-07 4.876700211780450504e-07 4.803526763260656004e-07 4.731508108900832894e-07 4.660631093746775936e-07 4.590869185737266036e-07 4.522209791930419453e-07 4.454627314004211941e-07 4.388106414626273654e-07 4.322632246518011995e-07 4.258180221292654951e-07 4.194739374682834067e-07 4.132285958472755037e-07 4.070809496854988584e-07 4.010287044534057208e-07 3.950708597078429306e-07 3.892051976604251535e-07 3.834307633660584714e-07 3.777454123912273503e-07 3.721482337145539269e-07 3.666371530268468699e-07 3.612113017206213244e-07 3.558686725271403369e-07 3.506084378048360776e-07 3.454286543810817422e-07 3.403285341914418406e-07 3.353061953473011018e-07 3.303608880298057594e-07
6.626419052670768848e-07 6.525785405937643608e-07 6.426788889441798686e-07 6.329392484359520558e-07 6.233571466397129661e-07 6.139301743460884920e-07 6.046548058145518453e-07 5.955291103405711831e-07 5.865496960084106967e-07 5.777147097760723239e-07 5.690208874387650096e-07 5.604660953249177205e-07 5.520482573902847245e-07 5.437642572203041942e-07 5.356124561179715512e-07 5.275898523216416710e-07 5.196948743182478695e-07 5.119246298363928410e-07 5.042776120905788244e-07 4.967510333905615844e-07 4.893431255714657796e-07 4.820521720900776620e-07 4.748755028095414857e-07 4.678117928944105642e-07 4.608584662694226578e-07 4.540142542399984210e-07 4.472766706229786073e-07 4.406445008508543617e-07 4.341153446609559788e-07 4.276880396788140771e-07 4.213602677780030160e-07 4.151309169193947864e-07 4.089977475055441528e-07 4.029596960496563128e-07 3.970145980436425614e-07 3.911614368409630408e-07 3.853981197415520428e-07 3.797236752971860673e-07 3.741360794840794398e-07 3.686344044768641178e-07 3.632166919381451116e-07 3.578820561551485031e-07 3.526286016206152791e-07 3.474554832868465315e-07 3.423608657476590593e-07 3.373439432327619918e-07 3.324029378286187671e-07 3.275370817125432589e-07 3.227446519686717758e-07 3.180249174496445091e-07 3.133762078500345901e-07
6.240188595193082657e-07 6.146485232533011303e-07 6.054281799477495066e-07 5.963555423462313904e-07 5.874273256934852473e-07 5.786416752987449602e-07 5.699954289619038304e-07 5.614868064566694903e-07 5.531127626226925336e-07 5.448712690007668085e-07 5.367603520313217463e-07 5.287771023135831083e-07 5.209199435821798136e-07 5.131860716344755280e-07 5.055739746931110826e-07 4.980809490815805741e-07 4.907055451505809818e-07 4.834451553032083660e-07 4.762983897497577540e-07 4.692627327393049861e-07 4.623365662005990343e-07 4.555183200851719545e-07 4.488055814108523956e-07 4.421971278958785677e-07 4.356906292683440721e-07 4.292849152781176351e-07 4.229777347518484986e-07 4.167679676163508061e-07 4.106534383520122471e-07 4.046330752831781773e-07 3.987047752573063749e-07 3.928675132881779478e-07 3.871192554532921556e-07 3.814590218182372927e-07 3.758848446948788279e-07 3.703957876297081672e-07 3.649899463072996396e-07 3.596664262496831274e-07 3.544233837789191200e-07 3.492599649500707669e-07 3.441743841077409087e-07 3.391658264575210202e-07 3.342325618659637315e-07 3.293738133645231221e-07 3.245879039485685205e-07 3.198740932083558537e-07 3.152307549769272826e-07 3.106571841895926612e-07 3.061518033230956893e-07 3.017139414971123825e-07 2.973420677290036919e-07
5.879416046408574559e-07 5.792103292203968996e-07 5.706166337397942076e-07 5.621587386146635672e-07 5.538336944555671777e-07 5.456397929228346081e-07 5.375741919701648808e-07 5.296349638808594882e-07 5.218202331390889988e-07 5.141272825202878165e-07 5.065545974847670069e-07 4.990995573977484577e-07 4.917607094964018408e-07 4.845355255031153254e-07 4.774226121724744849e-07 4.704195295516847728e-07 4.635249417440627923e-07 4.567364932782436356e-07 4.500529035241226322e-07 4.434718978274954829e-07 4.369919951704656799e-07 4.306117591895465886e-07 4.243290051716893224e-07 4.181426066298784101e-07 4.120504517039058547e-07 4.060514620661009912e-07 4.001435955701353882e-07 3.943258203476521155e-07 3.885961609683844649e-07 3.829536303936321027e-07 3.773963170449082692e-07 3.719232771505519406e-07 3.665326602461205120e-07 3.612235643297165868e-07 3.559941974328860655e-07 3.508436978889303741e-07 3.457703297211294216e-07 3.407732702234629652e-07 3.358508370148231810e-07 3.310022450330320386e-07 3.262260714322086912e-07 3.215209428328103234e-07 3.168861070970095060e-07 3.123200270814607191e-07 3.078219854769001034e-07 3.033904908943136344e-07 2.990248597054099754e-07 2.947236443172395855e-07 2.904861936858159587e-07 2.863111021358888618e-07 2.821977501584942804e-07
5.542170147078575097e-07 5.460749816462302694e-07 5.380595557296446783e-07 5.301688325775678780e-07 5.224009587543716194e-07 5.147533027208559952e-07 5.072243494157596751e-07 4.998115600758480627e-07 4.925134809562396662e-07 4.853276620420458764e-07 4.782527086600185684e-07 4.712862557042170522e-07 4.644269654191232171e-07 4.576725539462534251e-07 4.510217383804998817e-07 4.444723126180160218e-07 4.380230466206501959e-07 4.316718087057070823e-07 4.254174197994641211e-07 4.192578194580875276e-07 4.131918777470894541e-07 4.072176024223890722e-07 4.013339109388161173e-07 3.955388763485569224e-07 3.898314618173888024e-07 3.842098029188513823e-07 3.786729069212598161e-07 3.732189692664091947e-07 3.678470397831220424e-07 3.625553712438442969e-07 3.573430545608834691e-07 3.522083974088529144e-07 3.471505303686347194e-07 3.421678136925713612e-07 3.372594162746542874e-07 3.324237487193377526e-07 3.276600169354913134e-07 3.229666797471120800e-07 3.183429788363329956e-07 3.137874192026961098e-07 3.092992771124997080e-07 3.048771017811003063e-07 3.005202029220281180e-07 2.962271720858720527e-07 2.919973513469087957e-07 2.878293727860065549e-07 2.837226097988353862e-07 2.796759067653077134e-07 2.756881469049080089e-07 2.717587305694741653e-07 2.678864018535802666e-07
5.226678015888880875e-07 5.150696346851983178e-07 5.075885584284712106e-07 5.002221145828375021e-07 4.929688505504571296e-07 4.858263933515055392e-07 4.787933489147520499e-07 4.718674258615581652e-07 4.650472865133069956e-07 4.583307176054192960e-07 4.517164358040099827e-07 4.452023026300874034e-07 4.387870871302972732e-07 4.324687224328482127e-07 4.262460280811979412e-07 4.201170057747833868e-07 4.140805237470068306e-07 4.081346493677403256e-07 4.022782978283264788e-07 3.965095993961464265e-07 3.908275145593718181e-07 3.852302338314623780e-07 3.797167614059156233e-07 3.742853455057151451e-07 3.689350325040479175e-07 3.636641259061169331e-07 3.584717128035343341e-07 3.533561496595189530e-07 3.483165628844928809e-07 3.433513596740366525e-07 3.384597044165140650e-07 3.336400529076687985e-07 3.288916062298016579e-07 3.242128667347290672e-07 3.196030709706155265e-07 3.150607658851441748e-07 3.105852223163357396e-07 3.061751984126136283e-07 3.018294927218550372e-07 2.975474078497449133e-07 2.933276116755214375e-07 2.891694385097791171e-07 2.850715944415860781e-07 2.810334444664881708e-07 2.770537312657361963e-07 2.731318495458344320e-07 2.692665770247186440e-07 2.654573371899958668e-07 2.617030929321155147e-07 2.580028407361511326e-07 2.543560294494844961e-07
4.931322302335818409e-07 4.860369661012877058e-07 4.790496181271219459e-07 4.721679673930149852e-07 4.653906782237730664e-07 4.587156067844525282e-07 4.521414711538739241e-07 4.456661994089828399e-07 4.392885614417537078e-07 4.330065542113352804e-07 4.268189975615517364e-07 4.207239544383459239e-07 4.147202928526794254e-07 4.088061389689082157e-07 4.029804072542571819e-07 3.972412844441153897e-07 3.915877298215699145e-07 3.860179881601065040e-07 3.805310619868874745e-07 3.751252516892414853e-07 3.697996015318496826e-07 3.645524651947672458e-07 3.593829272372936424e-07 3.542893924086621589e-07 3.492709841807117524e-07 3.443261562412977092e-07 3.394540696511270666e-07 3.346533886698558929e-07 3.299228196535132232e-07 3.252615606895149779e-07 3.206681959750828246e-07 3.161419582771306840e-07 3.116814737906664437e-07 3.072860088113308977e-07 3.029542297796791482e-07 2.986854354196136573e-07 2.944783307339579176e-07 2.903322458229880351e-07 2.862459226345501161e-07 2.822187216391178722e-07 2.782495648529873772e-07 2.743374081215418969e-07 2.704816402719336187e-07 2.666811043178838791e-07 2.629352171990476187e-07 2.592428536279241686e-07 2.556034577879580961e-07 2.520159347426306014e-07 2.484797550914946165e-07 2.449939861869048927e-07 2.415577245448349938e-07
