1.000000000000000000e+01 1.000000000000000000e+01 1.000000000000000000e+01 1.000000000000000000e+01 1.000000000000000000e+01 1.000000000000000000e+01 1.000000000000000000e+01 1.000000000000000000e+01 1.000000000000000000e+01 1.000000000000000000e+01 1.000000000000000000e+01 1.000000000000000000e+01 1.000000000000000000e+01 1.000000000000000000e+01 1.000000000000000000e+01 1.000000000000000000e+01 1.000000000000000000e+01 1.000000000000000000e+01 1.000000000000000000e+01 1.000000000000000000e+01 6.828845779909862301e+00 6.787866673513742732e+00 6.744432174008245795e+00 6.698396456329577475e+00 6.649610312325062722e+00 6.597922331840915255e+00 6.543180358735566138e+00 6.485233245515305001e+00 6.423932925465878796e+00 6.359136814042326336e+00 6.290710541593389493e+00 6.218531007049731940e+00 6.142489726960364216e+00 6.062496436393425725e+00 5.978482878164545156e+00 5.890406695368163525e+00 5.798255320350593323e+00 5.702049732494697487e+00 5.601847939185034875e+00 5.497748020977828887e+00 5.389890575244528748e+00 5.278460394178541293e+00 5.163687224477829574e+00 5.045845478081974811e+00 4.925252796109610642e+00 4.802267410744132548e+00 4.677284300408622641e+00 4.550730189384514901e+00 4.423057500538308595e+00 4.294737425022397304e+00 4.166252321587121443e+00
1.000000000000000000e+01 1.000000000000000000e+01 1.000000000000000000e+01 1.000000000000000000e+01 1.000000000000000000e+01 1.000000000000000000e+01 1.000000000000000000e+01 1.000000000000000000e+01 1.000000000000000000e+01 1.000000000000000000e+01 1.000000000000000000e+01 1.000000000000000000e+01 1.000000000000000000e+01 1.000000000000000000e+01 1.000000000000000000e+01 1.000000000000000000e+01 6.845250606396390047e+00 6.805355768828754037e+00 6.763079873035571232e+00 6.718280311327596621e+00 6.670810753512116165e+00 6.620522207370676426e+00 6.567264338212876140e+00 6.510887071953849414e+00 6.451242502269734835e+00 6.388187116400663612e+00 6.321584345793088033e+00 6.251307436777403304e+00 6.177242622761514035e+00 6.099292563064464545e+00 6.017379994828297107e+00 5.931451524026094546e+00 5.841481460341070076e+00 5.747475579862920902e+00 5.649474680667506910e+00 5.547557781176193359e+00 5.441844801600447923e+00 5.332498566579034538e+00 5.219725973866941260e+00 5.103778190724374220e+00 4.984949766894050782e+00 4.863576590320390025e+00 4.740032657697933693e+00 4.614725684255008176e+00 4.488091632781531004e+00 4.360588297103110911e+00 4.232688126011300511e+00 4.104870516197069108e+00 3.977613833597585469e+00 3.851387439189857265e+00 3.726643996203676146e+00
1.000000000000000000e+01 1.000000000000000000e+01 1.000000000000000000e+01 1.000000000000000000e+01 1.000000000000000000e+01 1.000000000000000000e+01 1.000000000000000000e+01 1.000000000000000000e+01 1.000000000000000000e+01 1.000000000000000000e+01 1.000000000000000000e+01 1.000000000000000000e+01 6.859668400027311819e+00 6.820731251853211496e+00 6.779479689522450947e+00 6.735774197825261211e+00 6.689471281541669256e+00 6.640424423301274359e+00 6.588485286015643538e+00 6.533505184665666654e+00 6.475336849088070501e+00 6.413836494353661877e+00 6.348866208057881266e+00 6.280296654101360510e+00 6.208010080177553291e+00 6.131903601210836996e+00 6.051892713613057140e+00 5.967914975916782439e+00 5.879933770862624698e+00 5.787942043441679729e+00 5.691965890101529091e+00 5.592067857942961240e+00 5.488349801047720078e+00 5.380955135879846196e+00 5.270070340622648786e+00 5.155925555607751676e+00 5.038794164345477000e+00 4.918991267010347279e+00 4.796870999633745747e+00 4.672822700862432121e+00 4.547265981268276747e+00 4.420644804479106682e+00 4.293420741075365754e+00 4.166065601426328868e+00 4.039053688892434657e+00 3.912853937233127244e+00 3.787922203743435023e+00 3.664693981891098407e+00 3.543577774603003494e+00 3.424949333634198290e+00 3.309146924455614869e+00
1.000000000000000000e+01 1.000000000000000000e+01 1.000000000000000000e+01 1.000000000000000000e+01 1.000000000000000000e+01 1.000000000000000000e+01 1.000000000000000000e+01 1.000000000000000000e+01 6.872224432806563144e+00 6.834127287506108317e+00 6.793775093584716984e+00 6.751031265286279393e+00 6.705755046390578400e+00 6.657802381360797384e+00 6.607027017973100769e+00 6.553281866247213650e+00 6.496420635966464019e+00 6.436299770790181896e+00 6.372780690613747190e+00 6.305732345157637475e+00 6.235034070586983113e+00 6.160578727228134710e+00 6.082276080290762721e+00 6.000056367287786685e+00 5.913873976208011030e+00 5.823711138375582408e+00 5.729581520561173313e+00 5.631533583791201281e+00 5.529653563117797432e+00 5.424067915112309457e+00 5.314945079682331652e+00 5.202496411353081385e+00 5.086976153282101620e+00 4.968680355207800936e+00 4.847944673679495331e+00 4.725141037818429091e+00 4.600673214208153006e+00 4.474971357278814565e+00 4.348485683206019914e+00 4.221679452168538127e+00 4.095021482232896304e+00 3.968978445102382402e+00 3.844007207260426107e+00 3.720547478505516370e+00 3.599015013573123145e+00 3.479795582731888270e+00 3.363239886267812118e+00 3.249659538804996917e+00 3.139324196135779843e+00 3.032459843464486049e+00 2.929248213298341508e+00
1.000000000000000000e+01 1.000000000000000000e+01 1.000000000000000000e+01 6.918319952015353991e+00 6.883026545411924602e+00 6.845659504017200803e+00 6.806089892313993417e+00 6.764183864778243738e+00 6.719803269943003698e+00 6.672806448888407793e+00 6.623049253543054071e+00 6.570386309443993156e+00 6.514672545555683314e+00 6.455765010085364963e+00 6.393524985649518655e+00 6.327820409373011934e+00 6.258528593337882917e+00 6.185539228153624336e+00 6.108757637366908355e+00 6.028108233248343772e+00 5.943538105720842069e+00 5.855020656647602628e+00 5.762559172485991255e+00 5.666190210814541217e+00 5.565986662037137656e+00 5.462060338348107003e+00 5.354563939449960230e+00 5.243692249982519371e+00 5.129682438171807135e+00 5.012813349274697572e+00 4.893403720676563040e+00 4.771809286862072952e+00 4.648418789956263453e+00 4.523648962409759555e+00 4.397938599402949400e+00 4.271741886099222008e+00 4.145521185449815071e+00 4.019739522681597066e+00 3.894853020425686374e+00 3.771303542173816137e+00 3.649511791015001005e+00 3.529871086216733733e+00 3.412742004078123337e+00 3.298448024400086442e+00 3.187272273303010550e+00 3.079455400651816888e+00 2.975194579607902678e+00 2.874643569986538694e+00 2.777913748656926529e+00 2.685075980848934396e+00 2.596163186708388082e+00
6.892166847802655205e+00 6.855426780947759369e+00 6.816530099361980177e+00 6.775345491499628281e+00 6.731737249634088371e+00 6.685566008130146898e+00 6.636689691245942768e+00 6.584964694798468798e+00 6.530247324360196615e+00 6.472395509490914911e+00 6.411270808551661204e+00 6.346740711624545561e+00 6.278681239758348021e+00 6.206979827058622057e+00 6.131538458068361841e+00 6.052277016658411668e+00 5.969136784716575050e+00 5.882084010009642761e+00 5.791113443692727181e+00 5.696251730323227846e+00 5.597560518388050355e+00 5.495139148888834590e+00 5.389126775068592501e+00 5.279703769363282007e+00 5.167092285241491112e+00 5.051555862352755888e+00 4.933397993261337433e+00 4.812959608138257295e+00 4.690615478448081355e+00 4.566769589472476021e+00 4.441849581430378890e+00 4.316300406589116179e+00 4.190577391648725225e+00 4.065138927622914622e+00 3.940439030819575805e+00 3.816920026585509440e+00 3.695005601517022953e+00 3.575094450275374314e+00 3.457554711499082334e+00 3.342719346027747118e+00 3.230882562880405651e+00 3.122297347668764989e+00 3.017174097898343010e+00 2.915680323143597263e+00 2.817941328030189041e+00 2.724041764215523020e+00 2.634027915179304014e+00 2.547910564836538327e+00 2.457082559073906491e+00 2.368701488193127425e+00 2.285766082477991290e+00
6.741660106314685486e+00 6.696191256664572045e+00 6.648065847314150290e+00 6.597142049559957755e+00 6.543277640022476582e+00 6.486331628768158275e+00 6.426166169619823343e+00 6.362648761581704449e+00 6.295654741720896119e+00 6.225070058950350926e+00 6.150794304942090562e+00 6.072743963029844316e+00 5.990855818823231260e+00 5.905090457986402086e+00 5.815435758141135558e+00 5.721910264307023652e+00 5.624566322086205439e+00 5.523492831479862808e+00 5.418817478366053209e+00 5.310708301735522774e+00 5.199374463949900438e+00 5.085066109270033330e+00 4.968073222796291155e+00 4.848723437129135228e+00 4.727378776074883326e+00 4.604431371417276431e+00 4.480298237351586721e+00 4.355415234418014592e+00 4.230230397314452162e+00 4.105196835624008500e+00 3.980765440553498458e+00 3.857377642302682652e+00 3.735458460697818062e+00 3.615410076334855560e+00 3.497606121867044671e+00 3.382386855374121648e+00 3.270055332834024941e+00 3.160874647896989575e+00 3.055066257866292823e+00 2.952809368248586086e+00 2.854241307197686428e+00 2.759458787703390037e+00 2.668519930738583845e+00 2.581446907226529586e+00 2.498229050331665757e+00 2.408937761090324869e+00 2.324252879198013932e+00 2.244754019434724857e+00 2.170209585189943446e+00 2.100384437949276872e+00 2.034448659498427681e+00
6.553875736931058071e+00 6.497692440987496987e+00 6.438336996485992891e+00 6.375677280488362797e+00 6.309588451932945041e+00 6.239955630379251161e+00 6.166676831712648799e+00 6.089666125380233552e+00 6.008856961317316170e+00 5.924205597084837294e+00 5.835694537702138973e+00 5.743335883313712031e+00 5.647174464486956147e+00 5.547290633074023702e+00 5.443802569713799500e+00 5.336867968648530969e+00 5.226684967789171132e+00 5.113492207678121737e+00 4.997567927391973086e+00 4.879228038035707371e+00 4.758823154086567087e+00 4.636734607497601246e+00 4.513369516577799168e+00 4.389155028185077079e+00 4.264531894456951910e+00 4.139947581013172950e+00 4.015849129547915730e+00 3.892676011918693835e+00 3.770853214065176040e+00 3.650784776207849802e+00 3.532847991684240796e+00 3.417388432334144355e+00 3.304715926166201356e+00 3.195101566247498859e+00 3.088775781669022003e+00 2.985927455246162765e+00 2.886704031109030844e+00 2.791212520700493194e+00 2.699521289362762033e+00 2.611662488300464879e+00 2.527634988161628016e+00 2.444693800018436836e+00 2.359051098083183362e+00 2.278586789269963830e+00 2.203069276414771238e+00 2.131727287970936580e+00 2.064857948774307506e+00 2.002224880051945544e+00 1.943044993189866787e+00 1.887632616478696512e+00 1.835219024422220180e+00
6.320599720888790074e+00 6.251759716344559514e+00 6.179314769925704276e+00 6.103177408061302600e+00 6.023278779892768497e+00 5.939572015417685868e+00 5.852035609757515466e+00 5.760676733582439368e+00 5.665534354416422502e+00 5.566682041389264590e+00 5.464230318478815462e+00 5.358328429818418392e+00 5.249165386446259518e+00 5.136970177786636782e+00 5.022011053494131794e+00 4.904593811727031571e+00 4.785059067392785970e+00 4.663778516654488726e+00 4.541150259595259975e+00 4.417593288526349582e+00 4.293541291873241406e+00 4.169435959799869806e+00 4.045720004984705298e+00 3.922830128104207503e+00 3.801190161299506265e+00 3.681204613863702679e+00 3.563252823263651337e+00 3.447683883020414175e+00 3.334812479316809242e+00 3.224915723416075242e+00 3.118231020248636742e+00 3.014954967985845613e+00 2.915243241870968838e+00 2.819211380265970845e+00 2.726936363347254755e+00 2.638458855938386360e+00 2.553785975666138519e+00 2.472894445396957241e+00 2.390561218428421952e+00 2.308841001660995929e+00 2.232531461906912984e+00 2.160423451374384740e+00 2.092780888175146181e+00 2.029371980198356962e+00 1.969457330755206570e+00 1.912806511397479925e+00 1.859706629881735518e+00 1.809943457381185450e+00 1.762806736788383954e+00 1.718603103190446957e+00 1.676158622064936932e+00
6.034237561276940554e+00 5.951310040456958106e+00 5.864582768009109159e+00 5.774059381253638712e+00 5.679774517627963704e+00 5.581796614138484713e+00 5.480230280470321347e+00 5.375218112379867463e+00 5.266941816739338478e+00 5.155622532142939640e+00 5.041520249695430778e+00 4.924932267247261741e+00 4.806190645986988308e+00 4.685658679326516918e+00 4.563726428163239035e+00 4.440805421139629061e+00 4.317322660444176563e+00 4.193714110004396645e+00 4.070417870891152923e+00 3.947867266213084925e+00 3.826484063333257080e+00 3.706672054411868977e+00 3.588811197568704703e+00 3.473252491793852759e+00 3.360313721324797775e+00 3.250276162321959372e+00 3.143382299369843924e+00 3.039834554659804233e+00 2.939794991450588757e+00 2.843385917831831033e+00 2.750691288558746006e+00 2.661758782686206359e+00 2.576602423096590044e+00 2.495205600346619867e+00 2.417524366610703801e+00 2.335914349571210025e+00 2.258543099372130492e+00 2.185842448751396550e+00 2.117587021144363479e+00 2.053084706964037665e+00 1.992574000126859923e+00 1.935831970611700648e+00 1.882166478529256448e+00 1.831366948687138896e+00 1.783702821073535727e+00 1.738976469449735829e+00 1.696075832359014379e+00 1.656215789438625574e+00 1.617855327631408713e+00 1.581755200010926732e+00 1.547761768409312344e+00
5.690002901160414517e+00 5.592744073538163718e+00 5.491913161588602321e+00 5.387647826173747490e+00 5.280124216560080797e+00 5.169557360684716940e+00 5.056200681566211941e+00 4.940344571865348478e+00 4.822313992723920251e+00 4.702465102522345397e+00 4.581180963970847841e+00 4.458866421374430011e+00 4.335942281100732210e+00 4.212838964315626988e+00 4.089989829261451604e+00 3.967824378569671850e+00 3.846761573882568008e+00 3.727203474842595732e+00 3.609529402667579490e+00 3.494090801342866204e+00 3.381206933980705820e+00 3.271161510743862522e+00 3.164200300837220592e+00 3.060529737402004624e+00 2.960316483433971246e+00 2.863687891365469529e+00 2.770733260366332829e+00 2.681505774703696776e+00 2.596024993938605974e+00 2.514279760987061074e+00 2.436231396291544282e+00 2.358849040074654013e+00 2.281078680669639702e+00 2.207953304410886108e+00 2.139249895251430278e+00 2.074312414021243889e+00 2.013350320260966608e+00 1.956144021811439426e+00 1.902038096416649227e+00 1.850823378316444057e+00 1.802737493563832505e+00 1.757151477028539910e+00 1.714318328739810493e+00 1.673631770962232146e+00 1.634933202760995519e+00 1.598495504239634268e+00 1.564165737716296078e+00 1.530982352218879683e+00 1.499648671816808720e+00 1.469639737630499265e+00 1.441246453016628237e+00
5.288806123029974771e+00 5.178867831231687369e+00 5.066144308622537729e+00 4.950920603849995771e+00 4.833516016838426133e+00 4.714280844819142224e+00 4.593592221590197866e+00 4.471849137029789034e+00 4.349466764187001289e+00 4.226870256749991839e+00 4.104488207736886274e+00 3.982745978733354786e+00 3.862059116465505149e+00 3.742827069336759571e+00 3.625427401066756428e+00 3.510210672918210761e+00 3.397496132113840162e+00 3.287568304424745680e+00 3.180674546371013989e+00 3.077023569886034871e+00 2.976784912327115062e+00 2.880089289614968795e+00 2.787029741725409515e+00 2.697663458749178123e+00 2.612014162622960267e+00 2.530074914150908683e+00 2.451811216315639808e+00 2.377164291999824375e+00 2.300513541171814058e+00 2.227139733786246190e+00 2.157759812890871487e+00 2.092942257094652536e+00 2.031270416323849304e+00 1.973736930438300119e+00 1.919317642064227947e+00 1.867805195299766741e+00 1.819408555888439860e+00 1.773530660173487483e+00 1.730396022728230010e+00 1.689428821845812001e+00 1.650470632613794342e+00 1.613766502824010907e+00 1.578777431060273795e+00 1.545758357192182020e+00 1.513816985082100608e+00 1.483979874618647443e+00 1.455005970196923126e+00 1.427543321197864756e+00 1.401129724903631413e+00 1.375684561759574986e+00 1.351134098574711340e+00
4.839873740812516090e+00 4.721181143097964217e+00 4.601032923400501851e+00 4.479823064412195244e+00 4.357961703943880494e+00 4.235869056716796699e+00 4.113968997606185951e+00 3.992682510169262677e+00 3.872421211940072716e+00 3.753581164357084887e+00 3.636537160559627058e+00 3.521637659745838533e+00 3.409200504165595724e+00 3.299509516518194907e+00 3.192812034248850406e+00 3.089317395767319230e+00 2.989196354540436751e+00 2.892581362537457679e+00 2.799567636283986971e+00 2.710214897825347524e+00 2.624549669586995648e+00 2.542567996230664651e+00 2.464238467433776503e+00 2.389505422005907320e+00 2.316056175278759177e+00 2.242596006192662195e+00 2.173488819127738836e+00 2.108146050612244693e+00 2.046717603809129926e+00 1.988617886083929864e+00 1.934013022049321240e+00 1.882321304929906347e+00 1.833726038486165555e+00 1.787659815571222000e+00 1.744321658819090404e+00 1.703164016651679269e+00 1.664029047693184271e+00 1.627136886440364361e+00 1.591974895346041752e+00 1.558413589590738946e+00 1.526689990955927723e+00 1.496327106499656390e+00 1.467568977246168416e+00 1.439620666265998938e+00 1.413083884268827362e+00 1.387528781319624871e+00 1.363211078217534400e+00 1.339723161337290858e+00 1.317002937375220117e+00 1.294993279294955668e+00 1.273641771398314138e+00
4.361490830385502449e+00 4.239896799483362955e+00 4.118490778652510897e+00 3.997689183935490220e+00 3.877899249524193070e+00 3.759512944812901658e+00 3.642901357910282023e+00 3.528409710408582090e+00 3.416353136535436263e+00 3.307013322612423423e+00 3.200636062634280243e+00 3.097429745446732774e+00 2.997564750949121226e+00 2.901173699112718385e+00 2.808352467993048940e+00 2.719161876323115568e+00 2.633629913081716900e+00 2.551754390443694120e+00 2.473505897069321335e+00 2.398830934765890266e+00 2.327655131935946642e+00 2.255105834518418728e+00 2.185700543691087017e+00 2.120723853318265295e+00 2.058933520520006333e+00 2.001157525762720990e+00 1.946143923487752003e+00 1.894744599074766445e+00 1.845709633675611805e+00 1.799558963659564581e+00 1.756115682218221341e+00 1.714858417614970820e+00 1.675630306649128487e+00 1.638629358310161654e+00 1.603367237783366539e+00 1.570052855529317171e+00 1.537887909188052404e+00 1.507431938078659606e+00 1.478570052630248988e+00 1.450549618878360647e+00 1.423930283579345479e+00 1.398303721846448688e+00 1.373904014562877585e+00 1.350038392902405127e+00 1.327259817095034045e+00 1.305199792036473294e+00 1.284099093627640853e+00 1.263318560121170275e+00 1.243396885133588814e+00 1.224000974247486884e+00 1.205095090374103561e+00
3.878550685330722558e+00 3.760677581740425879e+00 3.644572452273346475e+00 3.530576205389828193e+00 3.419000030819407954e+00 3.310122115841067192e+00 3.204185258815807735e+00 3.101395394320307197e+00 3.001921007303291589e+00 2.905893381074195148e+00 2.813407597177062680e+00 2.724524185255759789e+00 2.639271308236647684e+00 2.557647362350714104e+00 2.479623872042241217e+00 2.405148565687859730e+00 2.334148528101706699e+00 2.264326700157839767e+00 2.195146002088633086e+00 2.129999419807244276e+00 2.068681361246390793e+00 2.010664146788884832e+00 1.956070120593433881e+00 1.904375909269839795e+00 1.855718628891841249e+00 1.809586996874686271e+00 1.766134247523979184e+00 1.724866399192243938e+00 1.685627939009368692e+00 1.648594245635246258e+00 1.613302506958504745e+00 1.579624442460330291e+00 1.547753700133976063e+00 1.517259754709845421e+00 1.488039178330483603e+00 1.460298632869626356e+00 1.433639579763269278e+00 1.407980303434969160e+00 1.383245059696240897e+00 1.359650799101665086e+00 1.336839934420747111e+00 1.314754234908571906e+00 1.293340063043288968e+00 1.272820439894034594e+00 1.252603718931071031e+00 1.233189493580437945e+00 1.214269106928098196e+00 1.196065852155163256e+00 1.178033778760466443e+00 1.160653350085423474e+00 1.143401154105143425e+00
3.417199410792388203e+00 3.308891773730724850e+00 3.203512820476107414e+00 3.101264592657579477e+00 3.002312226117048066e+00 2.906784229077150616e+00 2.814773491849143383e+00 2.726338928004908624e+00 2.641507634834741047e+00 2.560277455546650316e+00 2.482619826392418183e+00 2.408482797776387407e+00 2.337794128274350403e+00 2.270324564172694792e+00 2.201519310162062482e+00 2.136691317719986216e+00 2.075640145418400806e+00 2.017862211798687078e+00 1.963461252786802280e+00 1.911941148177523919e+00 1.863418456160016445e+00 1.817408246810708228e+00 1.774043428820956336e+00 1.732855226151182926e+00 1.693689830322410383e+00 1.656702762023890330e+00 1.621454615509078767e+00 1.587818214585154708e+00 1.555967973476102273e+00 1.525495100119951264e+00 1.496296815069604547e+00 1.468561218895948484e+00 1.441909976477473210e+00 1.416261627511345100e+00 1.391540533578134120e+00 1.367946617024490275e+00 1.345139158770860766e+00 1.323060639610985412e+00 1.301657204089030628e+00 1.281134909045871240e+00 1.260935358356254810e+00 1.241524733458468255e+00 1.222610614695403886e+00 1.204159417203505500e+00 1.186379088179619457e+00 1.168762438788701674e+00 1.151757007761659235e+00 1.135102186989921824e+00 1.118777937274938683e+00 1.102766082524382130e+00 1.087263770977464183e+00
2.998801072191759509e+00 2.903906146755419471e+00 2.812507062595707819e+00 2.724659857311997335e+00 2.640389386456535092e+00 2.559691861626474552e+00 2.482537659385383400e+00 2.408874293433945102e+00 2.338629452271870690e+00 2.271714017041317035e+00 2.204896796578943885e+00 2.140798399232608062e+00 2.079876208614347632e+00 2.022743641450665653e+00 1.968658194784961513e+00 1.917427356193146082e+00 1.869146882322928471e+00 1.823358911165764429e+00 1.779893547077449067e+00 1.738873296733315588e+00 1.700144102116516676e+00 1.663000142665747028e+00 1.627867521438426834e+00 1.594615385634486016e+00 1.562845688907175346e+00 1.532449572602334831e+00 1.503325189024415032e+00 1.475377375001229119e+00 1.448781074568363803e+00 1.423186920867321348e+00 1.398775751035139958e+00 1.374964044159707965e+00 1.352195818658851190e+00 1.330157023272407146e+00 1.308794280790372522e+00 1.288299080204456937e+00 1.268379309091733464e+00 1.248760959546987070e+00 1.230107692821553300e+00 1.211684902051398893e+00 1.193695243011615448e+00 1.176331660633245679e+00 1.159124724818400232e+00 1.142489792250251490e+00 1.126185483323187464e+00 1.110399604590069478e+00 1.094699870886741921e+00 1.079280698942209016e+00 1.064323510347545909e+00 1.049613359285445080e+00 1.035139435356255078e+00
2.635983125475060529e+00 2.555953771155055509e+00 2.479437092267955833e+00 2.406379265467151640e+00 2.336707216918857632e+00 2.270331578142272377e+00 2.205613734863933306e+00 2.141844158064421411e+00 2.081725357578637858e+00 2.024807431883013376e+00 1.971152308107604334e+00 1.920578379590272444e+00 1.872383091019060641e+00 1.827176213356899392e+00 1.784006147262934272e+00 1.743239101017103332e+00 1.704724391961869312e+00 1.667798602298596222e+00 1.632850185550456246e+00 1.599751102796499680e+00 1.568124474957190539e+00 1.537862765664408382e+00 1.508865336312429584e+00 1.481038127741978627e+00 1.454539928177136510e+00 1.429039938085282513e+00 1.404703274106339883e+00 1.380980047337449612e+00 1.358282668429952045e+00 1.336312929311300746e+00 1.315018100135855850e+00 1.294574872832787937e+00 1.274706820307006438e+00 1.255154373977527493e+00 1.236321435122857304e+00 1.218165703591560289e+00 1.200226190769976498e+00 1.182898828461273588e+00 1.165740684975763664e+00 1.149140925491456633e+00 1.132871178830034076e+00 1.116912858021508415e+00 1.101440915234096041e+00 1.086053889026499242e+00 1.071117215248502674e+00 1.056246638479392708e+00 1.041796231188167221e+00 1.027571395008761712e+00 1.013563125684947330e+00 9.999288670971040460e-01 9.863265734521966532e-01
2.332094657394108150e+00 2.266380434304048563e+00 2.203263399159299141e+00 2.140448233877342954e+00 2.080986185411207501e+00 2.024677473234617775e+00 1.971566528769536308e+00 1.921476441791999390e+00 1.873746944101782219e+00 1.828934096817941946e+00 1.786146285640323850e+00 1.745958631367872993e+00 1.707494563598186188e+00 1.671100414475892082e+00 1.636403428919628089e+00 1.603281575055045538e+00 1.571858385434268257e+00 1.541786835622048990e+00 1.512967757798425961e+00 1.485540203262371239e+00 1.459182929501873449e+00 1.433816839754137984e+00 1.409368322539659157e+00 1.385990661673177193e+00 1.363395088792441090e+00 1.341524102424971554e+00 1.320324353000609907e+00 1.299958069196447186e+00 1.279957814858992737e+00 1.260700668049829609e+00 1.241939044274281700e+00 1.223639039499474501e+00 1.205967611706193710e+00 1.188499066619922218e+00 1.171600436178518834e+00 1.155051111766892902e+00 1.138830507588302288e+00 1.122919930810928779e+00 1.107302431837867918e+00 1.092140431116846777e+00 1.077062403101155752e+00 1.062407539727464600e+00 1.047987147342510639e+00 1.033791316240156632e+00 1.019811043456231969e+00 1.006038132453848988e+00 9.924650943396717828e-01 9.792360077753279324e-01 9.660401735013840474e-01 9.531700361541635136e-01 9.403286675565738495e-01
2.077765385563031586e+00 2.022175794412390371e+00 1.969715757234786535e+00 1.920211154769237760e+00 1.873266147666021730e+00 1.828712629619482666e+00 1.786616875309016139e+00 1.746601593430705313e+00 1.708748354213856180e+00 1.672471121012318873e+00 1.638315690026887816e+00 1.605489337663274174e+00 1.574325274602581537e+00 1.544495750373530818e+00 1.515903308119106230e+00 1.488672864495408810e+00 1.462500926821566072e+00 1.437309629997334026e+00 1.413026489187693802e+00 1.389791391904890094e+00 1.367331368019784277e+00 1.345589861765817075e+00 1.324514015794188815e+00 1.304253035028984931e+00 1.284367058858390198e+00 1.265207169626525241e+00 1.246539384185379795e+00 1.228330016958609994e+00 1.210734163120107398e+00 1.193350531896371525e+00 1.176522489747761302e+00 1.160041490349370985e+00 1.143886963431479442e+00 1.128040217099504972e+00 1.112484293705501281e+00 1.097371738858976764e+00 1.082351054780460231e+00 1.067742056450167176e+00 1.053365907385184652e+00 1.039212703569649898e+00 1.025273463109393601e+00 1.011540028664951629e+00 9.980049732341538249e-01 9.848050214151639059e-01 9.716446681316982525e-01 9.588017712184195851e-01 9.461281741666289768e-01 9.334882890024853719e-01 9.211435401109623333e-01 9.089558696446010666e-01 8.969217852024525817e-01
1.870773936051304487e+00 1.826807833702060346e+00 1.785240934877283303e+00 1.745716382007460155e+00 1.708302898667513947e+00 1.672658248291683192e+00 1.638657949807166281e+00 1.606184752416127015e+00 1.575335209372413559e+00 1.545798977659291307e+00 1.517683116432712920e+00 1.490692976031473993e+00 1.464548516792899768e+00 1.439767424790741046e+00 1.415684417629730296e+00 1.392623912185418700e+00 1.370329278625406433e+00 1.348744813151653288e+00 1.327818867731070718e+00 1.307503303042194309e+00 1.287937752231342436e+00 1.268895857821435325e+00 1.250341326975168199e+00 1.232240823050561707e+00 1.214737404432725265e+00 1.197454877988733291e+00 1.180712444509678605e+00 1.164314007869347911e+00 1.148239095874719951e+00 1.132469091906134651e+00 1.116987095731087898e+00 1.101935439007716511e+00 1.086983472571370957e+00 1.072430876539461231e+00 1.058109101656566242e+00 1.044008277399901097e+00 1.030119464306063159e+00 1.016434559263051707e+00 1.002946205050252448e+00 9.897833920856853318e-01 9.766665901275549677e-01 9.638583356736906138e-01 9.510912035121654728e-01 9.386181884797635266e-01 9.263051324381676999e-01 9.141484445900285305e-01 9.021447641424655828e-01 8.902909126355087466e-01 8.785838490413956370e-01 8.671336133618902098e-01 8.557107049198011683e-01
1.706239644661837529e+00 1.671065933431425066e+00 1.637696087592283245e+00 1.605630446438493397e+00 1.575145991777971100e+00 1.545950255360635461e+00 1.518138176069101952e+00 1.491431969853415973e+00 1.465566945769234408e+00 1.441021642057909613e+00 1.417173056459224423e+00 1.394320669904743237e+00 1.372222362876396762e+00 1.350823446179385989e+00 1.330073355126824453e+00 1.310096903500941767e+00 1.290506610793790809e+00 1.271605043946440805e+00 1.253184434256527924e+00 1.235376179977119904e+00 1.217820582037583366e+00 1.200816022941852523e+00 1.184016030053171242e+00 1.167716292434409553e+00 1.151736187777919973e+00 1.136057276553351869e+00 1.120813165111335552e+00 1.105686563951242540e+00 1.090961513110641823e+00 1.076332665112270881e+00 1.062077936676251610e+00 1.048041635669924920e+00 1.034214900949774751e+00 1.020589710566623731e+00 1.007289864893441411e+00 9.940446513577594345e-01 9.811069880363999518e-01 9.682182018416246594e-01 9.556219416132060163e-01 9.431883230765202297e-01 9.307976532175312734e-01 9.186805409232091657e-01 9.067153115546613407e-01 8.950087918800420095e-01 8.833368584077014862e-01 8.718083704795640543e-01 8.604206332100649002e-01 8.492756193329341619e-01 8.381613969794597940e-01 8.272838064732529473e-01 8.165367500683522461e-01
1.573609008628082506e+00 1.544975098421856430e+00 1.517334413357122269e+00 1.490952668362895306e+00 1.465575435053234399e+00 1.441129713194183593e+00 1.417716626957776560e+00 1.395101424377557242e+00 1.373226502280006089e+00 1.352038394209442274e+00 1.331487621857848858e+00 1.311688436722956652e+00 1.292277615968019600e+00 1.273535369795382621e+00 1.255266462508588976e+00 1.237592000884913057e+00 1.220174806098529796e+00 1.203292198575699690e+00 1.186619143502164908e+00 1.170431070836948750e+00 1.154558070177350793e+00 1.139124419168546565e+00 1.123827312465573991e+00 1.108795713624455281e+00 1.094153221366265250e+00 1.079746860510945705e+00 1.065433717166983874e+00 1.051470763298171684e+00 1.037714623946038195e+00 1.024283193459158081e+00 1.010915814909496113e+00 9.977337967428432375e-01 9.848503345550718713e-01 9.720203888728756736e-01 9.594745998041455115e-01 9.470898232356972368e-01 9.348623633078707584e-01 9.227888271579703927e-01 9.108660780161845771e-01 8.990911903827635276e-01 8.874614075741913410e-01 8.759741001100620483e-01 8.647260534618207428e-01 8.535155680132999745e-01 8.425375238612614615e-01 8.315953927325731021e-01 8.208803262677386581e-01 8.102938416364048324e-01 7.997393440249022101e-01 7.894059547196209392e-01 7.791967410205252742e-01
1.464438801934746293e+00 1.440466343548540085e+00 1.417179251879238988e+00 1.394830625756062759e+00 1.373206241861043342e+00 1.352254012204738842e+00 1.332076167408269507e+00 1.312326634858002050e+00 1.293263139387810456e+00 1.274698350417355464e+00 1.256598128099260858e+00 1.238930942695303461e+00 1.221809454248759863e+00 1.204923402125981591e+00 1.188529972385090172e+00 1.172466033944373542e+00 1.156711961387932419e+00 1.141249874157971300e+00 1.126195256728830696e+00 1.111268912214655069e+00 1.096718608025858632e+00 1.082400942687136602e+00 1.068181521289625291e+00 1.054300482974014574e+00 1.040623214667792729e+00 1.027260128798591854e+00 1.013966146160983239e+00 1.000854846525819575e+00 9.880326413408730968e-01 9.752686295008027306e-01 9.627799659357760831e-01 9.504505016824525976e-01 9.382766310640188179e-01 9.262550566880745073e-01 9.143827446826011673e-01 9.026568811173178997e-01 8.910748308764235848e-01 8.796340979498622481e-01 8.684258645244182784e-01 8.572600082616687045e-01 8.463199975126305397e-01 8.354210431935387149e-01 8.247425897874540723e-01 8.141920826390764976e-01 8.036794836900600369e-01 7.933812213392988921e-01 7.832067355947944787e-01 7.731547269087545304e-01 7.632238747890490727e-01 7.534128441462377701e-01 7.438128923232912859e-01
1.372357734579114030e+00 1.351663316895504119e+00 1.331717996713932317e+00 1.312197983159782311e+00 1.293341716201712011e+00 1.274972917978018927e+00 1.257058527483123633e+00 1.239700897569034233e+00 1.222605122994937954e+00 1.206009677784929846e+00 1.189758505853794945e+00 1.173830580342847263e+00 1.158206700212277784e+00 1.142869362102731046e+00 1.127802639111786132e+00 1.113113577815713962e+00 1.098545432818440304e+00 1.084327403769931752e+00 1.070327634652213034e+00 1.056536769667682618e+00 1.042946354313097013e+00 1.029548753076783507e+00 1.016446080385021933e+00 1.003412777681150558e+00 9.905536290335890115e-01 9.779675323021184141e-01 9.655425166335652731e-01 9.532747150311147166e-01 9.410631202075727675e-01 9.291013872458114831e-01 9.172870652332877350e-01 9.057098717180975811e-01 8.941810854127331121e-01 8.827922857626504527e-01 8.715412157104587276e-01 8.605128398176968840e-01 8.495303181975906170e-01 8.387646690811906280e-01 8.281274599058996433e-01 8.175342667934473173e-01 8.071508792965759183e-01 7.968919723634783070e-01 7.867563257411541722e-01 7.767427101846293702e-01 7.668498792984289603e-01 7.570765596226474159e-01 7.474214567195252013e-01 7.379695662036220849e-01 7.285487816920870330e-01 7.192425196420102473e-01 7.101401856354548903e-01
1.292688692207028645e+00 1.274531424989271633e+00 1.256817448700486839e+00 1.239640651066178156e+00 1.222725822744417989e+00 1.206293672568587105e+00 1.190198125868024759e+00 1.174418716694926257e+00 1.158936749547498257e+00 1.143735175245989444e+00 1.128798473470873143e+00 1.114226316278901896e+00 1.099889714965388787e+00 1.085667542426629772e+00 1.071771294312639622e+00 1.058080050091123159e+00 1.044585559732818192e+00 1.031384343734432107e+00 1.018260520711318451e+00 1.005313311698641687e+00 9.926364651369747882e-01 9.800256268434599516e-01 9.676727166449032858e-01 9.554747407969395034e-01 9.434282922587198250e-01 9.315302740828397265e-01 9.197778568638838026e-01 9.081684389459785400e-01 8.966996081328258983e-01 8.854532395337553208e-01 8.742580430446553752e-01 8.631971813653203096e-01 8.523496005839610312e-01 8.416307564520142392e-01 8.309611511872218026e-01 8.204971303599041255e-01 8.101580380684704208e-01 7.999427219431571867e-01 7.898500314227939745e-01 7.798788079909200199e-01 7.700278769226887032e-01 7.602960400049019185e-01 7.506820666338900327e-01 7.411846996324820136e-01 7.318026513320218251e-01 7.226166273497329762e-01 7.134633882048797560e-01 7.045063648637794884e-01 6.955776658335501850e-01 6.868462639325212393e-01 6.781376552942820490e-01
1.222186554097965283e+00 1.205816361531909742e+00 1.189888379314317568e+00 1.174268653987969868e+00 1.159048262784769801e+00 1.143991538648101880e+00 1.129193536186611002e+00 1.114746515264001481e+00 1.100425856591614515e+00 1.086430704001904335e+00 1.072645285764891154e+00 1.059060723683397542e+00 1.045668998417961904e+00 1.032560254869587579e+00 1.019532160863582559e+00 1.006677342915239137e+00 9.940837048301840451e-01 9.816504192753614522e-01 9.692841731720414078e-01 9.571616475287109127e-01 9.451883649742708338e-01 9.333613362973259830e-01 9.216778381638854878e-01 9.101353743710217659e-01 8.988120617036317039e-01 8.875439129416455852e-01 8.764104788317679251e-01 8.654866540723649138e-01 8.546164811605032607e-01 8.439505757778920092e-01 8.334109451535054447e-01 8.229237178775119510e-01 8.126340647809391360e-01 8.024671472422304497e-01 7.924218740612887224e-01 7.824971467531333102e-01 7.726918509421438763e-01 7.630048490522022275e-01 7.534349743804584776e-01 7.439810211695052633e-01 7.347161845856051698e-01 7.254919195178520797e-01 7.163800821197674473e-01 7.074575096932523843e-01 6.985689306557619771e-01 6.898702847542743655e-01 6.812826842281600737e-01 6.727223295745899945e-01 6.643534502411406750e-01 6.560931555304558849e-01 6.478513918720485432e-01
1.158453585802891705e+00 1.143550693919016759e+00 1.128999677824908288e+00 1.114587368148580948e+00 1.100499976919282918e+00 1.086627176916377557e+00 1.072959460410868981e+00 1.059488229959160810e+00 1.046205721423043133e+00 1.033104930851162395e+00 1.020269401275159860e+00 1.007512942760506958e+00 9.950082644257017828e-01 9.825758880150763375e-01 9.703841838855662427e-01 9.583425186370779780e-01 9.464477160136437472e-01 9.346969009976341392e-01 9.230874610590780183e-01 9.116170085807518975e-01 9.003589083259426751e-01 8.891590867036591739e-01 8.780922406116544732e-01 8.672287584492782697e-01 8.564220573632673750e-01 8.458136610369128006e-01 8.353302507367731389e-01 8.249025235355613717e-01 8.146666933398967192e-01 8.045525010812468736e-01 7.945589141690363455e-01 7.846848938256557604e-01 7.749293860669141942e-01 7.652913140663725189e-01 7.557695717548805758e-01 7.464308607515210969e-01 7.371393702657442759e-01 7.279609577816247290e-01 7.189645597650671238e-01 7.100103698344708558e-01 7.012380405604347056e-01 6.925039134216184333e-01 6.839522487669056350e-01 6.754338029489006523e-01 6.670991881163080839e-01 6.588722498704026043e-01 6.507521621759404518e-01 6.426549867970741126e-01 6.347444914959065043e-01 6.269380975126376265e-01 6.192348833925578333e-01
1.099921643619836908e+00 1.086179044975150720e+00 1.072636539250011678e+00 1.059285845408475923e+00 1.046205603405274909e+00 1.033216029230068944e+00 1.020398055621079214e+00 1.007828929702403231e+00 9.953377099921701943e-01 9.830838049710535209e-01 9.709807305928808141e-01 9.590251034511707573e-01 9.472138742807590939e-01 9.355442883516223995e-01 9.240138478898974883e-01 9.126202769289673000e-01 9.013614872551551915e-01 8.903053866623483747e-01 8.793097950916521910e-01 8.685112297855263064e-01 8.577725306873824618e-01 8.472261012998361096e-01 8.367385944339857939e-01 8.264394044138602125e-01 8.162616789314594001e-01 8.062044381753353806e-01 7.962667073432647680e-01 7.864475063437348368e-01 7.767458406147427219e-01 7.671606934690146096e-01 7.576910193781872804e-01 7.483984813866000341e-01 7.391573422652391034e-01 7.300285713863513548e-01 7.210755729666142866e-01 7.121695298527894735e-01 7.034388170324643585e-01 6.947514622447110710e-01 6.862396848801415317e-01 6.777667372685796110e-01 6.694703214881746467e-01 6.612806730315550219e-01 6.531969670143575879e-01 6.451425885663597537e-01 6.372668192019510514e-01 6.294942459777902455e-01 6.218239474676532375e-01 6.142549803956633969e-01 6.067863806546175409e-01 5.994171642361507679e-01 5.921463287860311286e-01
1.045600028309788820e+00 1.032727788365163102e+00 1.020101218149826128e+00 1.007558443971996232e+00 9.952493662111089323e-01 9.830173964669930431e-01 9.710093390439006322e-01 9.591459686894940884e-01 9.474243716417746208e-01 9.358419189403652805e-01 9.243962305109052480e-01 9.131527174064018038e-01 9.019734119686499962e-01 8.909249965405188210e-01 8.800701775343212629e-01 8.692780440372300799e-01 8.586746532198107351e-01 8.481331894161228124e-01 8.377763966610769497e-01 8.275407485009957931e-01 8.174253035590686167e-01 8.074291375288221717e-01 7.975513318985458788e-01 7.877909636091601220e-01 7.781470962101942890e-01 7.686187716874093301e-01 7.592050038348864271e-01 7.499047727105495609e-01 7.407755814138317074e-01 7.317001407277032854e-01 7.227351756147669670e-01 7.139401454238476497e-01 7.051941862638089198e-01 6.966178394250082118e-01 6.881497697418181847e-01 6.797257658743844910e-01 6.714713397896658886e-01 6.633227649698014705e-01 6.552114730977891544e-01 6.472710100505064679e-01 6.394337339121770603e-01 6.316987477607666213e-01 6.240651313997302996e-01 6.165319425169204504e-01 6.090982183895305990e-01 6.017629769842096632e-01 5.945252179632457556e-01 5.873839242574919739e-01 5.803380628847222278e-01 5.734719760844111391e-01 5.666159339125533823e-01
9.945961255472763884e-01 9.825412104537714075e-01 9.705629253018320801e-01 9.587961698577411873e-01 9.471685238639625526e-01 9.356774893704129514e-01 9.243851283649389128e-01 9.131599286798275372e-01 9.020652441847545333e-01 8.911605263481949812e-01 8.803212897322322261e-01 8.696671085721774386e-01 8.590777129349829178e-01 8.486692372457491640e-01 8.383814605767656580e-01 8.281575515291930145e-01 8.181091959452995166e-01 8.081787240147966234e-01 7.983652649656567402e-01 7.886679433946425233e-01 7.790858702283349757e-01 7.696181350277265798e-01 7.603177198303012752e-01 7.510762203530741976e-01 7.419463410710378515e-01 7.329815647147243096e-01 7.240727454527704499e-01 7.152725177250363053e-01 7.066365005992153447e-01 6.981085100516964959e-01 6.896305939571724108e-01 6.813161033203827266e-01 6.731073250106338612e-01 6.649429230496437526e-01 6.569423364702482449e-01 6.490448921926667003e-01 6.412497206176688280e-01 6.335559271953471461e-01 6.259625938121938793e-01 6.184687804259323407e-01 6.110735263036899401e-01 6.037758517513734935e-01 5.965747592769342633e-01 5.894692346553175311e-01 5.824582485052252068e-01 5.755407571597260796e-01 5.687950388400520030e-01 5.620633911579118180e-01 5.554220964489868795e-01 5.489531626617593085e-01 5.424914493316828068e-01
9.464556562090746805e-01 9.350600942472193644e-01 9.238565634351576517e-01 9.127221977963583255e-01 9.017161335658938626e-01 8.908940466604329256e-01 8.801393845198707266e-01 8.695641552647508377e-01 8.590556258121778699e-01 8.487227014586840035e-01 8.385089089545192387e-01 8.284133813191472129e-01 8.183834959793929720e-01 8.085225690530005727e-01 7.987772937221009339e-01 7.891468410538189371e-01 7.796806890591734263e-01 7.702773374874574142e-01 7.609863757766048842e-01 7.518068882560899890e-01 7.427881896667594130e-01 7.338294279197367098e-01 7.249793548899358120e-01 7.162885655555738529e-01 7.076538484171910337e-01 6.991777361429565296e-01 6.908078625080537050e-01 6.824898525429305973e-01 6.743297791442192102e-01 6.662735684967679983e-01 6.583204093656785938e-01 6.504115844832879523e-01 6.426610112565718236e-01 6.350107878881707801e-01 6.274600028864834034e-01 6.200077228365914461e-01 6.126529937304219242e-01 6.053948425778494791e-01 5.982322789065420698e-01 5.912327306918339076e-01 5.842600295921459574e-01 5.773799292890693380e-01 5.705913778476841003e-01 5.638933115991104916e-01 5.573601047074034920e-01 5.508417991462645213e-01 5.444879540698266407e-01 5.381452253815033338e-01 5.318876311020958036e-01 5.257951759080995435e-01 5.197066866658838213e-01
9.009349939915576311e-01 8.901993245568639024e-01 8.795330150687957760e-01 8.690405072020510602e-01 8.586166062427501577e-01 8.483629858007381008e-01 8.382269216631575981e-01 8.282075963757301595e-01 8.183042182337484372e-01 8.085160102708739416e-01 7.988421997999840540e-01 7.892820093997452435e-01 7.798346485895755187e-01 7.704993062357701206e-01 7.612751441753835557e-01 7.521612913202947448e-01 7.432036875722881630e-01 7.343082841722063936e-01 7.255676463224223216e-01 7.168874196167408508e-01 7.083609059782840500e-01 6.998923086239972058e-01 6.915768335546292889e-01 6.833657854803654175e-01 6.752082610405373275e-01 6.672032764612128020e-01 6.593002829168386203e-01 6.514984484764032580e-01 6.437969144687163414e-01 6.361947971830266280e-01 6.286911891190222201e-01 6.212851606301159624e-01 6.139757615409354718e-01 6.067620225243278709e-01 5.996429567250201043e-01 5.926175612726374275e-01 5.856848183786171891e-01 5.788436968050676423e-01 5.721595120086797603e-01 5.655002860231815864e-01 5.589295872897661610e-01 5.525160852502520870e-01 5.461211419934668410e-01 5.398115312285721723e-01 5.336596026977838969e-01 5.275194110020440252e-01 5.215365813344692292e-01 5.155615209201424021e-01 5.097435518945241384e-01 5.039292812167786018e-01 4.982718837044999294e-01
8.577692715755536046e-01 8.475985566215404887e-01 8.375438171302078683e-01 8.275586236936463003e-01 8.177341514750697815e-01 8.080233064421565858e-01 7.984253545181145828e-01 7.889834527569896672e-01 7.796088942173290404e-01 7.703450847134238888e-01 7.611912286084427937e-01 7.521896381953594446e-01 7.432535342441273229e-01 7.344249425760386307e-01 7.257466253877724593e-01 7.171310151516790965e-01 7.086645690008248621e-01 7.002585018962694807e-01 6.920009025329022512e-01 6.838466318452595116e-01 6.757949508440921349e-01 6.677983141165116932e-01 6.599489193070386950e-01 6.521996204904406680e-01 6.445495663596028102e-01 6.369978802736343537e-01 6.295436619895771191e-01 6.221859891876309057e-01 6.149239188442489068e-01 6.077564890047530977e-01 6.006827201840703179e-01 5.937016169553902545e-01 5.868121692940732048e-01 5.800729999164829787e-01 5.733654036948122590e-01 5.667464308735674638e-01 5.602777395414969552e-01 5.538346085772858363e-01 5.474769648116849519e-01 5.412698600338435861e-01 5.350818475092484761e-01 5.290439794934858053e-01 5.230213952843701941e-01 5.171486189205615203e-01 5.112872055492344581e-01 5.055753213251188427e-01 4.998707807352328891e-01 4.943155515434672354e-01 4.888369914703399322e-01 4.833607242114568714e-01 4.780324342052017506e-01
8.168269137185711903e-01 8.071963260674974716e-01 7.976772378529446428e-01 7.882689500919699555e-01 7.789707490295649794e-01 7.698224022739807992e-01 7.607422245217501100e-01 7.517699693926950255e-01 7.429450709764184868e-01 7.341866105542489418e-01 7.255740157464511952e-01 7.170263013256781282e-01 7.086232998332085975e-01 7.002830013664574915e-01 6.920866260944575910e-01 6.839924696828082462e-01 6.759998003386402665e-01 6.680648290767225994e-01 6.602723296151989940e-01 6.525788514383221717e-01 6.449835503965906103e-01 6.374855572458251185e-01 6.300839790472866353e-01 6.227779008086605783e-01 6.155663870129757242e-01 6.084484831288992090e-01 6.014232172771780682e-01 5.944896015772713760e-01 5.877000196098127738e-01 5.809481295985228222e-01 5.742849199436208529e-01 5.677093506833330583e-01 5.612781019672253846e-01 5.548763359058999090e-01 5.485591035820515105e-01 5.423863156815239561e-01 5.362367427098810868e-01 5.302311841991885766e-01 5.242451198805122559e-01 5.184027045204896433e-01 5.125759490103785065e-01 5.068925410682734167e-01 5.012870255588910418e-01 4.956922892580712947e-01 4.902395272747248622e-01 4.848615336592050351e-01 4.794893021310562276e-01 4.742577823341850296e-01 4.690979067212093234e-01 4.640086416859596774e-01 4.589889571579596206e-01
7.780126492319885401e-01 7.689019796523060002e-01 7.599361009262666222e-01 7.510395436502247390e-01 7.422489032210960458e-01 7.336008735962622485e-01 7.250200935808535085e-01 7.165806109373095145e-01 7.082443042159397573e-01 6.999728806838270145e-01 6.918409515464579718e-01 6.838101185110017077e-01 6.758405548399838425e-01 6.680093706272645093e-01 6.602769300786693885e-01 6.526424226436142728e-01 6.451050114234145871e-01 6.376638345672549502e-01 6.303180065989035796e-01 6.230666201486976252e-01 6.159087473089716047e-01 6.088434412831179587e-01 6.018697379968743766e-01 5.949866574988850187e-01 5.882420723952689334e-01 5.815385846277026927e-01 5.749227734229781506e-01 5.683936077223771255e-01 5.620029770265393410e-01 5.556455497991599213e-01 5.494260446276134635e-01 5.432363455038886624e-01 5.371281446818966243e-01 5.311579836138662358e-01 5.252113404635118110e-01 5.194023326820655928e-01 5.136723352137322340e-01 5.079611727759494322e-01 5.023862126863890554e-01 4.968262242873227041e-01 4.914021876034508907e-01 4.860520481375353308e-01 4.807747842325301724e-01 4.755065491018958257e-01 4.703719864818693974e-01 4.653072353111470938e-01 4.603112837186950634e-01 4.553831241567776189e-01 4.504568484677109463e-01 4.456612251376265710e-01 4.409303911962535460e-01
7.412503609201963606e-01 7.326412367620296351e-01 7.241701312739307062e-01 7.157669426791503087e-01 7.075006081144464831e-01 6.993355784428395561e-01 6.912357852947315084e-01 6.832712368924520607e-01 6.754058457887884837e-01 6.676388642522643746e-01 6.599695160994707432e-01 6.523969978431632954e-01 6.449204798636527514e-01 6.375391077154345387e-01 6.302520036861025687e-01 6.230582680701889364e-01 6.159569808894694853e-01 6.089472034342873208e-01 6.020279796663510208e-01 5.951983379192006263e-01 5.884572922878814616e-01 5.818496422758248077e-01 5.752840948283246547e-01 5.688041852794814002e-01 5.624572182460223502e-01 5.561469561002477802e-01 5.499192829756506251e-01 5.438243799240038978e-01 5.377603365800648350e-01 5.318285358601211321e-01 5.259240692794754368e-01 5.201513933730097516e-01 5.144024117699538268e-01 5.087848435428961036e-01 5.032432980246082099e-01 4.977207269507994414e-01 4.923282296298959748e-01 4.870087324742517487e-01 4.817612310828653377e-01 4.765268354572971821e-01 4.714202981619383670e-01 4.663827456173790242e-01 4.614131836442760815e-01 4.565106225872758161e-01 4.516140939556734790e-01 4.468425142983645237e-01 4.421349874957143378e-01 4.374905471724300221e-01 4.329082341577297210e-01 4.283870969820633423e-01 4.239261921832376268e-01
7.064722257913187420e-01 6.983466074420621172e-01 6.903527268665159422e-01 6.824575758435722506e-01 6.746604427123902292e-01 6.669268680941551342e-01 6.593231685920886154e-01 6.518151010866024553e-01 6.444018433079661268e-01 6.370825485718132342e-01 6.298563472106089023e-01 6.227223479335890488e-01 6.156796395261406873e-01 6.087272922129962627e-01 6.019040185983498548e-01 5.951305787482202847e-01 5.884446882532703427e-01 5.818453573057992267e-01 5.753744049813321881e-01 5.689464601912229691e-01 5.626021110597857477e-01 5.563856572577460247e-01 5.502068388708493130e-01 5.441552481719056367e-01 5.381380029381258590e-01 5.322473992840339729e-01 5.263877209125346068e-01 5.206541776015112255e-01 5.149480258146073020e-01 5.093675813975637734e-01 5.038621905691242908e-01 4.983795675197066344e-01 4.930213080616414056e-01 4.877351278742700913e-01 4.824669586673719368e-01 4.773219383710145536e-01 4.722460309626063113e-01 4.672382558952913878e-01 4.622976364848641606e-01 4.573680720394312504e-01 4.525587682296641767e-01 4.478137091101846434e-01 4.431319391953247311e-01 4.385125096767775732e-01 4.339544789737143637e-01 4.294569130760911291e-01 4.250188859785881679e-01 4.206394799389019390e-01 4.163177858976361279e-01 4.120529037951612406e-01 4.078439426532893264e-01
6.735817266087409383e-01 6.659515634316665045e-01 6.584166913285766087e-01 6.509763202836799101e-01 6.436296349540191475e-01 6.363757959118833130e-01 6.292139409902444136e-01 6.221431868324329706e-01 6.151626301868160507e-01 6.082713495734554110e-01 6.014684067877482665e-01 5.947528482746423650e-01 5.881615449000533458e-01 5.816189267482565484e-01 5.751608236241543270e-01 5.688261741002871297e-01 5.625353319672434793e-01 5.563260415756308142e-01 5.502396869401184887e-01 5.441918099716269719e-01 5.382662025315041454e-01 5.323758012295326525e-01 5.266070862784589801e-01 5.208701859528239719e-01 5.152544708220707648e-01 5.097137907690884040e-01 5.042004422510016903e-01 4.988068929603802770e-01 4.934854526279395248e-01 4.881867192041713932e-01 4.830065296720256751e-01 4.778955268832641434e-01 4.728527438843851960e-01 4.678772170836772992e-01 4.629175719812084755e-01 4.580735890196206972e-01 4.532939886730264489e-01 4.485778266643020706e-01 4.439241649737679651e-01 4.393320722580241200e-01 4.348006242812552102e-01 4.303289043972184924e-01 4.259160038417152405e-01 4.215610221083257447e-01 4.172630671627083898e-01 4.130212558060100680e-01 4.088347139436966371e-01 4.047025766381983081e-01 4.006239885239256671e-01 3.965981036416485472e-01 3.926773781242739458e-01
6.425434050262008867e-01 6.353571314315874519e-01 6.282616459618262095e-01 6.212560731216327792e-01 6.143395179671775619e-01 6.075110677441230012e-01 6.008031926734694883e-01 5.941490453078617229e-01 5.875802394157674247e-01 5.810958048344694316e-01 5.747309063343754021e-01 5.684133812431325650e-01 5.621773215194293405e-01 5.560600875055418113e-01 5.499851981691629144e-01 5.440283820580085195e-01 5.381107928285457920e-01 5.323106096745846560e-01 5.265464100875063558e-01 5.208990338909331719e-01 5.153266244405109164e-01 5.097858662281524733e-01 5.043604902783953570e-01 4.990072020666432850e-01 4.936810822816626310e-01 4.884690368833191076e-01 4.833262004338154116e-01 4.782516195390601466e-01 4.731985674491598348e-01 4.682575557212695361e-01 4.633819510544784359e-01 4.585708153215544702e-01 4.538232155977434124e-01 4.491382248113632292e-01 4.445149221407267426e-01 4.399523935053922807e-01 4.354497319275927314e-01 4.310060379049565071e-01 4.266204198293760408e-01 4.222919942327654774e-01 4.180198861090329565e-01 4.138032290881293318e-01 4.096411657472821544e-01 4.055328478356508004e-01 4.014774363008140057e-01 3.974741016485576761e-01 3.935220237688850098e-01 3.896696997952888708e-01 3.858180327543767607e-01 3.820152385377629800e-01 3.782605370225329278e-01
6.132549851339800240e-01 6.065220927705285980e-01 5.998457744232689182e-01 5.932545891917542225e-01 5.867475888478448365e-01 5.803564050795017026e-01 5.740158814797826636e-01 5.677566953652800619e-01 5.616124236908285328e-01 5.555140839265050312e-01 5.495298163094270993e-01 5.435885194077618721e-01 5.377605387495922873e-01 5.319724376441010705e-01 5.262969827345629348e-01 5.206582014904184152e-01 5.151314822237899049e-01 5.096777239488743394e-01 5.042563403358870655e-01 4.989456180056379697e-01 4.937050195692770371e-01 4.885336033626526131e-01 4.833891022287540862e-01 4.783531409579306892e-01 4.733835423462566805e-01 4.684793758457560520e-01 4.636397151238519365e-01 4.588636388210537986e-01 4.541067708963161809e-01 4.494549776618746995e-01 4.448640300293809080e-01 4.403330306302874475e-01 4.358610891936665621e-01 4.314473228948396688e-01 4.270908566949239704e-01 4.227908236401239361e-01 4.185463650357269527e-01 4.143566308570684753e-01 4.102661214830374270e-01 4.061835720290009055e-01 4.021532637152398504e-01 3.981743831897718855e-01 3.942461266166522593e-01 3.903676994953959589e-01 3.865383170571578542e-01 3.828030336155954783e-01 3.790697725391585227e-01 3.753832773343789286e-01 3.717428026618743164e-01 3.681933632106098031e-01 3.646431412764155611e-01
5.856994656843197422e-01 5.793395694537821772e-01 5.730608411004701752e-01 5.668933256835293477e-01 5.607750397459455582e-01 5.547670341213748468e-01 5.488054540279024840e-01 5.429533072941642446e-01 5.371446489332428742e-01 5.314446630290344809e-01 5.257851102924053777e-01 5.202335555153225766e-01 5.147192739864591138e-01 5.093124030235606226e-01 5.039764978614384994e-01 4.986736124911469448e-01 4.934767738968878770e-01 4.883481098194687453e-01 4.832866958382386335e-01 4.782916102711600725e-01 4.733231080526900114e-01 4.684578070251299020e-01 4.636560840702601549e-01 4.589170342187997576e-01 4.542397579892529791e-01 4.496233618372896257e-01 4.450669585428704833e-01 4.405696676999839578e-01 4.361306159830564688e-01 4.317489375162918419e-01 4.274237741700895876e-01 4.231542758490511869e-01 4.189396007434108560e-01 4.147789154663749089e-01 4.106713954074058814e-01 4.066162247366889027e-01 4.026125966823043134e-01 3.987017989321828271e-01 3.947991625159131268e-01 3.909457177531144301e-01 3.871406954858702121e-01 3.833833361607902335e-01 3.797150998567065949e-01 3.760511814662149122e-01 3.724327212542772325e-01 3.688589983978343700e-01 3.653715569035158595e-01 3.618855978727492650e-01 3.584422897205612468e-01 3.550830220679837557e-01 3.517234358752547307e-01
5.597086273729205974e-01 5.537586985046488719e-01 5.478564523702728062e-01 5.420600472947756376e-01 5.363084595713850655e-01 5.306619247483799207e-01 5.250572280191295738e-01 5.195568826230589909e-01 5.141282731817266027e-01 5.087374439681978666e-01 5.034494913360614277e-01 4.982305224111365227e-01 4.930796238843555002e-01 4.879612984795106967e-01 4.829437017027044532e-01 4.779914407431818391e-01 4.731036130716321231e-01 4.682793202440594382e-01 4.634812113547146506e-01 4.587811649799569125e-01 4.541419805170877066e-01 4.495627808914049450e-01 4.450426953761722482e-01 4.405808600669391395e-01 4.361764181536132434e-01 4.318285202674539969e-01 4.275363247240470677e-01 4.232989977754759714e-01 4.191157138998022891e-01 4.149856559519355947e-01 4.109467944799436445e-01 4.069210284977158865e-01 4.029461008822659562e-01 3.990212302059970018e-01 3.951456440927234581e-01 3.913185794137590268e-01 3.875784080550410127e-01 3.838464596060215950e-01 3.801608135436435054e-01 3.765207445550419751e-01 3.729646682958400739e-01 3.694139911854407154e-01 3.659067880541947426e-01 3.624812959631479869e-01 3.590594028188028863e-01 3.556789674921226330e-01 3.523781655324734752e-01 3.490791342222976379e-01 3.458196303449392883e-01 3.426378895694434101e-01 3.394560565011259801e-01
5.352579637609837793e-01 5.296669489439366219e-01 5.241190818308226751e-01 5.186719896058769042e-01 5.132955241076883057e-01 5.079582339284990367e-01 5.027202380238264823e-01 4.975501581907267878e-01 4.924470956767681984e-01 4.873780975696084816e-01 4.824062666297302404e-01 4.774987641471296063e-01 4.726547032609291765e-01 4.678732014008368245e-01 4.631533808370375538e-01 4.584943691463841953e-01 4.538952995530148304e-01 4.493209253697915684e-01 4.448389865806405830e-01 4.404144200260270980e-01 4.360463853615124119e-01 4.317340496156819585e-01 4.275119460164958918e-01 4.233087606012573278e-01 4.191588315939006604e-01 4.150613584391855682e-01 4.110155490659942457e-01 4.070206200600268720e-01 4.030757967283276066e-01 3.991803132659542674e-01 3.953695300588652151e-01 3.915707644057941916e-01 3.878191082279139335e-01 3.841138324637272117e-01 3.804542171367794601e-01 3.768759921334634555e-01 3.733059331254187652e-01 3.697794453728844855e-01 3.663321003033038759e-01 3.628911094475335553e-01 3.594916859603285442e-01 3.561693492527746030e-01 3.528515359540651541e-01 3.495733704591019730e-01 3.463704311166204697e-01 3.431701592555779778e-01 3.400435569168024363e-01 3.369188011730133714e-01 3.338662467904900955e-01 3.308147028240973619e-01 3.278339795937307288e-01
5.122622848884534896e-01 5.069803484152798356e-01 5.017941998416526328e-01 4.966748866840771104e-01 4.916215246764291669e-01 4.866332318698471937e-01 4.816793998284984446e-01 4.768184823508108128e-01 4.720200012020314695e-01 4.672830895947174268e-01 4.626068856897405102e-01 4.579905331207094754e-01 4.534331813080306195e-01 4.489339858885058598e-01 4.444921090581396839e-01 4.401067198834985317e-01 4.357769945637355313e-01 4.315021167721805329e-01 4.272812778228161079e-01 4.231136769169596690e-01 4.189985213328635272e-01 4.149350266086623829e-01 4.109224166968306613e-01 4.069599240282914532e-01 4.030467897485875417e-01 3.992157341158802941e-01 3.953993623660974066e-01 3.916301368887268319e-01 3.879073346314252380e-01 3.842637149066079338e-01 3.806319529821672321e-01 3.770445126258359370e-01 3.735007074028574015e-01 3.700334956293837019e-01 3.665753090536926773e-01 3.631587672511817910e-01 3.598167878923396179e-01 3.564820001635083391e-01 3.531869497384928502e-01 3.499646143241755269e-01 3.467476207077607175e-01 3.436018138305127478e-01 3.404605103920220754e-01 3.373889488854971974e-01 3.343210410331680649e-01 3.312887456693289212e-01 3.283247769534424210e-01 3.253625557999006990e-01 3.224674214532262662e-01 3.195731530901149142e-01 3.167448135964014977e-01
4.906083193255769137e-01 4.856704172020498422e-01 4.807682823107508607e-01 4.759556691035823905e-01 4.712044747408871692e-01 4.665138481005073334e-01 4.618829431855849821e-01 4.573109195755199474e-01 4.527969428045769962e-01 4.483401846320345663e-01 4.439398234969158530e-01 4.395950447335160716e-01 4.353050408085511469e-01 4.310690116484547363e-01 4.268861648095693129e-01 4.227557157062021842e-01 4.186768877573165404e-01 4.146489125404912435e-01 4.106710299751114568e-01 4.067731111391525434e-01 4.028934323537921580e-01 3.990616272474167281e-01 3.952769704161139819e-01 3.915387452403641388e-01 3.878771571202068724e-01 3.842299913765000463e-01 3.806271725959824437e-01 3.770680198315470855e-01 3.735829434058073883e-01 3.701094670718270141e-01 3.666776811699491434e-01 3.633179679196024692e-01 3.599680186110576496e-01 3.566578655887132632e-01 3.534179539695929684e-01 3.501859621753178886e-01 3.470227137193305222e-01 3.438665289715839846e-01 3.407471665439600894e-01 3.376950075488039382e-01 3.346480438717749362e-01 3.316669795920607622e-01 3.286902352462759413e-01 3.257781641896835279e-01 3.228695271891832697e-01 3.200244146673310031e-01 3.171818387651476612e-01 3.144017153365878947e-01 3.116232182442328913e-01 3.089061779860499124e-01 3.062197039242075536e-01
4.702132462716567263e-01 4.655704950760288785e-01 4.609864685578959898e-01 4.564603421766688096e-01 4.519912974818649509e-01 4.475785223598439666e-01 4.432212113778764007e-01 4.389185660538478251e-01 4.346697950986125325e-01 4.304741146158369003e-01 4.263307483696955336e-01 4.222389279025057784e-01 4.181978927209412666e-01 4.142068904333872648e-01 4.102651768816647504e-01 4.064003979875590589e-01 4.025553257884869618e-01 3.987573700278465583e-01 3.950058207467735949e-01 3.912999766080745845e-01 3.876678689752894869e-01 3.840516720205525703e-01 3.804791399250528339e-01 3.769782113058935957e-01 3.734913505703924552e-01 3.700461948805203738e-01 3.666421044058554846e-01 3.633073711373930315e-01 3.599838995049969848e-01 3.567282440631071028e-01 3.534829801234897761e-01 3.502757406426199593e-01 3.471346697727783481e-01 3.440021457195183707e-01 3.409344325933194586e-01 3.378743882402802101e-01 3.348778710967317274e-01 3.318881387714394671e-01 3.289607233356229288e-01 3.260392019719644541e-01 3.231788600938717004e-01 3.203235136456251686e-01 3.175282816788174145e-01 3.147371374174109393e-01 3.120051146517014429e-01 3.092762613926219317e-01 3.066056083375471863e-01 3.039647162442542516e-01 3.013261313073794523e-01 2.987439695070305823e-01 2.961631677564534049e-01
4.510210976868457289e-01 4.466537530000277423e-01 4.423409295532129137e-01 4.380818450187806135e-01 4.338757242689134097e-01 4.297217995534198254e-01 4.256193107540384712e-01 4.215675055049294406e-01 4.175656393623536355e-01 4.136129759048289833e-01 4.097087868395287713e-01 4.058785667964442956e-01 4.020694341434372099e-01 3.983066501412479421e-01 3.945895202919657563e-01 3.909173585195652723e-01 3.873160876118370566e-01 3.837321381100696760e-01 3.801911607398695825e-01 3.767190300697448313e-01 3.732623747856615992e-01 3.698467745704024923e-01 3.664981276144029243e-01 3.631631190085609084e-01 3.598673268330557784e-01 3.566367484922055575e-01 3.534179754859381184e-01 3.502630146164433800e-01 3.471189707239324407e-01 3.440112543479195151e-01 3.409658710418006500e-01 3.379295682216392760e-01 3.349543700251337297e-01 3.319873589649132706e-01 3.290802936503073317e-01 3.261805174812676400e-01 3.233395973681822966e-01 3.205050626869847541e-01 3.177283631030830557e-01 3.149571382515728990e-01 3.122427959252691010e-01 3.095587092676454488e-01 3.068792207221620605e-01 3.042548162053370642e-01 3.016340786840129851e-01 2.990676391725124450e-01 2.965293361068860878e-01 2.939937877493495888e-01 2.915109852186605899e-01 2.890551315128269128e-01 2.866010954252573573e-01
4.329274198295645637e-01 4.288165655145081412e-01 4.247562598994045757e-01 4.207457666746271530e-01 4.167843573651211497e-01 4.128713114637352910e-01 4.090059165232587390e-01 4.052115972579599656e-01 4.014396539661718166e-01 3.977132823521555838e-01 3.940318032722311403e-01 3.903945458889032105e-01 3.868253977176088765e-01 3.832748976499715798e-01 3.797666676222228310e-01 3.763245865427224945e-01 3.728993092214135663e-01 3.695144276139596951e-01 3.661938781182438873e-01 3.628883009219482925e-01 3.596213218338517592e-01 3.564170045941172371e-01 3.532258361667497959e-01 3.500959898070361009e-01 3.469783920751267625e-01 3.438965678149797367e-01 3.408746428006884654e-01 3.378631462820368969e-01 3.349103734439028979e-01 3.319671289034507033e-01 3.290814983765360524e-01 3.262044933643160061e-01 3.233840582556547494e-01 3.205713422069921270e-01 3.178142171274841443e-01 3.150878263227701592e-01 3.123682591666984143e-01 3.097024698537578224e-01 3.070425853535473926e-01 3.044356587862386276e-01 3.018573186115268148e-01 2.992839634196508558e-01 2.967619892291707973e-01 2.942673970462348909e-01 2.917768518827523749e-01 2.893362484778482235e-01 2.869218804132652179e-01 2.845106016584750819e-01 2.821479592654296820e-01 2.798104606278557505e-01 2.774750715712805405e-01
4.158583881637145097e-01 4.119861520605058169e-01 4.081607356605349568e-01 4.043814503318504672e-01 4.006699947921085747e-01 3.969811948621285169e-01 3.933365177980061578e-01 3.897353079928843611e-01 3.861994976342461583e-01 3.826835726842470753e-01 3.792092075183445266e-01 3.757757796875476064e-01 3.724055610906856773e-01 3.690524897235958335e-01 3.657611918345115010e-01 3.624861200000750738e-01 3.592490196271463931e-01 3.560720875080539694e-01 3.529095716075018041e-01 3.498059431864441460e-01 3.467158219525888763e-01 3.436609117587440809e-01 3.406635189411333919e-01 3.376778331292218938e-01 3.347485395248718243e-01 3.318300484418778007e-01 3.289668867898342119e-01 3.261136225410005696e-01 3.233146870051790689e-01 3.205469471969188411e-01 3.177881867259024773e-01 3.150819334489182166e-01 3.123837496139247882e-01 3.097372239753188317e-01 3.070978532424756269e-01 3.045093524172858279e-01 3.019490483646946610e-01 2.993949614004992044e-01 2.968902360768304605e-01 2.944125266174513200e-01 2.919400828035471074e-01 2.895156226378631237e-01 2.871170537902520969e-01 2.847227836465986983e-01 2.823752459590397335e-01 2.800525288214735231e-01 2.777542902848051387e-01 2.754593274203571696e-01 2.732093302691074865e-01 2.709828085345612481e-01 2.687794418066373203e-01
3.997440983686776361e-01 3.961144156513312642e-01 3.925076125095641189e-01 3.889435152940280416e-01 3.854214915578390577e-01 3.819618866246204947e-01 3.785224293000816753e-01 3.751232065247871450e-01 3.717846395024477779e-01 3.684643989976185696e-01 3.651826281221227655e-01 3.619598816593928570e-01 3.587536580333632874e-01 3.556051744653602187e-01 3.524722936831187758e-01 3.493751065785088428e-01 3.463342506490540429e-01 3.433072142600515075e-01 3.403353723743374193e-01 3.373764415368398772e-01 3.344716278815174082e-01 3.315788190612287134e-01 3.287391091648168562e-01 3.259104990585399708e-01 3.231340283581706219e-01 3.203882930909884297e-01 3.176527147696118769e-01 3.149675375153756507e-01 3.122916118829242582e-01 3.096652713119730227e-01 3.070472741326868982e-01 3.044781036026621424e-01 3.019367312513037693e-01 2.994027496547688738e-01 2.969161523156285676e-01 2.944561959458488198e-01 2.920026683179635096e-01 2.895952056859127932e-01 2.872132818278675392e-01 2.848368132149645682e-01 2.825052103309891871e-01 2.801980965041688254e-01 2.779151362915742718e-01 2.756365881557009123e-01 2.734012151777138744e-01 2.711890120562610029e-01 2.689996643642591501e-01 2.668136573813035817e-01 2.646693347010576347e-01 2.625469453862853686e-01 2.604461946886577617e-01
3.845384505847138645e-01 3.810944868070237912e-01 3.777100711067977734e-01 3.743460166854583604e-01 3.710209024360850427e-01 3.677536840083269754e-01 3.645050274365499443e-01 3.613129820595581965e-01 3.581385662193058428e-01 3.550003013540459773e-01 3.519172058022129179e-01 3.488499705250658334e-01 3.458367600487996518e-01 3.428384954976168575e-01 3.398931676525103196e-01 3.369618763294049413e-01 3.340824897401125648e-01 3.312162341990584347e-01 3.284009072893583903e-01 3.255978087921544972e-01 3.228447184025712846e-01 3.201029553535453265e-01 3.174103353045797382e-01 3.147471253810876779e-01 3.120942814437687729e-01 3.094890019231872902e-01 3.068931883381942338e-01 3.043442088832804537e-01 3.018226208087497198e-01 2.993095344078501863e-01 2.968419027328488280e-01 2.944005291310568539e-01 2.919666875044099053e-01 2.895770374776244771e-01 2.872125658784644431e-01 2.848546488949933453e-01 2.825397737417029154e-01 2.802490485923266883e-01 2.779821445105357669e-01 2.757207352637886522e-01 2.735007504141817591e-01 2.713036225260319068e-01 2.691290432279673239e-01 2.669767090163664425e-01 2.648287073242507894e-01 2.627201818685000467e-01 2.606330119065125017e-01 2.585669128321452237e-01 2.565216045035034753e-01 2.544794266509683989e-01 2.524750561765576884e-01
3.701581996999815383e-01 3.669061230111350103e-01 3.637092853397022041e-01 3.605312013139395089e-01 3.574071533140432688e-01 3.543009291303906294e-01 3.512475918661708829e-01 3.482111567515449035e-01 3.452265130593370479e-01 3.422578572805095587e-01 3.393221883771627145e-01 3.364371243167266767e-01 3.335840580066223859e-01 3.307451695450094875e-01 3.279551048630052201e-01 3.251783200728310952e-01 3.224494753247785228e-01 3.197330155963795661e-01 3.170636645757099470e-01 3.144058054715839767e-01 3.117942760635350474e-01 3.092108877498886965e-01 3.066380184288451383e-01 3.041100466823681847e-01 3.016090520641280248e-01 2.991176037014533495e-01 2.966697335283098313e-01 2.942477312567517433e-01 2.918343007387145249e-01 2.894632387332618517e-01 2.871169877096533818e-01 2.847783298413922304e-01 2.824809378441849317e-01 2.802073497937965230e-01 2.779572434140049064e-01 2.757136573163575521e-01 2.735097895559170933e-01 2.713284591593266293e-01 2.691693638452170578e-01 2.670157006474803141e-01 2.649003864351335835e-01 2.628064216819789856e-01 2.607335228698275942e-01 2.586814109235355819e-01 2.566498111541425375e-01 2.546223369608215936e-01 2.526311179706655086e-01 2.506596062147624648e-01 2.487075439272343480e-01 2.467746773356954415e-01 2.448607566336333807e-01
3.565465050532130031e-01 3.534895088743251201e-01 3.504504907582209894e-01 3.474619564707565056e-01 3.444904847208504206e-01 3.415684725700748881e-01 3.386626153224048807e-01 3.358052441645673625e-01 3.329631271715613461e-01 3.301685732551565833e-01 3.273883785464506424e-01 3.246548742214221406e-01 3.219348387481157925e-01 3.192606710896215283e-01 3.166153920718273729e-01 3.139825945844632593e-01 3.113941870664111988e-01 3.088173792868482703e-01 3.062842608721630944e-01 3.037780690471945655e-01 3.012824985742400541e-01 2.988293194232896632e-01 2.964019644835021450e-01 2.939842541520875652e-01 2.916077421049881324e-01 2.892560036154966929e-01 2.869287022247816177e-01 2.846099687414557211e-01 2.823307774304369411e-01 2.800750377343453890e-01 2.778424340138668791e-01 2.756173157171942778e-01 2.734302587576631915e-01 2.712654133968308567e-01 2.691224835608840849e-01 2.669859471772272896e-01 2.648861593164292816e-01 2.628074197688989311e-01 2.607494507108193971e-01 2.587119786671877586e-01 2.566947344273757259e-01 2.546825580859017335e-01 2.527051269156083690e-01 2.507471350017021483e-01 2.488083296289185786e-01 2.468884620204369884e-01 2.449872872322808315e-01 2.431045641248749389e-01 2.412254240339540279e-01 2.393790084887800484e-01 2.375503379982726315e-01
3.436659582810204228e-01 3.407584925385164221e-01 3.378982431821974108e-01 3.350542814730797514e-01 3.322566268379457122e-01 3.294743685378792586e-01 3.267375560664967926e-01 3.240303760674778655e-01 3.213375857072774400e-01 3.186887241290494721e-01 3.160533758189895126e-01 3.134612122675820012e-01 3.108966706885348819e-01 3.083446533909907084e-01 3.058344775749013422e-01 3.033507933895265851e-01 3.008786514641908494e-01 2.984471092872782449e-01 2.960409810742681835e-01 2.936454179622078886e-01 2.912893117563125078e-01 2.889575922074201220e-01 2.866354630181143781e-01 2.843517444969143049e-01 2.820914333809290131e-01 2.798542158580268335e-01 2.776255007748944514e-01 2.754337379939720831e-01 2.732641500120550626e-01 2.711164423641133081e-01 2.689761453832893445e-01 2.668715030393041254e-01 2.647878788385917281e-01 2.627249964093448797e-01 2.606825836788599360e-01 2.586603728020894777e-01 2.566442368271293906e-01 2.546617823233036093e-01 2.526987454067715633e-01 2.507548745910397892e-01 2.488299222863584736e-01 2.469236447132575618e-01 2.450358018678933381e-01 2.431661574225551792e-01 2.413009730857476054e-01 2.394671325188293953e-01 2.376507981218972387e-01 2.358517478052024052e-01 2.340697628689920040e-01 2.323046279682183246e-01 2.305561310152173526e-01
3.314359567929489603e-01 3.286971752095525501e-01 3.259879204583540635e-01 3.232940341938599915e-01 3.206428765330328057e-01 3.180062186119228529e-01 3.154115518191657475e-01 3.128444177783190061e-01 3.102907881828537162e-01 3.077778322719216808e-01 3.052912875059195508e-01 3.028172619379846386e-01 3.003826896061384533e-01 2.979734588197493483e-01 2.955757699030090446e-01 2.932164082580659414e-01 2.908813682963244940e-01 2.885568983553101763e-01 2.862697220056591996e-01 2.840058949722985560e-01 2.817651054402016131e-01 2.795337931179065483e-01 2.773383395659198003e-01 2.751650109118153886e-01 2.730135145014251363e-01 2.708704040138931179e-01 2.687618710121399412e-01 2.666743136436747763e-01 2.646074571446623835e-01 2.625610310342411657e-01 2.605347690220053969e-01 2.585155473848299024e-01 2.565289619320889614e-01 2.545617610879073456e-01 2.526136947700709512e-01 2.506845167381234196e-01 2.487739845392385185e-01 2.468818594543558953e-01 2.449952824197433876e-01 2.431393700551561232e-01 2.413011657893665562e-01 2.394804452562964703e-01 2.376769875222929651e-01 2.358905750141216395e-01 2.341209934393869985e-01 2.323680317542829443e-01 2.306314821288370509e-01 2.289111398555221943e-01 2.272068032915904312e-01 2.255182738498835715e-01 2.238453559132691228e-01
3.198408997959618638e-01 3.172449698638405424e-01 3.146764672246341599e-01 3.121224008449041132e-01 3.096078571998988616e-01 3.071196286498772965e-01 3.046448487176585118e-01 3.022083928471615555e-01 2.997971912039972819e-01 2.973984613317804393e-01 2.950369470454750065e-01 2.926996752035742055e-01 2.903739066779335021e-01 2.880843333450340271e-01 2.858180375607359824e-01 2.835747097361294711e-01 2.813417882293063887e-01 2.791436514831640570e-01 2.769675768606450483e-01 2.748132736980273272e-01 2.726682864496777770e-01 2.705568201158071173e-01 2.684662747466949329e-01 2.663963773893480158e-01 2.643468593330069449e-01 2.623054360333408885e-01 2.602960138395685741e-01 2.583061845781021160e-01 2.563356958266401753e-01 2.543842990501299917e-01 2.524517495262680322e-01 2.505378062938950490e-01 2.486422320717009971e-01 2.467531232458175516e-01 2.448936833127332291e-01 2.430519178374114797e-01 2.412276037629263181e-01 2.394205214320588859e-01 2.376304545023134596e-01 2.358571899177652198e-01 2.341005178408314680e-01 2.323602315771483295e-01 2.306361275436143998e-01 2.289280052342225757e-01 2.272356671343512824e-01 2.255589186657749323e-01 2.238975681760088099e-01 2.222514268579771635e-01 2.206203086768963040e-01 2.190040304037198515e-01 2.174024114672681862e-01
3.088239730717400877e-01 3.063612725741803322e-01 3.039240672967891133e-01 3.015003648521690227e-01 2.991133129678646974e-01 2.967507374219329752e-01 2.944006962288017726e-01 2.920862718833246441e-01 2.897953519730805394e-01 2.875276244914942159e-01 2.852713280259092099e-01 2.830492266773921850e-01 2.808494050828038713e-01 2.786715702200085465e-01 2.765040748046128094e-01 2.743694946863267092e-01 2.722560441657192465e-01 2.701634480465027188e-01 2.680914353459309396e-01 2.660397392803081629e-01 2.639970185968520400e-01 2.619852897148168269e-01 2.599930969945897785e-01 2.580201897712131598e-01 2.560663212168289848e-01 2.541312482766020509e-01 2.522037923657294289e-01 2.503056916584506797e-01 2.484256753774494730e-01 2.465635150363956474e-01 2.447189856252320883e-01 2.428918655352021727e-01 2.410819365249666502e-01 2.392889836355971134e-01 2.375127951614153798e-01 2.357531625701227429e-01 2.340098804744735750e-01 2.322827465676921832e-01 2.305715615526357509e-01 2.288761291102012485e-01 2.271858043791043225e-01 2.255213445732871802e-01 2.238720623333086412e-01 2.222377727895646637e-01 2.206182937705339353e-01 2.190134458347114399e-01 2.174230521278178174e-01 2.158469384156982696e-01 2.142951208844983968e-01 2.127470364798268732e-01 2.112127276763273442e-01
2.983577411401573398e-01 2.960085590459955451e-01 2.936939271196216672e-01 2.914026987973045713e-01 2.891238938154288562e-01 2.868787003736150698e-01 2.846559916878476093e-01 2.824554726138468475e-01 2.802768525536000199e-01 2.781094116266100702e-01 2.759738670945869887e-01 2.738593717561103036e-01 2.717656526013732532e-01 2.696820338651568227e-01 2.676291823709514017e-01 2.655963085937054213e-01 2.635831559789956757e-01 2.615894719161609427e-01 2.596150076309330368e-01 2.576595181618949182e-01 2.557126227637507854e-01 2.537944551545922578e-01 2.518945457935148902e-01 2.500126643627785805e-01 2.481485840419850042e-01 2.463020814337834041e-01 2.444729365145164590e-01 2.426609325852653598e-01 2.408658562010441151e-01 2.390874971371554913e-01 2.373157982590300141e-01 2.355703139482717146e-01 2.338409316096934920e-01 2.321274533618997160e-01 2.304296842497628450e-01 2.287474322136033855e-01 2.270805080565890810e-01 2.254287253672147828e-01 2.237919004685525737e-01 2.221698524063897562e-01 2.205624028764789357e-01 2.189693761580442932e-01 2.173905991408106309e-01 2.158259011930212523e-01 2.142751141894593259e-01 2.127380724219773422e-01 2.112146125981759770e-01 2.097045737591482495e-01 2.082077972663863852e-01 2.067334109418970944e-01 2.052626926998568913e-01
2.883844350994572148e-01 2.861621060627997926e-01 2.839520593130320236e-01 2.817737465468196922e-01 2.796169450465784689e-01 2.774813756766373318e-01 2.753667635654799550e-01 2.732631985975457756e-01 2.711898055918993133e-01 2.691365661747838756e-01 2.671032220167440241e-01 2.650895187049897017e-01 2.630952057253050369e-01 2.611105737352692469e-01 2.591543974350289381e-01 2.572168788629418668e-01 2.552977824608289592e-01 2.533968762349007031e-01 2.515139316962444749e-01 2.496487238111304019e-01 2.478010309359071905e-01 2.459613734700952237e-01 2.441481257960315676e-01 2.423517447237752143e-01 2.405720216736692563e-01 2.388087511940720775e-01 2.370617308844690796e-01 2.353307613668270126e-01 2.336156462132537859e-01 2.319161919182335940e-01 2.302322078396268346e-01 2.285635061342508045e-01 2.269099017275112984e-01 2.252712122815243023e-01 2.236472581226325307e-01 2.220378621931436980e-01 2.204428500383950884e-01 2.188620497386595254e-01 2.172952918467361272e-01 2.157424094104650747e-01 2.142032378509269031e-01 2.126776149859775367e-01 2.111653809470749876e-01 2.096663781762692635e-01 2.081804513496116060e-01 2.067074473635246434e-01 2.052472152785378701e-01 2.037996063238990962e-01 2.023729725823048553e-01 2.009501825038912393e-01 1.995395843804183278e-01
2.788831118561670985e-01 2.767694089666165036e-01 2.746762881565596448e-01 2.726034854556493303e-01 2.705507409206561187e-01 2.685177985618292795e-01 2.664955934974700957e-01 2.645015947913924581e-01 2.625266498608676002e-01 2.605705179683726613e-01 2.586329620337828317e-01 2.567137485381326134e-01 2.548126474985205059e-01 2.529207810940560797e-01 2.510552996594365149e-01 2.492072581210583448e-01 2.473764400687820664e-01 2.455626323371389030e-01 2.437656249377401219e-01 2.419852110130059630e-01 2.402211867903804310e-01 2.384733515178863172e-01 2.367415074316298329e-01 2.350254596838126098e-01 2.333250163141618871e-01 2.316399881821087359e-01 2.299701889391513876e-01 2.283154349731480737e-01 2.266755453477337368e-01 2.250503417725064903e-01 2.234396485719090664e-01 2.218432926175245012e-01 2.202611032822056336e-01 2.186929124262522450e-01 2.171385543337272794e-01 2.155978656539196958e-01 2.140706854197686471e-01 2.125568549355810744e-01 2.110562177965000508e-01 2.095686198112391430e-01 2.080939089976095724e-01 2.066319355112328504e-01 2.051825516315067266e-01 2.037456117088117802e-01 2.023209721671586081e-01 2.009084914174028291e-01 1.995080298539035346e-01 1.981272399124958394e-01 1.967504248861449978e-01 1.953852243221493867e-01 1.940315062036382376e-01
2.698320993838835280e-01 2.678199543705468977e-01 2.658270093040757676e-01 2.638530220882385757e-01 2.618977542585281815e-01 2.599528929754787443e-01 2.580344367585369336e-01 2.561340028384400669e-01 2.542513668480370637e-01 2.523863077794413767e-01 2.505386079282134193e-01 2.487080528383258660e-01 2.468944312555242937e-01 2.450975350677489506e-01 2.433171592607613343e-01 2.415452493673997947e-01 2.397973582584690955e-01 2.380653878296737358e-01 2.363491449674923472e-01 2.346484393886014153e-01 2.329630836118807280e-01 2.312928928931511918e-01 2.296376851981122014e-01 2.279972811486263573e-01 2.263715039643459104e-01 2.247601794336338832e-01 2.231631358832899537e-01 2.215802041134144473e-01 2.200112173530825721e-01 2.184560112465886161e-01 2.169144237921515339e-01 2.153862952855101487e-01 2.138714683370168401e-01 2.123697877639244558e-01 2.108811006085032080e-01 2.094126494742831746e-01 2.079495011933871207e-01 2.064989026473919576e-01 2.050607093165251471e-01 2.036347787115825037e-01 2.022209703244480239e-01 2.008191456289697141e-01 1.994291680006379242e-01 1.980509027120816445e-01 1.966842168929998080e-01 1.953289795142366669e-01 1.939922116908421035e-01 1.926595116991915990e-01 1.913378800915767064e-01 1.900271928613898598e-01 1.887273276838455083e-01
2.611937967117926584e-01 2.592768054383976506e-01 2.573777405337787649e-01 2.554963798430571753e-01 2.536250799439139225e-01 2.517785326667760781e-01 2.499490401041189469e-01 2.481363930732714829e-01 2.463403854958366723e-01 2.445608143402195067e-01 2.427974795785615147e-01 2.410501841254499844e-01 2.393187337947208226e-01 2.376029372567777243e-01 2.359026059801574982e-01 2.342175542002761235e-01 2.325475988547255901e-01 2.308925595554964516e-01 2.292522585279077874e-01 2.276265205838026440e-01 2.260151730709025752e-01 2.244180458180101700e-01 2.228349711065463479e-01 2.212657836410892864e-01 2.197103204886182992e-01 2.181684210364769338e-01 2.166399269778991610e-01 2.151246822548035786e-01 2.136225330049652815e-01 2.121333275755068470e-01 2.106569164238791814e-01 2.091931521323829868e-01 2.077418893393130350e-01 2.063029847330019317e-01 2.048762969881249840e-01 2.034616867515491867e-01 2.020657505795384057e-01 2.006748997290371817e-01 1.992957220062614998e-01 1.979280856100389119e-01 1.965718605530776264e-01 1.952269186242376886e-01 1.938931333727134387e-01 1.925703800480149941e-01 1.912650779271407309e-01 1.899640512577416840e-01 1.886736945801055776e-01 1.873938897743490928e-01 1.861245203047293406e-01 1.848654711771441639e-01 1.836166289423397935e-01
2.529427327872501019e-01 2.511149739325316821e-01 2.493039672519297978e-01 2.475095087558777940e-01 2.457313974589746541e-01 2.439694353364129653e-01 2.422167110482889851e-01 2.404865024849049959e-01 2.387718640040375484e-01 2.370726089577910034e-01 2.353885534108920707e-01 2.337195161101628116e-01 2.320653184224114318e-01 2.304257843072591017e-01 2.288007402584624761e-01 2.271900152777054371e-01 2.255934408258329360e-01 2.240108507701518425e-01 2.224420813566788113e-01 2.208869711814955838e-01 2.193453611324402974e-01 2.178170943485061017e-01 2.163020162054821727e-01 2.147999742609860430e-01 2.133171855145763463e-01 2.118407674616663572e-01 2.103769430553195652e-01 2.089255682232306344e-01 2.074865009215183242e-01 2.060596010709900006e-01 2.046447305500568026e-01 2.032417531356599527e-01 2.018505344888884556e-01 2.004709421103616496e-01 1.991028453391661956e-01 1.977461152816085144e-01 1.964067819265938875e-01 1.950724287931493717e-01 1.937490682096494332e-01 1.924365781722996993e-01 1.911348383041418242e-01 1.898437298557713038e-01 1.885631356624282162e-01 1.872989552632197130e-01 1.860390797491809911e-01 1.847893784369079861e-01 1.835497402844281645e-01 1.823200557272604272e-01 1.811002166237048461e-01 1.798960284457495895e-01 1.786956070189894830e-01
2.450553265762288324e-01 2.433113221456039976e-01 2.415829865994137404e-01 2.398701325054283795e-01 2.381725751509962130e-01 2.364901325028581358e-01 2.348226251675072929e-01 2.331698763383732442e-01 2.315317117659320134e-01 2.299079596997306851e-01 2.282984508615793218e-01 2.267030183907203233e-01 2.251214978179892634e-01 2.235537270199061122e-01 2.219995461692733929e-01 2.204587977081162720e-01 2.189313263198609527e-01 2.174169788750413279e-01 2.159156043928578683e-01 2.144270540262725733e-01 2.129511810107909686e-01 2.114878406169713732e-01 2.100368901595489057e-01 2.085981889105794629e-01 2.071715981095842429e-01 2.057569809024661911e-01 2.043599668976777972e-01 2.029689068796285412e-01 2.015894229940906335e-01 2.002213857651651274e-01 1.988646674746544218e-01 1.975191421596232677e-01 1.961846855466987949e-01 1.948611750455069846e-01 1.935484897144591487e-01 1.922521357960977895e-01 1.909607727597795179e-01 1.896798836785361098e-01 1.884093539767731362e-01 1.871490705942899235e-01 1.858989219661314474e-01 1.846642993018864920e-01 1.834341289844154399e-01 1.822137694890316739e-01 1.810031150263796129e-01 1.798020611690671899e-01 1.786105048472724222e-01 1.774337774202924267e-01 1.762609593108557249e-01 1.750973395991050618e-01 1.739428204439776859e-01
2.375097358313054963e-01 2.358444146018444099e-01 2.341937621016079163e-01 2.325576059636744186e-01 2.309357762974353356e-01 2.293281056330607193e-01 2.277344288952720397e-01 2.261545833507966341e-01 2.245884085830917032e-01 2.230357464482236873e-01 2.214964410274335993e-01 2.199703386007767214e-01 2.184572876200970293e-01 2.169571386570051386e-01 2.154697443658240286e-01 2.139949594687983181e-01 2.125326407069955681e-01 2.110880707694204883e-01 2.096502683081289398e-01 2.082245157460518581e-01 2.068106775772697858e-01 2.054086201726375571e-01 2.040182117233417525e-01 2.026393222327693977e-01 2.012718234640307191e-01 1.999155889256867547e-01 1.985704938316469881e-01 1.972416741190319012e-01 1.959185122663713030e-01 1.946061273212145171e-01 1.933044010976812943e-01 1.920132169852084014e-01 1.907324599334496162e-01 1.894620164027519538e-01 1.882069220176246505e-01 1.869568034041184101e-01 1.857166685005264828e-01 1.844864096596446623e-01 1.832659206415352959e-01 1.820550965777372188e-01 1.808589013590622963e-01 1.796671392403548506e-01 1.784847375412086934e-01 1.773115967404832460e-01 1.761476185920396453e-01 1.749976960082378352e-01 1.738518014411583323e-01 1.727147842880806250e-01 1.715865512285617567e-01 1.704670101110078440e-01 1.693610161793794311e-01
2.302857166119063048e-01 2.286943804404116543e-01 2.271167888440147886e-01 2.255527831777895675e-01 2.240022070399493304e-01 2.224700277282816718e-01 2.209458449661874380e-01 2.194346372066194317e-01 2.179362566254882116e-01 2.164505574684558176e-01 2.149773960025394282e-01 2.135166304810751370e-01 2.120681211285731227e-01 2.106317300950211746e-01 2.092073214133101378e-01 2.077947610045732252e-01 2.063939166024128247e-01 2.050046577592024577e-01 2.036268557921491751e-01 2.022652976265778557e-01 2.009100467089394992e-01 1.995658786423828435e-01 1.982326715776521753e-01 1.969103052938525333e-01 1.955986611945285947e-01 1.942976222498013494e-01 1.930070729889751535e-01 1.917317073553699847e-01 1.904618249786050321e-01 1.892020966882632660e-01 1.879524130058635722e-01 1.867126658948519147e-01 1.854827487247115436e-01 1.842672740098386386e-01 1.830567382503364982e-01 1.818557225877485140e-01 1.806641258321873833e-01 1.794818481045462322e-01 1.783134239456115600e-01 1.771495318922084172e-01 1.759946686839377050e-01 1.748487394646444371e-01 1.737116505731710336e-01 1.725878898201985701e-01 1.714682538637490872e-01 1.703571862368442047e-01 1.692545979161960146e-01 1.681649060831023612e-01 1.670790667945639962e-01 1.660014483807617514e-01 1.649319661719806374e-01
2.233693091662103392e-01 2.218475977679795486e-01 2.203387778152251786e-01 2.188427031562192870e-01 2.173592296683364566e-01 2.158882152326526138e-01 2.144295196876865317e-01 2.129830047956471073e-01 2.115485342274503466e-01 2.101259735189800748e-01 2.087151900303019503e-01 2.073206414745194792e-01 2.059330332004126463e-01 2.045568164957364266e-01 2.031918657996138466e-01 2.018380572351503033e-01 2.004952686004681794e-01 1.991633793222866156e-01 1.978422704418354994e-01 1.965318245789275386e-01 1.952364078731658181e-01 1.939469657858647611e-01 1.926678454366257398e-01 1.913989355584980456e-01 1.901401263437389744e-01 1.888913094292998529e-01 1.876567618357219414e-01 1.864276411317737914e-01 1.852081976593485946e-01 1.839983285957775272e-01 1.827979324437564168e-01 1.816069090109767858e-01 1.804294901851005994e-01 1.792569553264712623e-01 1.780935019695830679e-01 1.769390349551765440e-01 1.757934603289963427e-01 1.746609617050964847e-01 1.735329392657004033e-01 1.724135362288195250e-01 1.713026632917787062e-01 1.702044343020061856e-01 1.691104068210267375e-01 1.680246500487705408e-01 1.669470790563186424e-01 1.658817554795839755e-01 1.648203583684445805e-01 1.637669004297763464e-01 1.627213008372785097e-01 1.616875859227731860e-01 1.606575217264793742e-01
2.167331521362273472e-01 2.152770356751430580e-01 2.138330194545314811e-01 2.124052503809076287e-01 2.109850393384378187e-01 2.095765311319010282e-01 2.081795964363531426e-01 2.067941076662892230e-01 2.054199389777692786e-01 2.040569662026185671e-01 2.027050668514792930e-01 2.013641200663248698e-01 2.000340066113960313e-01 1.987187786165363346e-01 1.974100002903672324e-01 1.961117084396407639e-01 1.948237900319917948e-01 1.935461335362729240e-01 1.922786288718079939e-01 1.910211674003578219e-01 1.897777345263089444e-01 1.885400674527619447e-01 1.873121276021267045e-01 1.860938118868429580e-01 1.848850185542055269e-01 1.836896510753991962e-01 1.824996361261930766e-01 1.813188476415926176e-01 1.801471890007074750e-01 1.789845647992809319e-01 1.778348240381386336e-01 1.766900264263752962e-01 1.755539858867013470e-01 1.744266117608794242e-01 1.733078145220760813e-01 1.722014150415392963e-01 1.710995520665975766e-01 1.700060057705509997e-01 1.689206910060449263e-01 1.678473766763538266e-01 1.667783222405852250e-01 1.657172519424621182e-01 1.646640847491096515e-01 1.636225534014709992e-01 1.625850057638875135e-01 1.615551258884123931e-01 1.605328366039662780e-01 1.595218498449095801e-01 1.585145705728794041e-01 1.575146578911517659e-01 1.565257582680202875e-01
2.103702451500932824e-01 2.089759783014202565e-01 2.075930799887078237e-01 2.062214258296511393e-01 2.048608931270645417e-01 2.035113608064812452e-01 2.021765807689233641e-01 2.008487089686616933e-01 1.995314852592391941e-01 1.982247948950635885e-01 1.969285246356544949e-01 1.956425627318366667e-01 1.943667988936395030e-01 1.931049103167595538e-01 1.918492417822323659e-01 1.906034504105212357e-01 1.893674315656469487e-01 1.881410819614732222e-01 1.869242996477954166e-01 1.857207074982882844e-01 1.845227897788920268e-01 1.833341427184620176e-01 1.821546694980497039e-01 1.809842745260231700e-01 1.798265263542772052e-01 1.786740416075982829e-01 1.775303570452952950e-01 1.763953818284167141e-01 1.752690262409684063e-01 1.741548290762101880e-01 1.730454888656518531e-01 1.719445074087182224e-01 1.708517993839258897e-01 1.697708523091837063e-01 1.686944837545407694e-01 1.676261405827657036e-01 1.665657415940279273e-01 1.655167377790280336e-01 1.644720355565159053e-01 1.634350415429854375e-01 1.624056784122309693e-01 1.613873749042792072e-01 1.603730971118244586e-01 1.593662255867832056e-01 1.583666866436185539e-01 1.573779007650241424e-01 1.563928652063846236e-01 1.554149483069038329e-01 1.544475174353422686e-01 1.534836857812246214e-01 1.525267664879513263e-01
2.042608819410480225e-01 2.029249849455131149e-01 2.015997779065028805e-01 2.002851459320063865e-01 1.989809756358623671e-01 1.976871551281200734e-01 1.964035739760518207e-01 1.951336389131262672e-01 1.938702328810066877e-01 1.926167447532769750e-01 1.913730697563237049e-01 1.901391044577485645e-01 1.889147467578402573e-01 1.877033491768513307e-01 1.864979334709060410e-01 1.853018281978938142e-01 1.841149363927599980e-01 1.829371623246394685e-01 1.817718048639761774e-01 1.806120163967035730e-01 1.794610670680758524e-01 1.783188658988315578e-01 1.771853230369032639e-01 1.760637065549844060e-01 1.749472524445654098e-01 1.738391952369907900e-01 1.727394494786989310e-01 1.716479307646456565e-01 1.705678985599628494e-01 1.694926269389239459e-01 1.684253368784068838e-01 1.673659480368011598e-01 1.663176867212251553e-01 1.652739087114658556e-01 1.642377983378437156e-01 1.632125138181178547e-01 1.621915574413121675e-01 1.611780435915096121e-01 1.601718984754113839e-01 1.591762700472718339e-01 1.581846954500316649e-01 1.572002751849959079e-01 1.562261060623114095e-01 1.552558370568097035e-01 1.542925156170311951e-01 1.533360738314479554e-01 1.523896200036506110e-01 1.514467936238395596e-01 1.505106497771739882e-01 1.495842614312515584e-01 1.486613476607335227e-01
1.983879520566821930e-01 1.971104224658068171e-01 1.958397161319233304e-01 1.945789636676893697e-01 1.933280602056250130e-01 1.920869022253728908e-01 1.908553875473777972e-01 1.896334152907906412e-01 1.884241049296264958e-01 1.872209465489043656e-01 1.860270368765947202e-01 1.848422800955838441e-01 1.836665815885843711e-01 1.825030124930377973e-01 1.813451822980710615e-01 1.801961349432380510e-01 1.790557804927996877e-01 1.779240301290124504e-01 1.768039279136828235e-01 1.756891589096153949e-01 1.745827354831473444e-01 1.734845731387708034e-01 1.723976701791794797e-01 1.713158189990231228e-01 1.702419830387124910e-01 1.691760818750664419e-01 1.681210808143121516e-01 1.670708533449474786e-01 1.660283267091691439e-01 1.649934243069385853e-01 1.639690908119169066e-01 1.629492554735227638e-01 1.619368216162943297e-01 1.609317162360815456e-01 1.599368754556754202e-01 1.589462595815262502e-01 1.579627599864468213e-01 1.569892654784264818e-01 1.560198402978427157e-01 1.550573267274939493e-01 1.541045728633904099e-01 1.531557333688502720e-01 1.522136080122017954e-01 1.512781318998066005e-01 1.503521730459656258e-01 1.494298591148355004e-01 1.485140060585912192e-01 1.476074555239710873e-01 1.467043963606257939e-01 1.458076161990326247e-01 1.449199363467850166e-01
1.927453072484788810e-01 1.915166316766145904e-01 1.903003981869911265e-01 1.890905959804566050e-01 1.878900733250563337e-01 1.866987343619971595e-01 1.855164844397001744e-01 1.843461450367156751e-01 1.831818219858413754e-01 1.820263123145248185e-01 1.808795260476157019e-01 1.797413743244062334e-01 1.786146511454121955e-01 1.774935383476576589e-01 1.763808013453764534e-01 1.752763556007662371e-01 1.741801176152417419e-01 1.730948729856778001e-01 1.720148402834379142e-01 1.709427722604907607e-01 1.698785894213060699e-01 1.688250477075306788e-01 1.677764397198435176e-01 1.667354855567846905e-01 1.657021094886306223e-01 1.646790492867440947e-01 1.636606480013938214e-01 1.626496044907713157e-01 1.616486049744989273e-01 1.606521050833274455e-01 1.596627505133821900e-01 1.586804716105580659e-01 1.577079556240762459e-01 1.567396693072694025e-01 1.557782561506307617e-01 1.548263659540221049e-01 1.538785491573773090e-01 1.529374101120537233e-01 1.520055670754944244e-01 1.510776420855270696e-01 1.501562062327363722e-01 1.492438519420613008e-01 1.483352611838489599e-01 1.474329774518346181e-01 1.465395728846665691e-01 1.456497780735682979e-01 1.447661144026023694e-01 1.438911391429091857e-01 1.430196204785952885e-01 1.421540630315751008e-01 1.412970145203529260e-01
1.873172855169375484e-01 1.861379060650904249e-01 1.849701590457439038e-01 1.838085744904965624e-01 1.826557397422615137e-01 1.815115659431781603e-01 1.803759653384870432e-01 1.792515244562772614e-01 1.781328415078246574e-01 1.770224761273790637e-01 1.759203448153215388e-01 1.748289940685279764e-01 1.737431172880977703e-01 1.726652313802429783e-01 1.715952568436574233e-01 1.705357110844266666e-01 1.694813601324619556e-01 1.684346890638835637e-01 1.673956221469135031e-01 1.663666582545438866e-01 1.653426143069909870e-01 1.643259540486441406e-01 1.633166052900677512e-01 1.623170586984868935e-01 1.613221609007008395e-01 1.603343645359612823e-01 1.593561188181604749e-01 1.583823621955837146e-01 1.574155043505676144e-01 1.564554788125240015e-01 1.555047439235453244e-01 1.545582323446745565e-01 1.536183597950308011e-01 1.526875557848008658e-01 1.517608189307674271e-01 1.508405345172736389e-01 1.499291085300110959e-01 1.490215946960905535e-01 1.481203531240370408e-01 1.472277714244579205e-01 1.463389479165464191e-01 1.454562226297891614e-01 1.445819698308145329e-01 1.437113221718911982e-01 1.428466045744516411e-01 1.419901829006708360e-01 1.411372140800268848e-01 1.402900127872728497e-01 1.394509413724566715e-01 1.386151711200946379e-01 1.377873705794681880e-01
1.820926233241224046e-01 1.809599143451192105e-01 1.798381015034472008e-01 1.787221832874401339e-01 1.776145216240141989e-01 1.765150340701958365e-01 1.754260718078782255e-01 1.743427200165856283e-01 1.732673021306670169e-01 1.721997396462804364e-01 1.711423578561709347e-01 1.700903077684705056e-01 1.690458843890502438e-01 1.680090129169035662e-01 1.669820025240302264e-01 1.659600499208631341e-01 1.649454313817377282e-01 1.639380755919331856e-01 1.629402851473717995e-01 1.619472828380273399e-01 1.609613356624027269e-01 1.599847083134991466e-01 1.590127080806300608e-01 1.580475626606298034e-01 1.570892063699210750e-01 1.561399133717776277e-01 1.551949841313829681e-01 1.542566529286453214e-01 1.533271677044898140e-01 1.524018894575157324e-01 1.514830247480972447e-01 1.505728001996443077e-01 1.496666272933525332e-01 1.487666897381197950e-01 1.478751976097884835e-01 1.469876031169313202e-01 1.461060718351681609e-01 1.452328019551928917e-01 1.443632768961428670e-01 1.434996486996495679e-01 1.426441082564061658e-01 1.417921608594184257e-01 1.409459495275463548e-01 1.401076623789398456e-01 1.392728173685835458e-01 1.384457414512395568e-01 1.376220589626188096e-01 1.368038568931095877e-01 1.359932762036020204e-01 1.351859394620055221e-01 1.343839360689893514e-01
1.770607944851672333e-01 1.759745480259056472e-01 1.748940377099381382e-01 1.738214017589047311e-01 1.727565626766687512e-01 1.717016617668465361e-01 1.706522189032581849e-01 1.696103470851073602e-01 1.685759724613266619e-01 1.675512224725357602e-01 1.665316578054571450e-01 1.655193751764962862e-01 1.645143041628412406e-01 1.635185671476856450e-01 1.625277475019050177e-01 1.615439343703610198e-01 1.605692156232031431e-01 1.595992521281177634e-01 1.586360972230533017e-01 1.576796860267164480e-01 1.567321161659184781e-01 1.557890407693217072e-01 1.548525202388029431e-01 1.539246284605997050e-01 1.530010739165919564e-01 1.520838918846712517e-01 1.511751370373318193e-01 1.502705639206379229e-01 1.493721871727664297e-01 1.484820466631225910e-01 1.475959339776455603e-01 1.467158474726050210e-01 1.458438165211177751e-01 1.449756609429107557e-01 1.441133670624627772e-01 1.432589579924867795e-01 1.424082731424183290e-01 1.415632909774595938e-01 1.407260325371901544e-01 1.398923482919502415e-01 1.390662376438910885e-01 1.382436496713108087e-01 1.374265114976858382e-01 1.366168010269875055e-01 1.358104650399347690e-01 1.350094333631740307e-01 1.342156924729512590e-01 1.334251785703399196e-01 1.326418210157736810e-01 1.318616404597050817e-01 1.310865327077286313e-01
1.722119541643536700e-01 1.711674589584866457e-01 1.701284354657013609e-01 1.690968520893292859e-01 1.680746628097609385e-01 1.670577758712389338e-01 1.660481166361637007e-01 1.650456155970384253e-01 1.640522230786864988e-01 1.630638668517843393e-01 1.620824662910444192e-01 1.611079550645651559e-01 1.601422878790762505e-01 1.591813955181924090e-01 1.582271992911695180e-01 1.572816282148352396e-01 1.563406723649907737e-01 1.554062261079821594e-01 1.544801970788344248e-01 1.535586257826471457e-01 1.526433839179294205e-01 1.517363619091234295e-01 1.508336421244477477e-01 1.499370777246354647e-01 1.490485459781583921e-01 1.481641627950101014e-01 1.472857668106843931e-01 1.464152261066326288e-01 1.455486820073341458e-01 1.446879625370635636e-01 1.438349304960804542e-01 1.429857446430591317e-01 1.421422262319746166e-01 1.413062366497841171e-01 1.404739442076575751e-01 1.396490353027683706e-01 1.388277693948406222e-01 1.380119208782529527e-01 1.372033118471062685e-01 1.363981989817508456e-01 1.355983596430942739e-01 1.348056243309291857e-01 1.340162392837340455e-01 1.332338279835601769e-01 1.324547147553583049e-01 1.316806460678955903e-01 1.309134290832411895e-01 1.301493659095176170e-01 1.293920329873148034e-01 1.286378025758111443e-01 1.278883997690907492e-01
1.675387768190769733e-01 1.665320215745185739e-01 1.655323689131233400e-01 1.645416054883663826e-01 1.635559868359929836e-01 1.625772708635387365e-01 1.616053921155477802e-01 1.606421422518575226e-01 1.596837782293060448e-01 1.587320606951387880e-01 1.577887582059690486e-01 1.568501816311015928e-01 1.559180673549052099e-01 1.549941647805874456e-01 1.540748305464962054e-01 1.531617806950511529e-01 1.522567493013186057e-01 1.513561308968742747e-01 1.504616249734567757e-01 1.495749540002778710e-01 1.486925427500572217e-01 1.478160778401302056e-01 1.469472737849635835e-01 1.460825781168837989e-01 1.452236681750264380e-01 1.443722541088453826e-01 1.435247988613788106e-01 1.426829740248179434e-01 1.418484889393019088e-01 1.410178146957990486e-01 1.401926206307494982e-01 1.393746188152757415e-01 1.385602812725847122e-01 1.377530006995457412e-01 1.369493289923097989e-01 1.361508983508546433e-01 1.353593907043916800e-01 1.345713476738995273e-01 1.337901014126652022e-01 1.330122655348196792e-01 1.322394443159559396e-01 1.314732987309995549e-01 1.307104212640086416e-01 1.299541016430063867e-01 1.292009970397280105e-01 1.284526925630847527e-01 1.277108370718184616e-01 1.269720559331251608e-01 1.262396138960933112e-01 1.255101941735932425e-01 1.247853711446206965e-01
1.630287199543500598e-01 1.620597370013506788e-01 1.610991741981869507e-01 1.601435979108592200e-01 1.591946164845589040e-01 1.582538463136397289e-01 1.573179026059208507e-01 1.563883719681661844e-01 1.554651947981640081e-01 1.545500044923985294e-01 1.536393926937921206e-01 1.527349607195518377e-01 1.518383294970281350e-01 1.509461226072760232e-01 1.500599277264577092e-01 1.491813567696747556e-01 1.483070581456547299e-01 1.474386092991010200e-01 1.465776165339157111e-01 1.457207461144342520e-01 1.448711860510279725e-01 1.440256880351215574e-01 1.431857816733879407e-01 1.423530320078472411e-01 1.415241975818051223e-01 1.407008064039642903e-01 1.398844265151651944e-01 1.390718166730014194e-01 1.382660871767626420e-01 1.374640702044712948e-01 1.366672602093946809e-01 1.358771980972892368e-01 1.350907059642762476e-01 1.343092847871354412e-01 1.335344867472595953e-01 1.327631172878812327e-01 1.319982532395649610e-01 1.312367628215143911e-01 1.304801266867039178e-01 1.297298832322147932e-01 1.289828740174455979e-01 1.282421475485628903e-01 1.275046016376703562e-01 1.267732318007948333e-01 1.260449890422892238e-01 1.253213162847183482e-01 1.246037224668240656e-01 1.238891188997880283e-01 1.231804947142729756e-01 1.224748084622927918e-01 1.217750049946933755e-01
1.586757294394164353e-01 1.577441993489567540e-01 1.568174978127843677e-01 1.558970994808269450e-01 1.549844934361314652e-01 1.540765597856713076e-01 1.531747579919200408e-01 1.522805662291586704e-01 1.513908932292385157e-01 1.505071864621061739e-01 1.496309163537735687e-01 1.487590137521188904e-01 1.478929172500678124e-01 1.470340926278970173e-01 1.461794864669570537e-01 1.453305315396283270e-01 1.444886920485597970e-01 1.436509240139841603e-01 1.428201357863830567e-01 1.419933578804341012e-01 1.411719846739250828e-01 1.403574479575938894e-01 1.395467778217896471e-01 1.387413705633515626e-01 1.379426641840925671e-01 1.371476822575015686e-01 1.363592791477062360e-01 1.355745423785078008e-01 1.347948425801686057e-01 1.340215980435324195e-01 1.332518803983739619e-01 1.324885039101543205e-01 1.317285977604052138e-01 1.309735144916838179e-01 1.302246603149389004e-01 1.294791393347516639e-01 1.287397407848711595e-01 1.280036203484327950e-01 1.272721197574856467e-01 1.265466405612780953e-01 1.258243042339705353e-01 1.251078896377364191e-01 1.243945641876451347e-01 1.236870637152992503e-01 1.229825989529696600e-01 1.222824873707481635e-01 1.215881140954306050e-01 1.208966436796704430e-01 1.202108212560460548e-01 1.195278494598485258e-01 1.188504380017997852e-01
1.544736499655189332e-01 1.535747106598012723e-01 1.526817980894579485e-01 1.517962871267574676e-01 1.509152958176069315e-01 1.500401696585467737e-01 1.491722779416664035e-01 1.483087562737886722e-01 1.474523287264978832e-01 1.466002061791729372e-01 1.457536915836732117e-01 1.449141173233003677e-01 1.440787022992688904e-01 1.432487473664219579e-01 1.424255867327102187e-01 1.416064416121688430e-01 1.407926134876316127e-01 1.399854411786981556e-01 1.391821425118063560e-01 1.383853779258877037e-01 1.375924268423628638e-01 1.368045647925530406e-01 1.360231101744462934e-01 1.352453302250255229e-01 1.344738438211497689e-01 1.337059736999225423e-01 1.329429765857844392e-01 1.321861576213676503e-01 1.314328187816526106e-01 1.306855515381451505e-01 1.299417076963157447e-01 1.292025320029934754e-01 1.284693232794742179e-01 1.277394040800696740e-01 1.270153521810294950e-01 1.262945346352719045e-01 1.255794875829256418e-01 1.248676200789447799e-01 1.241601516567494151e-01 1.234583631130395376e-01 1.227596231474870347e-01 1.220664725718951377e-01 1.213763171673061247e-01 1.206916632741459466e-01 1.200099514896955100e-01 1.193336558745330817e-01 1.186602496510973243e-01 1.179909241340097031e-01 1.173269408117883633e-01 1.166657189249039883e-01 1.160097596169179651e-01
1.504123891417499803e-01 1.495472100602640853e-01 1.486864800770757722e-01 1.478314128132983407e-01 1.469832478769659279e-01 1.461393859381601157e-01 1.453010375968507017e-01 1.444694430816634290e-01 1.436420077263271255e-01 1.428212003109640693e-01 1.420044883185000717e-01 1.411930523831985140e-01 1.403881078599379384e-01 1.395871185572274131e-01 1.387912686120520711e-01 1.380017806060551411e-01 1.372161094441243512e-01 1.364366866417159319e-01 1.356610204454661017e-01 1.348902757252378737e-01 1.341256609180777881e-01 1.333646673642289726e-01 1.326096973688908609e-01 1.318582902397952006e-01 1.311115979791501740e-01 1.303708213548734340e-01 1.296334748848656515e-01 1.289019444692867111e-01 1.281737875593788600e-01 1.274513499348499113e-01 1.267322296119286762e-01 1.260175527836496778e-01 1.253085009972148001e-01 1.246026371899690149e-01 1.239023078590160976e-01 1.232051118839852383e-01 1.225133623800767763e-01 1.218246920281109563e-01 1.211402127284486041e-01 1.204610986011552531e-01 1.197849369758777205e-01 1.191140582551801635e-01 1.184460792222474107e-01 1.177833031776750888e-01 1.171233743880378958e-01 1.164685709588419438e-01 1.158165627275847265e-01 1.151696044592119550e-01 1.145253897041937086e-01 1.138861516863275275e-01 1.132496058611303091e-01
1.464879762206758584e-01 1.456524417630291890e-01 1.448234970800353349e-01 1.439987838937896170e-01 1.431793963935404090e-01 1.423664597222002171e-01 1.415576144338670517e-01 1.407539570402888685e-01 1.399566184344618325e-01 1.391632331453081239e-01 1.383760534526598529e-01 1.375927649823900367e-01 1.368144447554681675e-01 1.360422088933816998e-01 1.352737295420215480e-01 1.345112284812622905e-01 1.337524238698587220e-01 1.329983792214345928e-01 1.322502019262271067e-01 1.315055893481626992e-01 1.307667447120537396e-01 1.300314066488097164e-01 1.293006309171542689e-01 1.285755220548755462e-01 1.278537906153536241e-01 1.271376328979239856e-01 1.264247962423750982e-01 1.257174427514046455e-01 1.250133544533146845e-01 1.243146612761572428e-01 1.236191779145226627e-01 1.229279264618214629e-01 1.222419851586047934e-01 1.215591289354959470e-01 1.208815004382479130e-01 1.202069032115539449e-01 1.195374535896927132e-01 1.188709818807039964e-01 1.182095798964378219e-01 1.175511029137036451e-01 1.168965563305862515e-01 1.162470095331116227e-01 1.156002662929469377e-01 1.149584500854144153e-01 1.143193858268045371e-01 1.136851779217731284e-01 1.130536707482641678e-01 1.124269512752380240e-01 1.118028816989944108e-01 1.111835331477441929e-01 1.105667840294010384e-01
1.426916526311622913e-01 1.418866521054415186e-01 1.410857355884525544e-01 1.402909843067403073e-01 1.395002530881511160e-01 1.387145351347811029e-01 1.379348586565599111e-01 1.371590680230361514e-01 1.363892131401844565e-01 1.356231823656522117e-01 1.348619549851584609e-01 1.341065496704677007e-01 1.333548375451322210e-01 1.326088483165441534e-01 1.318664926282988870e-01 1.311287412014900122e-01 1.303966086180085582e-01 1.296679815691928750e-01 1.289448803500262142e-01 1.282252269696698144e-01 1.275110089480536724e-01 1.268001816328399867e-01 1.260936968226161470e-01 1.253925558477800850e-01 1.246946813215121241e-01 1.240020658136887777e-01 1.233126613933815813e-01 1.226284334961724592e-01 1.219473618510882734e-01 1.212713864890894444e-01 1.205985130632050428e-01 1.199296721323845488e-01 1.192658508221438873e-01 1.186050112669408130e-01 1.179491162125822362e-01 1.172961501177495480e-01 1.166480554846331119e-01 1.160028374830195108e-01 1.153624199315831100e-01 1.147248271410377385e-01 1.140919657681538912e-01 1.134618777348676555e-01 1.128364540166654217e-01 1.122137526538218161e-01 1.115956503901935348e-01 1.109802199241752274e-01 1.103693251846784851e-01 1.097610520979083598e-01 1.091572531692098919e-01 1.085560261476616745e-01 1.079592134823534194e-01
1.390197648991618740e-01 1.382417710465125571e-01 1.374696585127860027e-01 1.367014233561897885e-01 1.359389679043791488e-01 1.351803280149976583e-01 1.344264114437339619e-01 1.336781643303993627e-01 1.329336042641035831e-01 1.321946182724984264e-01 1.314592596583695761e-01 1.307293823077025074e-01 1.300030732977322245e-01 1.292812184431648692e-01 1.285647471124166386e-01 1.278517199163646256e-01 1.271439891332654670e-01 1.264396454171455575e-01 1.257405133453656509e-01 1.250447118688680359e-01 1.243531140625695613e-01 1.236666419311599485e-01 1.229833798137208861e-01 1.223051638612671216e-01 1.216301032205620303e-01 1.209600113807088040e-01 1.202930206977272931e-01 1.196309235412583993e-01 1.189718739269532422e-01 1.183176445992586701e-01 1.176664097301112488e-01 1.170190192887821251e-01 1.163763799467918136e-01 1.157366193561851081e-01 1.151015413162198714e-01 1.144692903926237681e-01 1.138416553597605546e-01 1.132167962783685450e-01 1.125964882709015596e-01 1.119789055066910261e-01 1.113658108024904447e-01 1.107553910782193840e-01 1.101493981624226820e-01 1.095460303935107821e-01 1.089470299077196502e-01 1.083506051515187169e-01 1.077584898442995598e-01 1.071689012513209333e-01 1.065835659299674831e-01 1.060007086949495414e-01 1.054220501785378961e-01
1.354655597347920737e-01 1.347143630226642630e-01 1.339686987698326948e-01 1.332267775037526691e-01 1.324894230527799699e-01 1.317574974082905137e-01 1.310291902058671187e-01 1.303062224913668354e-01 1.295868143023153063e-01 1.288726586497242199e-01 1.281620042728819631e-01 1.274556593224895895e-01 1.267544749654280212e-01 1.260566715201470178e-01 1.253639470037356263e-01 1.246745471127790328e-01 1.239901466475949038e-01 1.233090151393860523e-01 1.226328056561883234e-01 1.219598100711278277e-01 1.212908188974238938e-01 1.206266716826673163e-01 1.199656226303427026e-01 1.193093449229876007e-01 1.186561120241415163e-01 1.180075797940852989e-01 1.173620395709895903e-01 1.167211312301951603e-01 1.160831626358314050e-01 1.154497589812415598e-01 1.148192433424194692e-01 1.141932275003433445e-01 1.135700484599320992e-01 1.129513058320151531e-01 1.123353492967001099e-01 1.117237675072103864e-01 1.111149215914018773e-01 1.105103904360806855e-01 1.099085454122809002e-01 1.093109568084353750e-01 1.087160050548792167e-01 1.081252529929076778e-01 1.075370889452114675e-01 1.069530694413635408e-01 1.063715895459870220e-01 1.057942005963427579e-01 1.052193032639807679e-01 1.046484447996180456e-01 1.040800303566535023e-01 1.035156042001715293e-01 1.029535748491020863e-01
1.320237982242203900e-01 1.312981749737635595e-01 1.305769677647966032e-01 1.298609617482764378e-01 1.291485037838557004e-01 1.284411632821424454e-01 1.277373128270821723e-01 1.270384982829910747e-01 1.263431164662839334e-01 1.256519045218092712e-01 1.249656418745696690e-01 1.242826954524912236e-01 1.236046216915397677e-01 1.229298087797234956e-01 1.222597938916137050e-01 1.215929851080249369e-01 1.209309016568836798e-01 1.202719701878979253e-01 1.196176932546557381e-01 1.189665147913536447e-01 1.183191529039768486e-01 1.176763745948602724e-01 1.170365837474924425e-01 1.164013100628912278e-01 1.157689719463684402e-01 1.151410863354892511e-01 1.145160849448334378e-01 1.138954731197013015e-01 1.132776946984704047e-01 1.126642445817468280e-01 1.120535775715623128e-01 1.114471792456467325e-01 1.108435142321806677e-01 1.102440598897925922e-01 1.096472895548074311e-01 1.090546734507838594e-01 1.084646925216731367e-01 1.078788109261206302e-01 1.072955161292063336e-01 1.067162672818736668e-01 1.061395572974518225e-01 1.055668413632346037e-01 1.049966167805813089e-01 1.044303358062075027e-01 1.038664990767768359e-01 1.033065569487632840e-01 1.027490123478441847e-01 1.021953147513603444e-01 1.016439683333327099e-01 1.010964227122815584e-01 1.005511822700753399e-01
1.286888098360566279e-01 1.279883317816476462e-01 1.272913300043067297e-01 1.265992354336458181e-01 1.259105601740918012e-01 1.252267155529571685e-01 1.245462339758392073e-01 1.238697876940493825e-01 1.231980903405372751e-01 1.225296433876026658e-01 1.218658733729100219e-01 1.212052994010871659e-01 1.205493322288774538e-01 1.198965073809871301e-01 1.192482209974861929e-01 1.186030238456367847e-01 1.179622985826867670e-01 1.173246100723066704e-01 1.166913285918923238e-01 1.160610319849726402e-01 1.154343747695840555e-01 1.148120600458672202e-01 1.141926237661161914e-01 1.135774691507645262e-01 1.129651426178108486e-01 1.123570385249974407e-01 1.117517126836742453e-01 1.111505516255811565e-01 1.105521195023889541e-01 1.099577960414990507e-01 1.093661526982883103e-01 1.087785634008313074e-01 1.081936058861705657e-01 1.076126492768841592e-01 1.070342765809877833e-01 1.064598530990303882e-01 1.058879661103316744e-01 1.053199780663143237e-01 1.047544795280421631e-01 1.041928310621628717e-01 1.036343020485619576e-01 1.030782225686774217e-01 1.025258927527237518e-01 1.019759665897201212e-01 1.014297444998117914e-01 1.008858805692044169e-01 1.003456764255473699e-01 9.980778531436156065e-02 9.927351099183803762e-02 9.874150492402720969e-02 9.821307391591276026e-02
1.254574485287552332e-01 1.247802281896128185e-01 1.241063555055684775e-01 1.234364509678178984e-01 1.227711747103277379e-01 1.221091360883241328e-01 1.214516562907701075e-01 1.207973602267037871e-01 1.201475552927207813e-01 1.195008808432486136e-01 1.188586315462888121e-01 1.182194601236081222e-01 1.175846495520314755e-01 1.169528648699266205e-01 1.163253783734960606e-01 1.157008663926853698e-01 1.150805915305140453e-01 1.144632404061702580e-01 1.138500668960653883e-01 1.132397669274766705e-01 1.126335865965898270e-01 1.120302301762806513e-01 1.114309369131197547e-01 1.108344184803767979e-01 1.102419081879945084e-01 1.096521241795700152e-01 1.090662947300892749e-01 1.084831435360091162e-01 1.079038947262715153e-01 1.073272766436730863e-01 1.067545101520985529e-01 1.061843273422916206e-01 1.056179466868603922e-01 1.050541031339266851e-01 1.044940136311899581e-01 1.039364151006434839e-01 1.033825238258249402e-01 1.028310778218294030e-01 1.022832935700513091e-01 1.017379092998039330e-01 1.011961425481745225e-01 1.006567308809918071e-01 1.001208937517792524e-01 9.958736718178748393e-02 9.905737340654363621e-02 9.852964601918376419e-02 9.800541090367055619e-02 9.748401057974669104e-02 9.696483872756289646e-02 9.644907290528914601e-02 9.593549238815822500e-02
1.223244927930514092e-01 1.216689000248747377e-01 1.210177509776824423e-01 1.203697711401928439e-01 1.197261696681994614e-01 1.190856846883211750e-01 1.184495143530291394e-01 1.178164084411524731e-01 1.171875550497169793e-01 1.165617146477031518e-01 1.159400662013536643e-01 1.153213799299369346e-01 1.147068265737853643e-01 1.140951851820257712e-01 1.134876191562169678e-01 1.128829154729802386e-01 1.122822310650905542e-01 1.116843599500703110e-01 1.110904534488189738e-01 1.104993117476889553e-01 1.099120813977770283e-01 1.093275678947438490e-01 1.087469138529719020e-01 1.081689292281245163e-01 1.075947535205926398e-01 1.070232003054390757e-01 1.064554067859122127e-01 1.058901893219515999e-01 1.053286836312905816e-01 1.047697080300482447e-01 1.042143975566490188e-01 1.036615716597932974e-01 1.031123655010512674e-01 1.025655988391998980e-01 1.020224077640738969e-01 1.014816115223036302e-01 1.009443479346914807e-01 1.004100032602177617e-01 9.987801281629919703e-02 9.934946724570258014e-02 9.882323235602880063e-02 9.830040221863958760e-02 9.777983957843236484e-02 9.726264271784872129e-02 9.674767051569765908e-02 9.623602625728576443e-02 9.572656414226220212e-02 9.522039326146183869e-02 9.471691785919182649e-02 9.421558700491763916e-02 9.371746877486188121e-02
1.192857700391279502e-01 1.186515090281022033e-01 1.180214549866433899e-01 1.173944498614980930e-01 1.167715916651847902e-01 1.161517315547371670e-01 1.155359598189670545e-01 1.149231359644002082e-01 1.143143433843608198e-01 1.137084490905528877e-01 1.131065303941193867e-01 1.125074609829038313e-01 1.119123128847532150e-01 1.113199656477748684e-01 1.107314868047433176e-01 1.101457609601835669e-01 1.095638519277175454e-01 1.089846485746601701e-01 1.084092117644862435e-01 1.078364338417475421e-01 1.072673734805812407e-01 1.067009257239086850e-01 1.061381478132808615e-01 1.055779367153868997e-01 1.050213489925012067e-01 1.044672827644935742e-01 1.039167946640395940e-01 1.033693111754953320e-01 1.028243058139309829e-01 1.022827892388374210e-01 1.017437066926292488e-01 1.012080705410347836e-01 1.006748247462733864e-01 1.001449840997802737e-01 9.961749054438812090e-02 9.909336202221986911e-02 9.857153771163462697e-02 9.805303943757459617e-02 9.753680286369326158e-02 9.702385443375720342e-02 9.651364005403173518e-02 9.600564799097549562e-02 9.550086553046921445e-02 9.499826391936067038e-02 9.449883651156344710e-02 9.400154880040184624e-02 9.350740094436627015e-02 9.301535192344631553e-02 9.252640945512805026e-02 9.204003147491215953e-02 9.155571529752409843e-02
