1.000000000000000000e+02 1.000000000000000000e+02 1.000000000000000000e+02 1.000000000000000000e+02 1.000000000000000000e+02 1.000000000000000000e+02 1.000000000000000000e+02 1.000000000000000000e+02 1.000000000000000000e+02 1.000000000000000000e+02 1.000000000000000000e+02 1.000000000000000000e+02 1.000000000000000000e+02 1.000000000000000000e+02 1.000000000000000000e+02 1.000000000000000000e+02 1.000000000000000000e+02 1.000000000000000000e+02 1.000000000000000000e+02 1.000000000000000000e+02 4.747139596083871993e+01 4.964686281579822236e+01 5.030138666949663673e+01 5.038456338140345281e+01 5.016718245109170482e+01 4.976521878282022726e+01 4.923924104454360418e+01 4.862497314675833593e+01 4.794532099885799425e+01 4.721590549461783581e+01 4.644790211449713269e+01 4.564962180172845052e+01 4.482744842450848921e+01 4.398642344512231261e+01 4.313062587069861564e+01 4.226342770255534731e+01 4.138767060011695520e+01 4.050579094820995607e+01 3.961991009743633896e+01 3.873190045247505253e+01 3.784343439515041752e+01 3.695602073170613266e+01 3.607103188680604688e+01 3.518972411069245254e+01 3.431325233242181838e+01 3.344268086700581932e+01 3.257899089638654289e+01 3.172308544772928940e+01 3.087579245726288946e+01 3.003786641319536699e+01 2.920998900260293141e+01
1.000000000000000000e+02 1.000000000000000000e+02 1.000000000000000000e+02 1.000000000000000000e+02 1.000000000000000000e+02 1.000000000000000000e+02 1.000000000000000000e+02 1.000000000000000000e+02 1.000000000000000000e+02 1.000000000000000000e+02 1.000000000000000000e+02 1.000000000000000000e+02 1.000000000000000000e+02 1.000000000000000000e+02 1.000000000000000000e+02 1.000000000000000000e+02 4.651565598683598068e+01 4.905890006522284352e+01 4.990863884946356421e+01 5.012500275270142680e+01 5.000851972101455090e+01 4.968757571494787584e+01 4.922911326500637585e+01 4.867256481124844214e+01 4.804318336056550720e+01 4.735816821188660697e+01 4.662980611308142187e+01 4.586721891216610913e+01 4.507739942297905600e+01 4.426585724791024745e+01 4.343703839187298144e+01 4.259460738012965209e+01 4.174164241883525506e+01 4.088077364657099366e+01 4.001428300570782426e+01 3.914417752535962336e+01 3.827224373122017198e+01 3.740008835763973849e+01 3.652916891454063375e+01 3.566081660290456767e+01 3.479625336967201576e+01 3.393660442002470035e+01 3.308290718374010453e+01 3.223611751238989598e+01 3.139711373250506199e+01 3.056669907398081065e+01 2.974560291723909344e+01 2.893448124576648794e+01 2.813391664446192664e+01 2.734441814293700190e+01 2.656642116253547670e+01
1.000000000000000000e+02 1.000000000000000000e+02 1.000000000000000000e+02 1.000000000000000000e+02 1.000000000000000000e+02 1.000000000000000000e+02 1.000000000000000000e+02 1.000000000000000000e+02 1.000000000000000000e+02 1.000000000000000000e+02 1.000000000000000000e+02 1.000000000000000000e+02 4.573195309341031844e+01 4.851392250603016265e+01 4.952080916089651907e+01 4.985223500960850629e+01 4.982611811858421902e+01 4.957936308082834387e+01 4.918367007390243373e+01 4.868138873004275524e+01 4.809968623936008214e+01 4.745708373013074066e+01 4.676681765943463631e+01 4.603871411646569101e+01 4.528030170828142786e+01 4.449750641401345064e+01 4.369510363185657553e+01 4.287702246424638020e+01 4.204655646756570775e+01 4.120651314796559461e+01 4.035932213122756451e+01 3.950711470079140497e+01 3.865178301593662269e+01 3.779502458840881474e+01 3.693837584683519992e+01 3.608323747515440516e+01 3.523089345084813573e+01 3.438252519580849054e+01 3.353922190304435702e+01 3.270198786230851340e+01 3.187174744173678675e+01 3.104934826678757531e+01 3.023556305547191769e+01 2.943109050813662364e+01 2.863655560223108409e+01 2.785250960124941244e+01 2.707943004796178244e+01 2.631772097226482998e+01 2.556771350199543846e+01 2.482966702055978203e+01 2.410377096892276327e+01
1.000000000000000000e+02 1.000000000000000000e+02 1.000000000000000000e+02 1.000000000000000000e+02 1.000000000000000000e+02 1.000000000000000000e+02 1.000000000000000000e+02 1.000000000000000000e+02 4.515489542345904539e+01 4.803453239254015017e+01 4.915397708579572367e+01 4.957870032137536498e+01 4.963012025226500157e+01 4.944914367883004758e+01 4.911032055287763143e+01 4.865797305189559552e+01 4.812066161661391561e+01 4.751791856611980336e+01 4.686373349260460941e+01 4.616850639477839024e+01 4.544021195396946666e+01 4.468512882617265092e+01 4.390831538757579722e+01 4.311393073529086450e+01 4.230545749841571279e+01 4.148586022208726121e+01 4.065770021744576468e+01 3.982322021444142024e+01 3.898440756617684144e+01 3.814304188481577995e+01 3.730073114975476045e+01 3.645893912378680568e+01 3.561900610936378087e+01 3.478216453340537129e+01 3.394955047732784692e+01 3.312221201275291094e+01 3.230111502571446636e+01 3.148714708811743535e+01 3.068111984733917907e+01 2.988377034077642236e+01 2.909576159277400009e+01 2.831768281008190513e+01 2.755004945400028760e+01 2.679330342946026988e+01 2.604781359157458809e+01 2.531387672798835453e+01 2.459171913100016482e+01 2.388149882805578983e+01 2.318330849455128018e+01 2.249717903091372406e+01 2.182308374864521738e+01
1.000000000000000000e+02 1.000000000000000000e+02 1.000000000000000000e+02 2.637919448569373060e+01 4.478381428348839677e+01 4.763443532622592613e+01 4.882026828519311579e+01 4.931461802702390429e+01 4.942925111487245005e+01 4.930449991412083932e+01 4.901575788816220580e+01 4.860830254065321299e+01 4.811151718197784533e+01 4.754560093405839183e+01 4.692507645751020107e+01 4.626077059160542859e+01 4.556100217633411376e+01 4.483232977185380719e+01 4.408004144366227450e+01 4.330848641083026962e+01 4.252130597110436838e+01 4.172159812593360328e+01 4.091203728632736158e+01 4.009496275223222028e+01 3.927244497282770652e+01 3.844633565626056537e+01 3.761830590722861700e+01 3.678987532890660361e+01 3.596243419492354576e+01 3.513726023326209713e+01 3.431553117704821432e+01 3.349833396960944043e+01 3.268667132504052120e+01 3.188146621525761049e+01 3.108356476238035881e+01 3.029373794855920821e+01 2.951268250478505450e+01 2.874102129892776958e+01 2.797930350624562124e+01 2.722800480939902101e+01 2.648752783741822014e+01 2.575820301311213001e+01 2.504028993608751108e+01 2.433397938474369937e+01 2.363939597681124027e+01 2.295660148607453266e+01 2.228559877481279727e+01 2.162633626899537376e+01 2.097871287777790172e+01 2.034258324122797745e+01 1.971776318071928102e+01
4.459330638024126614e+01 4.731855503225401094e+01 4.852751341829651466e+01 4.906768210452472090e+01 4.923057926305303766e+01 4.915184725666755838e+01 4.890581118768120916e+01 4.853769849322279129e+01 4.807713715924676023e+01 4.754463742229454226e+01 4.695502441864967125e+01 4.631939593328760196e+01 4.564630589994396814e+01 4.494251427859110493e+01 4.421348094284923036e+01 4.346370166847280103e+01 4.269694303447576544e+01 4.191641049422545962e+01 4.112487099992150519e+01 4.032474393393250978e+01 3.951816942861021431e+01 3.870706021327447388e+01 3.789314122697647491e+01 3.707797998259142958e+01 3.626300982657043903e+01 3.544954766571498084e+01 3.463880733773508069e+01 3.383190952842805643e+01 3.302988894710719592e+01 3.223369933776349683e+01 3.144421680852323675e+01 3.066224189352013951e+01 2.988850070999176012e+01 2.912364553229980757e+01 2.836825506853552170e+01 2.762283469074699482e+01 2.688781683422995172e+01 2.616356174351038533e+01 2.545035870238003639e+01 2.474842784324790657e+01 2.405792258842970455e+01 2.337893273452946730e+01 2.271148815266131038e+01 2.205556304371952692e+01 2.141108066072762739e+01 2.077791839050340883e+01 2.015591307491949280e+01 1.954486644778505422e+01 1.893240342056627057e+01 1.832852131688404995e+01 1.773726335916468599e+01
4.903941717555370872e+01 4.899633183948886739e+01 4.878535200456401100e+01 4.845073624738037665e+01 4.802181011140567080e+01 4.751904973292603529e+01 4.695735454268186970e+01 4.634793662116150870e+01 4.569947402345243859e+01 4.501884739520613010e+01 4.431162837948434685e+01 4.358241377583737375e+01 4.283506032109031025e+01 4.207285341175727211e+01 4.129863069342569304e+01 4.051487404776359114e+01 3.972377895352390453e+01 3.892730731411000988e+01 3.812722797356833127e+01 3.732514790383415715e+01 3.652253621083055890e+01 3.572074253588287718e+01 3.492101103403332729e+01 3.412449083567521058e+01 3.333224370515972623e+01 3.254524947439701066e+01 3.176440973338415930e+01 3.099055019045334802e+01 3.022442206359061245e+01 2.946670282352668480e+01 2.871799657429121311e+01 2.797883432381098245e+01 2.724967436340016391e+01 2.653090293921093945e+01 2.582283536044601036e+01 2.512571764879768921e+01 2.443972879227067807e+01 2.376498362584284507e+01 2.310153632312454164e+01 2.244938444908480335e+01 2.180847349557465265e+01 2.117870179992922886e+01 2.055992573298043524e+01 1.995196503640372399e+01 1.935460818996989119e+01 1.875367435883284273e+01 1.816409821111541589e+01 1.758651009417754452e+01 1.702042239710294069e+01 1.646536906291218827e+01 1.592003973483745405e+01
4.794918587012051603e+01 4.747233340157649195e+01 4.693540460823311378e+01 4.634957591612126748e+01 4.572354158911004873e+01 4.506422344196284513e+01 4.437724508805288082e+01 4.366725857372182418e+01 4.293817519674274052e+01 4.219333222352540247e+01 4.143561556504793941e+01 4.066755146395852449e+01 3.989137589981662302e+01 3.910908765105535423e+01 3.832248914656458538e+01 3.753321803783713762e+01 3.674277160864123459e+01 3.595252558015011601e+01 3.516374848134555009e+01 3.437761248298551209e+01 3.359520140250770481e+01 3.281751645249234883e+01 3.204548020967270361e+01 3.127993921271394839e+01 3.052166554605852866e+01 2.977135772728988883e+01 2.902964118160438289e+01 2.829706855535500054e+01 2.757412008865320274e+01 2.686120423314455863e+01 2.615865866472005763e+01 2.546675180233834013e+01 2.478568490425471893e+01 2.411559477322171219e+01 2.345655706435947963e+01 2.280859015515035537e+01 2.217165950796780294e+01 2.154568243291952001e+01 2.093053314329555548e+01 2.032604798775206234e+01 1.973203074219285824e+01 1.914443439668577440e+01 1.855779126602118367e+01 1.798304411030746053e+01 1.741970051978210421e+01 1.686652329933847483e+01 1.632381768567429958e+01 1.579114912592025810e+01 1.526730165072134504e+01 1.475266415097644312e+01 1.424605387340240448e+01
4.572120596810989923e+01 4.508124472717788223e+01 4.441283869216373148e+01 4.372065073920573042e+01 4.300861185200581360e+01 4.228008343218651532e+01 4.153797733829527061e+01 4.078484601332747417e+01 4.002295099758192976e+01 3.925431551727158563e+01 3.848076512874890653e+01 3.770395925317606611e+01 3.692541565707137607e+01 3.614652939635091400e+01 3.536858736645886836e+01 3.459277933773587677e+01 3.382020616924413048e+01 3.305188576262303712e+01 3.228875722391235570e+01 3.153168363392783746e+01 3.078145377803158311e+01 3.003878314746513212e+01 2.930431449185067549e+01 2.857861817232454626e+01 2.786219253445399247e+01 2.715546448800077428e+01 2.645879044604298258e+01 2.577245773907408832e+01 2.509668658127603891e+01 2.443163262753385467e+01 2.377739012255066342e+01 2.313399560934643517e+01 2.250143213505872097e+01 2.187963386857085624e+01 2.126849102788634127e+01 2.066785500564677136e+01 2.007754357854295790e+01 1.949734608992825713e+01 1.891976501726185589e+01 1.834756455674491704e+01 1.778733474554121941e+01 1.723722062292898016e+01 1.669747773264497326e+01 1.616767664255423753e+01 1.564666929039750976e+01 1.513404361820909827e+01 1.463015825726947483e+01 1.413466181199850524e+01 1.364646852165029678e+01 1.316600960882462346e+01 1.269148501725000422e+01
4.304848836063179363e+01 4.233516181842298920e+01 4.160770753551573620e+01 4.086868646882947331e+01 4.012037107630358435e+01 3.936479678639188506e+01 3.860380193416223449e+01 3.783905886516080130e+01 3.707209817428128673e+01 3.630432753788329592e+01 3.553704624083491126e+01 3.477145624862183126e+01 3.400867049647518314e+01 3.324971894089949132e+01 3.249555282874329265e+01 3.174704757397872257e+01 3.100500458441800333e+01 3.027015234345395811e+01 2.954314702080861821e+01 2.882457285763265986e+01 2.811494254256952985e+01 2.741469776496862210e+01 2.672421009855498397e+01 2.604378233357848771e+01 2.537365033848132967e+01 2.471398549466400496e+01 2.406489771154253532e+01 2.342643899543243435e+01 2.279860751643013117e+01 2.218135209367396854e+01 2.157457700202495587e+01 2.097814699269657268e+01 2.039189241656747242e+01 1.981561434126909305e+01 1.924908956073075927e+01 1.868146866080130053e+01 1.812407679030634355e+01 1.757737413651733505e+01 1.704091982116218063e+01 1.651362769840522660e+01 1.599574864917571126e+01 1.548689477429478600e+01 1.498600642404444727e+01 1.449272099390663016e+01 1.400739481374705342e+01 1.352971604559778740e+01 1.305799427530331336e+01 1.259404689169746838e+01 1.213551757004067433e+01 1.168356414291147516e+01 1.123796260770027544e+01
4.018537047426492137e+01 3.944222023052687831e+01 3.869324249226763612e+01 3.794011393066515581e+01 3.718437050109924513e+01 3.642742593301581167e+01 3.567058604588399362e+01 3.491505970400105952e+01 3.416196705472118822e+01 3.341234557484861512e+01 3.266715436428858510e+01 3.192727706428659218e+01 3.119352373200353057e+01 3.046663196789306483e+01 2.974726756285242146e+01 2.903602490499043398e+01 2.833342735863644890e+01 2.763992779931642829e+01 2.695590945708707409e+01 2.628168718683303950e+01 2.561750924853452460e+01 2.496355964424792262e+01 2.431996102308471563e+01 2.368677813242808483e+01 2.306402176452676400e+01 2.245165312373801569e+01 2.184958852195911660e+01 2.125770429862935984e+01 2.067584185706339639e+01 2.010381271030830419e+01 1.954140343636304067e+01 1.898422990830965418e+01 1.843070734710325809e+01 1.788774501697373864e+01 1.735490479166946542e+01 1.683115408584766470e+01 1.631670094762982615e+01 1.581116169773002156e+01 1.531353429481025152e+01 1.482345997173728058e+01 1.434124394966993954e+01 1.386593316263255282e+01 1.339787872097888055e+01 1.293615976925814159e+01 1.248051680357972870e+01 1.203136127660816967e+01 1.158846923652397010e+01 1.115033109160171065e+01 1.071805407750227879e+01 1.029080624993171433e+01 9.869074617626816703e+00
3.726369936250357995e+01 3.651725662646497739e+01 3.577060377990763129e+01 3.502495146458687003e+01 3.428142232956697910e+01 3.354105697720504509e+01 3.280481820396246206e+01 3.207359389854791232e+01 3.134819891712237450e+01 3.062937622214353439e+01 2.991779754365743571e+01 2.921406379623482508e+01 2.851870545895721420e+01 2.783218309836609805e+01 2.715488818435374796e+01 2.648714431656617307e+01 2.582920894460178829e+01 2.518127563021008086e+01 2.454347686523522754e+01 2.391588742676276880e+01 2.329852822231055498e+01 2.269137055423069782e+01 2.209434071467217819e+01 2.150732481096644477e+01 2.093017371615225031e+01 2.036270804013113178e+01 1.980472302286671393e+01 1.925599326108553910e+01 1.870855237026058404e+01 1.816966465250904150e+01 1.764020260960173658e+01 1.712085935803628445e+01 1.660954629851763897e+01 1.610759558537352731e+01 1.561348803413961051e+01 1.512686929414579495e+01 1.464799970285011810e+01 1.417597820200436587e+01 1.371110969484021069e+01 1.325252490658009563e+01 1.279996685309345850e+01 1.235379894480369600e+01 1.191319724466057828e+01 1.147855773345957964e+01 1.104848030490004085e+01 1.062459915942388378e+01 1.020493324282828063e+01 9.790537755543249787e+00 9.380663009642551842e+00 8.975174835838480192e+00 8.573948460742327526e+00
3.436831205953127011e+01 3.363710152561120026e+01 3.290976503510562168e+01 3.218719089116122234e+01 3.147019503691251430e+01 3.075952217376666908e+01 3.005584641559357806e+01 2.935977170443555551e+01 2.867183218889700314e+01 2.799249274015668831e+01 2.732214975186661832e+01 2.666113233904272661e+01 2.600970401798729270e+01 2.536806491535850228e+01 2.473635452108159427e+01 2.411465496838057021e+01 2.350299479625575572e+01 2.290135312648702737e+01 2.230966416961156540e+01 2.172782196279425193e+01 2.115568523711910132e+01 2.059308231220393992e+01 2.003981592145390067e+01 1.949566788075085810e+01 1.895728965785957598e+01 1.842277915785552267e+01 1.789810336015714398e+01 1.738233013827857576e+01 1.687557997479681404e+01 1.637695095613911178e+01 1.588661516549706576e+01 1.540369026966038568e+01 1.492839739583608782e+01 1.445988313929948710e+01 1.399841210778102152e+01 1.354316196573535436e+01 1.309387866738611628e+01 1.265088389042939632e+01 1.221340017553885460e+01 1.178122106309633566e+01 1.135471728173885531e+01 1.093314949345239739e+01 1.051691449404569312e+01 1.010473465556773931e+01 9.697591777151895798e+00 9.294788395353366539e+00 8.896770793730951254e+00 8.502858305353370838e+00 8.112945394305842939e+00 7.726932652209964836e+00 7.344726236390460627e+00
3.156065073949044120e+01 3.085818624255859532e+01 3.016250811292471212e+01 2.947421994969063519e+01 2.879385624873681238e+01 2.812188291665147588e+01 2.745869806537333346e+01 2.680463319892211516e+01 2.615995487165189459e+01 2.552486686465042709e+01 2.489951289454613104e+01 2.428397983852942588e+01 2.367830143225633321e+01 2.308246237468997819e+01 2.249640275673180412e+01 2.192002271917903755e+01 2.135318724016829606e+01 2.079573095247642911e+01 2.024746289615973893e+01 1.970817112109320135e+01 1.917762706595853928e+01 1.864895218410821087e+01 1.812832926806877509e+01 1.761744393443240853e+01 1.711446471486182119e+01 1.662048245330099405e+01 1.613366524387653911e+01 1.565517055565408278e+01 1.518317100044252044e+01 1.471837499678953876e+01 1.426050619361912908e+01 1.380878504900804060e+01 1.336296090594839292e+01 1.292331937632518546e+01 1.248912487673287508e+01 1.206069379384502938e+01 1.163679894159004036e+01 1.121830315346824847e+01 1.080504469951597279e+01 1.039582825430104940e+01 9.991556147376606134e+00 9.591574339788680348e+00 9.196285429029746439e+00 8.804525067139424621e+00 8.417242639051117692e+00 8.033812017457337973e+00 7.654676333310851177e+00 7.278682733224023593e+00 6.906822797927381075e+00 6.538486876947584570e+00 6.173604876407928543e+00
2.888581703097379361e+01 2.822137423414611845e+01 2.756553475531221409e+01 2.691862947460462507e+01 2.628092506299859465e+01 2.565262614546755415e+01 2.503387798553656651e+01 2.442476967439006330e+01 2.382533778149869974e+01 2.323557040193075096e+01 2.265541151895189387e+01 2.208476558964969172e+01 2.152350225618924995e+01 2.097146108557286581e+01 2.042845624577296348e+01 1.989428103493964173e+01 1.936871219202589955e+01 1.884845445473290226e+01 1.833267473310233697e+01 1.782598245653471025e+01 1.732800355315049501e+01 1.683792432449095600e+01 1.635585557735279849e+01 1.588100553433340956e+01 1.541352710452433605e+01 1.495265564765611899e+01 1.449858581619063358e+01 1.405058214734989619e+01 1.360839789242624498e+01 1.317228254050269243e+01 1.274154347723063552e+01 1.231597996824457475e+01 1.189588813341055484e+01 1.148061266592308272e+01 1.106999174326876556e+01 1.066435950828767076e+01 1.026309254943236660e+01 9.866061343727913879e+00 9.473144202486611931e+00 9.084715368447008998e+00 8.700186101666357530e+00 8.319459428297284020e+00 7.942443989841640573e+00 7.569550278549915134e+00 7.199710332960950865e+00 6.833844000984435674e+00 6.471385584162758775e+00 6.112777230069466050e+00 5.756947406427672220e+00 5.404853897575693011e+00 5.055418401539347961e+00
2.637357914383014901e+01 2.575229054893540237e+01 2.514038071376990757e+01 2.453793851430759076e+01 2.394500108363679658e+01 2.336155781541796728e+01 2.278755467102327970e+01 2.222289869992231459e+01 2.166746267820430560e+01 2.112108977064447757e+01 2.058359812677628042e+01 2.005478533015222098e+01 1.953443263137239683e+01 1.902211535560724798e+01 1.851143863053451710e+01 1.800967227705981699e+01 1.751645280432002139e+01 1.703100242885163240e+01 1.655340745850673656e+01 1.608291829721019894e+01 1.561965853253127534e+01 1.516290476193745818e+01 1.471282160814950757e+01 1.426871376278917936e+01 1.383033882901648859e+01 1.339791536670696104e+01 1.297078951688619952e+01 1.254876396072999256e+01 1.213210301829420601e+01 1.172018921507853761e+01 1.131286343095093727e+01 1.091042701395743286e+01 1.051229388421730526e+01 1.011833660569871896e+01 9.728435508034852575e+00 9.342931576370361313e+00 8.961270665511829492e+00 8.583358929382248093e+00 8.209106504022576800e+00 7.838887134815299973e+00 7.471709994945916478e+00 7.108419351823743071e+00 6.748488952927949924e+00 6.391854492218572048e+00 6.038927630375034106e+00 5.688711043400951795e+00 5.342097435766778091e+00 4.998563754478436927e+00 4.658061678653408144e+00 4.320544395449200437e+00 3.986460560754533589e+00
2.403819427631034955e+01 2.346131183407126031e+01 2.289370372151008937e+01 2.233527794232631791e+01 2.178590895204367683e+01 2.124544224188987585e+01 2.071369885120078180e+01 2.019047973033655907e+01 1.967556988733443291e+01 1.916874226429265349e+01 1.866544106565126526e+01 1.816921260925234094e+01 1.768060121210499247e+01 1.720038848647510576e+01 1.672748071437828443e+01 1.626155646741624849e+01 1.580271014277540509e+01 1.535026042216357922e+01 1.490393577087659516e+01 1.446389255902191096e+01 1.402989882456221515e+01 1.360091295170934700e+01 1.317755001037111739e+01 1.275962023179227245e+01 1.234653005648551982e+01 1.193811298761951178e+01 1.153421293164510431e+01 1.113468341682866480e+01 1.073980692819278104e+01 1.034904151386062132e+01 9.962688547003256900e+00 9.579804082160748635e+00 9.201122702712771328e+00 8.826132464764636865e+00 8.454745970115119746e+00 8.087306578571045179e+00 7.723314900727080712e+00 7.362273008066933855e+00 7.005397359808602786e+00 6.651342066145615739e+00 6.300474871146669820e+00 5.953177472834690676e+00 5.608524974843839495e+00 5.267346197975040667e+00 4.929155235482204134e+00 4.594357205644668873e+00 4.262012959151524782e+00 3.932525319565164601e+00 3.606317847026860424e+00 3.282896444814862313e+00 2.962224386037055623e+00
2.187968781651685291e+01 2.134535016681347841e+01 2.081957517467000685e+01 2.030216630225747565e+01 1.979291161360729490e+01 1.929158755669265446e+01 1.879584464105947106e+01 1.830463108492817526e+01 1.782159861688439761e+01 1.734605375677638861e+01 1.687802468286132651e+01 1.641721319323334072e+01 1.596259061730034290e+01 1.551498645626717376e+01 1.507302491939124778e+01 1.463720679985114259e+01 1.420730582758782390e+01 1.378234775758945041e+01 1.336288989867142440e+01 1.294874698598990115e+01 1.253936038290884269e+01 1.213456704208311265e+01 1.173421416372139525e+01 1.133815843706956983e+01 1.094665454951391226e+01 1.055919382171090248e+01 1.017604927287050387e+01 9.796340690232343107e+00 9.420743913272014325e+00 9.048777995331921176e+00 8.680358107066174611e+00 8.315797607699513705e+00 7.954630080357318000e+00 7.596391381973306878e+00 7.241804856338756480e+00 6.890815180884341196e+00 6.542567062526599919e+00 6.197807000706943015e+00 5.855678726569041537e+00 5.516944116717963809e+00 5.181152485651773887e+00 4.848259716693909205e+00 4.518643055860239954e+00 4.191427576723482318e+00 3.867414878437818171e+00 3.545719174003346907e+00 3.227160995435044200e+00 2.911277920776775829e+00 2.598035496044450721e+00 2.287849928219352513e+00 1.979795263424423135e+00
1.988724994810322855e+01 1.939162259909691599e+01 1.890277069428869794e+01 1.841746273963528679e+01 1.793983026267983405e+01 1.746952934266786883e+01 1.700656514879357672e+01 1.655064868812102929e+01 1.610081553081921868e+01 1.565781799754253534e+01 1.522037091730341274e+01 1.478927494689484234e+01 1.436326182656758021e+01 1.394281862883740608e+01 1.352739891437377118e+01 1.311681780989323265e+01 1.271125885541793821e+01 1.231020808212289985e+01 1.191351624580956070e+01 1.152140191373443656e+01 1.113337953944088632e+01 1.074932943562977350e+01 1.036913936645701817e+01 9.993064566314640018e+00 9.620650045012567375e+00 9.251805838317455510e+00 8.886447133682928268e+00 8.524858677777768179e+00 8.166244397561081669e+00 7.811261325979009129e+00 7.459482968874674214e+00 7.110849165547100448e+00 6.765674787675254542e+00 6.423166756955229317e+00 6.084018916128533405e+00 5.747812819961428232e+00 5.414503936785257210e+00 5.084049446476187839e+00 4.756407991983717665e+00 4.431929490428006879e+00 4.109801616560737614e+00 3.790769020697895897e+00 3.474407379235309623e+00 3.160683086254004515e+00 2.849563046985518433e+00 2.541014533768357619e+00 2.235005044335298230e+00 1.931927346647452470e+00 1.630909032113411872e+00 1.332773276004588725e+00 1.036622420493162444e+00
1.803609636870610089e+01 1.757120958186403925e+01 1.711347792638537868e+01 1.666261822795290826e+01 1.621804248816432192e+01 1.577948394278552158e+01 1.534701361928224017e+01 1.492007947469573814e+01 1.449878580096469527e+01 1.408227936606328967e+01 1.367134538947059852e+01 1.326482665434451214e+01 1.286321003148808018e+01 1.246601286661872976e+01 1.207308975728710543e+01 1.168463637606753025e+01 1.130019718066278855e+01 1.091965551594923589e+01 1.054290203283662564e+01 1.017016838178216531e+01 9.801028297333024497e+00 9.435394382064590246e+00 9.073183683342332273e+00 8.714656022997434803e+00 8.359070401129457650e+00 8.007032594386721769e+00 7.658144174257264680e+00 7.312346516759024695e+00 6.969928663772048338e+00 6.630153269389687409e+00 6.293660767469876127e+00 5.960061278036318022e+00 5.629311507638936618e+00 5.301369889694572457e+00 4.976196348623787458e+00 4.654112752356507343e+00 4.334366213557686365e+00 4.017643594954336983e+00 3.703551085653021602e+00 3.392056255952360821e+00 3.083127229015603987e+00 2.776732542120371683e+00 2.472841011757683116e+00 2.171812178179510777e+00 1.872842935749384763e+00 1.576687711377763090e+00 1.282928694062024810e+00 9.911272361426368693e-01 7.020729637667483258e-01 4.153322699933167939e-01 1.308779061146460587e-01
1.631464300810889156e+01 1.588100290561601113e+01 1.545329375453647103e+01 1.503099516994138796e+01 1.461419366543377052e+01 1.420239209225242050e+01 1.379540391499625862e+01 1.339305417895713646e+01 1.299548559245899071e+01 1.260224344858763246e+01 1.221349258482395683e+01 1.182879669528455224e+01 1.144772909096136004e+01 1.107109297624575284e+01 1.069786547638405416e+01 1.032856040521067342e+01 9.962780424479992902e+00 9.600440526653605033e+00 9.241460737374580958e+00 8.885765170009495506e+00 8.533598338099920966e+00 8.184584937476287791e+00 7.838664652044577963e+00 7.495780482342622619e+00 7.156195971193052507e+00 6.819229078790877807e+00 6.485467421469975235e+00 6.154549463126711473e+00 5.826433170456298605e+00 5.501078238475271220e+00 5.178445866570645428e+00 4.858830396163496879e+00 4.541537323773642498e+00 4.227196846954575982e+00 3.915445093136588728e+00 3.606250770665342387e+00 3.299583174110065631e+00 2.995412051182102520e+00 2.693707474293771664e+00 2.394797038999820771e+00 2.097944329259907370e+00 1.803837809710997053e+00 1.511723447461099878e+00 1.222311944509093085e+00 9.352098257056420394e-01 6.503909797024181039e-01 3.678292490010864890e-01 8.749838460553195640e-02 -1.906279962444783482e-01 -4.661518676000052652e-01 -7.399358068122769971e-01
1.471017120050317750e+01 1.430285407127669117e+01 1.390051817058930261e+01 1.350243695105364417e+01 1.310901262302220438e+01 1.271981887983244697e+01 1.233500189840086136e+01 1.195415269792287738e+01 1.157687075033105728e+01 1.120389506528891133e+01 1.083427361552316981e+01 1.046847851541049224e+01 1.010613754669152264e+01 9.747168218914781690e+00 9.391493103358911299e+00 9.039326766429281790e+00 8.690028810912846069e+00 8.344112651182628682e+00 8.001231628785511418e+00 7.661622597753733110e+00 7.324652060590977065e+00 6.990855103418098793e+00 6.659599426592443194e+00 6.331431816144816871e+00 6.006016569115662840e+00 5.683314635736515186e+00 5.363592896276944799e+00 5.046210558325617157e+00 4.731742285438272688e+00 4.419542186632749114e+00 4.110197087596435317e+00 3.803367912841006948e+00 3.499025042066869595e+00 3.197139328484857934e+00 2.898007570431259783e+00 2.600955987383480217e+00 2.306609206079061725e+00 2.014282230747385327e+00 1.724615216360643188e+00 1.437250628750331716e+00 1.151812360452869388e+00 8.689717997071046973e-01 5.883572520191608923e-01 3.103143617494718010e-01 3.408498506861205868e-02 -2.399932051350478768e-01 -5.119458420945115495e-01 -7.813926900498824324e-01 -1.049157462739669811e+00 -1.314446608389532090e+00 -1.577688770532504670e+00
1.320410318658572635e+01 1.281930219218754097e+01 1.243824106803477214e+01 1.206131896193692654e+01 1.168816082737807349e+01 1.131866024913842850e+01 1.095298156838234505e+01 1.059076993555618884e+01 1.023194020147975891e+01 9.876412542182343657e+00 9.524112044098318464e+00 9.175234191516260296e+00 8.829183582204317204e+00 8.486432378861108461e+00 8.146657731961697735e+00 7.810076293273517045e+00 7.476100036033647811e+00 7.145221724890689963e+00 6.816854492634353058e+00 6.491502377406614954e+00 6.168853056596472761e+00 5.849147308725951788e+00 5.531794989278820296e+00 5.217037159178699035e+00 4.905125824266710843e+00 4.595748410130088502e+00 4.288587063918925857e+00 3.984186502284358777e+00 3.682231572439849998e+00 3.382990689028313014e+00 3.085847643745353253e+00 2.791067931881790365e+00 2.498931186215953115e+00 2.208803765846698575e+00 1.921275477562740308e+00 1.636015183418884300e+00 1.352998682038827338e+00 1.072201806717794303e+00 7.936003785105478769e-01 5.171701625668000402e-01 2.428868267555261418e-01 -2.927409745033797417e-02 -2.989774997004343016e-01 -5.669562689071271366e-01 -8.325105042030667146e-01 -1.096401848339580987e+00 -1.357897729573481760e+00 -1.617395277126549846e+00 -1.875326391338690835e+00 -2.130901910370853081e+00 -2.384545999924216453e+00
1.178189337879254595e+01 1.141646244398433829e+01 1.105426832496361911e+01 1.069570710462524943e+01 1.034045373803890833e+01 9.988431170648794932e+00 9.639812166604615484e+00 9.294041371744469870e+00 8.951545138414545022e+00 8.612020915129859233e+00 8.275414178114036901e+00 7.941673227816902880e+00 7.611000460843309057e+00 7.282850451142930837e+00 6.957682894542911001e+00 6.635206497173884443e+00 6.315383137206517006e+00 5.998176334630903384e+00 5.683810554438192497e+00 5.371736800538396750e+00 5.062442157304086976e+00 4.755637410621520900e+00 4.451028557209714798e+00 4.149115917661517550e+00 3.849608059375599467e+00 3.552750807373235453e+00 3.257975853958853918e+00 2.965526481850593310e+00 2.675658615330653856e+00 2.387788623908232211e+00 2.102457369145387833e+00 1.819359391287457495e+00 1.538471368861454636e+00 1.259770024473467975e+00 9.832320804402033820e-01 7.088342156803629779e-01 4.365530259939185420e-01 1.663649857423367129e-01 -1.014256409112441748e-01 -3.674885093044087947e-01 -6.311871812506673063e-01 -8.932162130821886814e-01 -1.152910761084156910e+00 -1.410633448821122737e+00 -1.666777193049872929e+00 -1.920627724849954587e+00 -2.172571278044276966e+00 -2.422629276368279960e+00 -2.670823171765623893e+00 -2.917174441338461044e+00 -3.161272772875043824e+00
1.043246346863458740e+01 1.008400403214210783e+01 9.738860719250789444e+00 9.396517145501132262e+00 9.057366005332458059e+00 8.721124436490685028e+00 8.387740237720645808e+00 8.057394257954888062e+00 7.729580822557721831e+00 7.404717096611332039e+00 7.082531863754901735e+00 6.762986568769990825e+00 6.446044446528200744e+00 6.131670328548005422e+00 5.819830458263567152e+00 5.510733474414505118e+00 5.203869796293684402e+00 4.899692549766607286e+00 4.597932737111639412e+00 4.298563247839438439e+00 4.001557581756850723e+00 3.706889738208029250e+00 3.414787601312672116e+00 3.124723238111653423e+00 2.836921442422454920e+00 2.551621135248465677e+00 2.268541736770132822e+00 1.987660674555320917e+00 1.708685145088390644e+00 1.432129826354179070e+00 1.157704756041888272e+00 8.856708517927985858e-01 6.154447874420853060e-01 3.472821782146901515e-01 8.116026261082992521e-02 -1.826372186395266717e-01 -4.447366843865667718e-01 -7.045432786505154699e-01 -9.623842487495128939e-01 -1.218609942851710315e+00 -1.472587371368988540e+00 -1.724661921576834622e+00 -1.974854351697438837e+00 -2.223185459785312013e+00 -2.469676080822060360e+00 -2.714347080672561585e+00 -2.957219352881014895e+00 -3.197913333797503643e+00 -3.437237838018629699e+00 -3.674825342213696722e+00 -3.910266011039088774e+00
9.147386459443996642e+00 8.814478286906910043e+00 8.484367241877231791e+00 8.157218400974393546e+00 7.832563245667357066e+00 7.510785332835831163e+00 7.191632655796816209e+00 6.875068094075119873e+00 6.561056252478757678e+00 6.249563275824820963e+00 5.940556672329936561e+00 5.634228648323389876e+00 5.330329521995109232e+00 5.028607468494685762e+00 4.729482924344901917e+00 4.432706177463336061e+00 4.138251701416299611e+00 3.846326351954503231e+00 3.556445100920840208e+00 3.268812753086257850e+00 2.983644715073394238e+00 2.700443396020882680e+00 2.419666025644489515e+00 2.141051306775521468e+00 1.864577550860371247e+00 1.590223123371916403e+00 1.317966401679977695e+00 1.047785736066750850e+00 7.796594124864628661e-01 5.138340448320425358e-01 2.497579122688706743e-01 -1.232875012939229492e-02 -2.721622301311423797e-01 -5.300379467924618559e-01 -7.862683836303386853e-01 -1.040292743981900081e+00 -1.292419990120780682e+00 -1.542670216045003428e+00 -1.791063561231931223e+00 -2.037620209124450632e+00 -2.282360384667426079e+00 -2.525304351178887075e+00 -2.766472404385780681e+00 -3.005884869123887526e+00 -3.243562092860777124e+00 -3.479141714584118361e+00 -3.713395996879461869e+00 -3.945575647273011910e+00 -4.176484745941222876e+00 -4.405339453482570278e+00 -4.632980760507913409e+00
7.920396324805408561e+00 7.601551771148773895e+00 7.285476956347363142e+00 6.971938049880675337e+00 6.661102523877079129e+00 6.352537016450567897e+00 6.046410177961928589e+00 5.742897994203119083e+00 5.441563079415408843e+00 5.142790612793103122e+00 4.846348709421413936e+00 4.552212224225050896e+00 4.260356590174643188e+00 3.970971884654730832e+00 3.683609253477165169e+00 3.398456870330043955e+00 3.115712837361477749e+00 2.835138460236674263e+00 2.556489610804154822e+00 2.280189619717785110e+00 2.005995684794710243e+00 1.733886933013508491e+00 1.463842505480620115e+00 1.195841519508789252e+00 9.301048958914408527e-01 6.661334528375071340e-01 4.041431571007811363e-01 1.443679492902259776e-01 -1.137159448535928763e-01 -3.696161424991590283e-01 -6.236071862280727629e-01 -8.759812924008008039e-01 -1.126216718178283616e+00 -1.374601982583824933e+00 -1.621156647263789496e+00 -1.865900321990912492e+00 -2.108852662780763332e+00 -2.350033368999434380e+00 -2.589462179626199401e+00 -2.827158867121118746e+00 -3.062804052952605272e+00 -3.297084445052480106e+00 -3.529691244570516862e+00 -3.760278301527492761e+00 -3.989583415931379218e+00 -4.216889632824822876e+00 -4.442580719245422749e+00 -4.667066902512676307e+00 -4.889585810437193203e+00 -5.110542954600921561e+00 -5.330376386065891481e+00
6.746424439353591040e+00 6.440826281758117666e+00 6.137807985134832833e+00 5.836965483346637562e+00 5.538650009668760532e+00 5.242646794947082078e+00 4.948931001984906430e+00 4.657478450420454941e+00 4.368265517073335324e+00 4.081269040946745363e+00 3.796666020978077150e+00 3.514037911958902693e+00 3.233762697702488698e+00 2.955416009602700012e+00 2.679384418246480326e+00 2.405444201395218418e+00 2.133575169605844035e+00 1.863757186397747123e+00 1.595970130552410549e+00 1.330193859915690613e+00 1.066630258464242420e+00 8.048199260912208830e-01 5.449602605084242768e-01 2.872648141246506581e-01 3.125212392939219486e-02 -2.226273789772093559e-01 -4.746265153747537546e-01 -7.250138459351465059e-01 -9.733127363749565220e-01 -1.219788496925442223e+00 -1.464460126034881071e+00 -1.707346673136525883e+00 -1.948467237183299616e+00 -2.187840964415512790e+00 -2.425487045212335158e+00 -2.661124791926421818e+00 -2.895363696823808120e+00 -3.127931897936838901e+00 -3.358526630183740203e+00 -3.587799446287445626e+00 -3.815121684651398226e+00 -4.041173001034687573e+00 -4.265294182134290679e+00 -4.488197578730914294e+00 -4.709188701306223912e+00 -4.928638732878136253e+00 -5.146564807400775265e+00 -5.363373836482745460e+00 -5.578309214221295775e+00 -5.791771867718349398e+00 -6.003778566382814930e+00
5.621595820541238631e+00 5.328400568731352038e+00 5.037449464654724096e+00 4.748719266113544002e+00 4.462368250709777051e+00 4.178014562266186616e+00 3.895815349732392630e+00 3.615935001331485488e+00 3.337983915269838064e+00 3.062313966276799970e+00 2.788719450040684222e+00 2.517180800810069563e+00 2.247678542255450829e+00 1.980193249098233910e+00 1.714705511081576983e+00 1.451195899581464666e+00 1.189644935179950069e+00 9.302406247102084080e-01 6.725534035395752674e-01 4.169802577480330452e-01 1.630803877504771737e-01 -8.873603989494163735e-02 -3.389256676369496457e-01 -5.870603633735134164e-01 -8.333807072844570119e-01 -1.077905097235122067e+00 -1.320651984061795625e+00 -1.561639871191333517e+00 -1.800887314041275111e+00 -2.038412917801472712e+00 -2.274235334929098240e+00 -2.508100652950392195e+00 -2.740564136917755356e+00 -2.971379848564067672e+00 -3.200273968718363005e+00 -3.427839683663735038e+00 -3.653507119300206440e+00 -3.877894909202083795e+00 -4.100405447421988647e+00 -4.321687128360790275e+00 -4.541110161707281989e+00 -4.759012998240129910e+00 -4.975412404002968358e+00 -5.190679628711504456e+00 -5.404127842891483624e+00 -5.616122764025959668e+00 -5.826680808648224463e+00 -6.035818294623744862e+00 -6.243551437713925623e+00 -6.449896348912535160e+00 -6.654869031359914366e+00
4.542886303206415732e+00 4.261210014613347141e+00 3.981818330184133892e+00 3.704354591893306292e+00 3.429137896023457532e+00 3.155806189935747685e+00 2.884686322661168312e+00 2.615586560912486203e+00 2.348488095654829522e+00 2.083372161866479999e+00 1.820220004552962845e+00 1.559198103395833090e+00 1.299920796114608423e+00 1.042551335345129893e+00 7.872643123931730713e-01 5.336588951255735180e-01 2.821049430502697297e-01 3.218933256484245858e-02 -2.157039637798205123e-01 -4.617929200258580891e-01 -7.060953491208195043e-01 -9.486291168344952451e-01 -1.189412142566307340e+00 -1.428462399574089714e+00 -1.665797913956754916e+00 -1.901436763423497434e+00 -2.135397074818845997e+00 -2.367697021124397949e+00 -2.598100247200256341e+00 -2.827125602466776577e+00 -3.054544589289651668e+00 -3.280101046077287030e+00 -3.504351603622136935e+00 -3.726762041123335756e+00 -3.947623447559513110e+00 -4.167246816075089733e+00 -4.385063664945586304e+00 -4.601381410395278593e+00 -4.816532564739860689e+00 -5.029906153338074226e+00 -5.241829938838648673e+00 -5.452320080532962798e+00 -5.661392646472616086e+00 -5.869063609457430886e+00 -6.075348842863343535e+00 -6.280264117473723040e+00 -6.483825099049170149e+00 -6.686047345530846897e+00 -6.886946305417913194e+00 -7.086149073305064050e+00 -7.284438751750683672e+00
3.507233554449688206e+00 3.236621509882251502e+00 2.967851428553776927e+00 2.701226254053911369e+00 2.436567513883335589e+00 2.173857081915103961e+00 1.913245508140261064e+00 1.654380251866366613e+00 1.397409333879832793e+00 1.142489500868018037e+00 8.892568386937070857e-01 6.380441706903594579e-01 3.884782394226170554e-01 1.409027749645994643e-01 -1.048795132122443130e-01 -3.490774085351218137e-01 -5.913279897060486068e-01 -8.318377571103170443e-01 -1.070624137444967872e+00 -1.307704613211281952e+00 -1.543096721959095863e+00 -1.776818054998215990e+00 -2.008664146533929440e+00 -2.239090279121566773e+00 -2.467898056893357950e+00 -2.694868154469348909e+00 -2.920484129943129226e+00 -3.144534363559622570e+00 -3.366779923660384810e+00 -3.587482565386478583e+00 -3.806920605537058133e+00 -4.024589290775517192e+00 -4.240764032557197361e+00 -4.455741628150895473e+00 -4.668980929760250476e+00 -4.880774725664666747e+00 -5.091138911230514985e+00 -5.300089298725579212e+00 -5.507641612520842500e+00 -5.713811484468481083e+00 -5.918614450178029784e+00 -6.122065945169580914e+00 -6.324181301972209290e+00 -6.524975747926436753e+00 -6.724464402671655350e+00 -6.922662276738158482e+00 -7.119224928363508731e+00 -7.314877483136084102e+00 -7.509283263242587658e+00 -7.702083189003183783e+00 -7.894029782737024270e+00
2.512268418416469196e+00 2.251996681494972119e+00 1.993777264700282714e+00 1.737284380661503258e+00 1.482653632641016461e+00 1.230028818439755867e+00 9.790734281507257331e-01 7.300936913601361322e-01 4.827443710915754194e-01 2.373418313278747860e-01 -6.296832671614453758e-03 -2.481883864978552678e-01 -4.885290710977297501e-01 -7.269799793437525803e-01 -9.637348488644545963e-01 -1.198810685880999483e+00 -1.432030075370176680e+00 -1.663794081004578818e+00 -1.893929855336624613e+00 -2.122454591426083503e+00 -2.349173735733866231e+00 -2.574521038002211881e+00 -2.798308489794608001e+00 -3.020325082933166705e+00 -3.241035963408297249e+00 -3.459998771713420851e+00 -3.677457745639395981e+00 -3.893673819825837601e+00 -4.108175866166147827e+00 -4.321221799560211352e+00 -4.532827313424187210e+00 -4.743275806069233269e+00 -4.952051803731735369e+00 -5.159434321950753244e+00 -5.365438747094458449e+00 -5.570080376465703864e+00 -5.773374414394504051e+00 -5.975335968525482322e+00 -6.175980046585326733e+00 -6.375009176156928525e+00 -6.573055947668525079e+00 -6.769829318277892583e+00 -6.965343867249698562e+00 -7.159614064426795821e+00 -7.352314639799488738e+00 -7.544130686907006833e+00 -7.734399066912574838e+00 -7.923816312892391522e+00 -8.112059137154082222e+00 -8.298779450644200750e+00 -8.484704895581195672e+00
1.555990374671438303e+00 1.305692129677447300e+00 1.057045342121717635e+00 8.103303950169750136e-01 5.652292677750037075e-01 3.220317429587374325e-01 8.056888610136470064e-02 -1.591756037782742217e-01 -3.972180820940451884e-01 -6.335749598225168810e-01 -8.682627043101199815e-01 -1.101297839027469472e+00 -1.332696942863494050e+00 -1.562476648982388250e+00 -1.790653642975315041e+00 -2.017244660777764320e+00 -2.242071742817426383e+00 -2.465534621568675089e+00 -2.687258909159098152e+00 -2.907658883627636470e+00 -3.126344035129605459e+00 -3.343746316091071424e+00 -3.559455827827004981e+00 -3.773699908928195512e+00 -3.986722612615963612e+00 -4.198085426082698746e+00 -4.408029297601289365e+00 -4.616569508645639530e+00 -4.823721269290547120e+00 -5.029499712626609664e+00 -5.233919890169690170e+00 -5.436996767127900476e+00 -5.638745218243005120e+00 -5.839180024193060703e+00 -6.038315868195675229e+00 -6.236167333071497509e+00 -6.432748899052572966e+00 -6.628074941773993700e+00 -6.821859790482434960e+00 -7.014710155473983022e+00 -7.206347153196088762e+00 -7.396471977740635140e+00 -7.585715842695361921e+00 -7.773787469727766464e+00 -7.960373020526478882e+00 -8.146131931324973152e+00 -8.330423941478287020e+00 -8.513922381121147964e+00 -8.695971860558815436e+00 -8.877261089584209230e+00 -9.057118014218962898e+00
6.362556522658607827e-01 3.952927081127285414e-01 1.560353366450850376e-01 -8.168100148882434519e-02 -3.175770723844361099e-01 -5.518156600407467804e-01 -7.844128045698767204e-01 -1.015224748520679787e+00 -1.244583560858908866e+00 -1.472348948439294869e+00 -1.698537151703226611e+00 -1.922991656795253856e+00 -2.146068890531511286e+00 -2.367617413808000393e+00 -2.587468169309282473e+00 -2.806001521835809420e+00 -3.022860759572783884e+00 -3.238442550074557502e+00 -3.452372281461845827e+00 -3.664859194111762086e+00 -3.875918403596208428e+00 -4.085777631206769733e+00 -4.294029871298206125e+00 -4.500899682786984712e+00 -4.706401941343631101e+00 -4.910551448840583255e+00 -5.113362928258568196e+00 -5.314851019247008423e+00 -5.515030274038627667e+00 -5.713915153577941552e+00 -5.911520024275558782e+00 -6.107859154995000317e+00 -6.302946714552462026e+00 -6.496526715412819897e+00 -6.689146602804646236e+00 -6.880556498072047944e+00 -7.070488572430524421e+00 -7.259512265944715992e+00 -7.447366549908057465e+00 -7.633769984236674411e+00 -7.819317469724682113e+00 -8.003433658797833417e+00 -8.186725954558056628e+00 -8.368605348806942956e+00 -8.549693097700297173e+00 -8.729385140990551406e+00 -8.908318017641068565e+00 -9.085871137582259394e+00 -9.262372968465081513e+00 -9.438159458241653255e+00 -9.612592957058872400e+00
-2.488017020746602637e-01 -4.808916557205175635e-01 -7.113673762574880266e-01 -9.402445303529340936e-01 -1.167538841456838172e+00 -1.393113030898429860e+00 -1.617284725143817381e+00 -1.839920612914475395e+00 -2.060873990793532506e+00 -2.280480466422559083e+00 -2.498429310938139913e+00 -2.715068411399962578e+00 -2.930073412165587587e+00 -3.143807179510019090e+00 -3.355928895167497927e+00 -3.566630457066031656e+00 -3.775926642314285431e+00 -3.984026418328627361e+00 -4.190559046424767509e+00 -4.395730555889799440e+00 -4.599555493644921000e+00 -4.802048335279519797e+00 -5.003223480235372556e+00 -5.203095247276414703e+00 -5.401677870379556268e+00 -5.598985495035800675e+00 -5.795032174744956244e+00 -5.989831868237491364e+00 -6.183156438085434914e+00 -6.375497695147790189e+00 -6.566632959726340424e+00 -6.756575782290665799e+00 -6.945080708745607012e+00 -7.132671956498626287e+00 -7.319110469886004111e+00 -7.504137832712720169e+00 -7.688302476303141120e+00 -7.871075215778461143e+00 -8.053016496167241911e+00 -8.233584005434522624e+00 -8.413351482488621969e+00 -8.591762170580043545e+00 -8.769112674013380015e+00 -8.945705737340551522e+00 -9.120970049352006725e+00 -9.295208746636628661e+00 -9.468732822228854928e+00 -9.640953689629620627e+00 -9.812182362438383265e+00 -9.982429681829975365e+00 -1.015170636035840523e+01
-1.100953343042105681e+00 -1.324612763058007125e+00 -1.546603537093156788e+00 -1.767222504476844591e+00 -1.986346225948989686e+00 -2.203837499825386015e+00 -2.420011786957542821e+00 -2.634577535729055064e+00 -2.847702052924280913e+00 -3.059562383715444867e+00 -3.269849890798799397e+00 -3.478739944267025930e+00 -3.686421052202835114e+00 -3.892562096133365568e+00 -4.097349103950060467e+00 -4.300796363257168409e+00 -4.502918097638684003e+00 -4.703728461579938624e+00 -4.903241535844026444e+00 -5.101471322812860976e+00 -5.298431742665592026e+00 -5.494136629491514157e+00 -5.688599727904404268e+00 -5.881834690150126832e+00 -6.073633940476065085e+00 -6.264447635747353971e+00 -6.454073296384792435e+00 -6.642524175857128732e+00 -6.829576355940108812e+00 -7.015710521924837906e+00 -7.200466595363373301e+00 -7.384334829167523928e+00 -7.567092369518265471e+00 -7.748496726302878557e+00 -7.929062996052027579e+00 -8.108293976581435913e+00 -8.286456514974728904e+00 -8.463822452096307458e+00 -8.639882221802089646e+00 -8.815176121887947858e+00 -8.989179040556772193e+00 -9.162170592389347945e+00 -9.334161774245639975e+00 -9.505439686504544738e+00 -9.675462673695312432e+00 -9.844517643518999606e+00 -1.001261509082168111e+01 -1.017976538526194830e+01 -1.034626615984901399e+01 -1.051155347322944777e+01 -1.067592412994105011e+01
-1.921890529224213218e+00 -2.137543141573392980e+00 -2.351612238970333557e+00 -2.564393841581961375e+00 -2.775614937465167298e+00 -2.985432940962557069e+00 -3.194015487755577087e+00 -3.401071836614472765e+00 -3.606767780876491969e+00 -3.811117397113699568e+00 -4.014134710227800440e+00 -4.215833688040194538e+00 -4.416228236192126566e+00 -4.615332193216959311e+00 -4.813159325864202920e+00 -5.009723324901310448e+00 -5.205037800926149316e+00 -5.399116280739342244e+00 -5.591972204041986139e+00 -5.783618920345729997e+00 -5.974069686421040970e+00 -6.163131261603867372e+00 -6.351224061645366348e+00 -6.538159834637967904e+00 -6.723735271802392610e+00 -6.908389389194990571e+00 -7.091924467082573180e+00 -7.274125592910502647e+00 -7.455453382275649687e+00 -7.635465923458808035e+00 -7.814634763058688982e+00 -7.992506030913032689e+00 -8.169563348759421473e+00 -8.345339712187765713e+00 -8.520085962701012150e+00 -8.694058899161293041e+00 -8.866777910973663523e+00 -9.038499948513232241e+00 -9.209235779738662586e+00 -9.379249707565147531e+00 -9.548045071580265386e+00 -9.715885903703957993e+00 -9.882782481993707790e+00 -1.004874496222515567e+01 -1.021404780075163288e+01 -1.037817280215839233e+01 -1.054139356716870068e+01 -1.070371977078748671e+01 -1.086516096915644525e+01 -1.102572660043129815e+01 -1.118542598589578319e+01
-2.713232029387642186e+00 -2.921283019741859555e+00 -3.127833106499264382e+00 -3.333031370016099171e+00 -3.536891615285544077e+00 -3.739576643122763500e+00 -3.940804589127675506e+00 -4.140735846863200287e+00 -4.339384012359243314e+00 -4.536762616458386077e+00 -4.732885120273309987e+00 -4.927764911065480646e+00 -5.121415298120844284e+00 -5.313849509376157521e+00 -5.504901339643569536e+00 -5.694938041832713793e+00 -5.883797488833410583e+00 -6.071492547685505059e+00 -6.257843810097583948e+00 -6.443242991112106743e+00 -6.627515546883793185e+00 -6.810472021609771609e+00 -6.992522711400100732e+00 -7.173276742996284483e+00 -7.353153722852077578e+00 -7.531752506878524045e+00 -7.709503049931702989e+00 -7.885992873639954048e+00 -8.061663359418620445e+00 -8.236089587116010691e+00 -8.409500927849911989e+00 -8.582132562705078627e+00 -8.753546511137709984e+00 -8.923978003746180221e+00 -9.093669468691363278e+00 -9.262167651753635766e+00 -9.429714738296134158e+00 -9.596320910077890787e+00 -9.761996229288332216e+00 -9.926992327803512595e+00 -1.009083629363147949e+01 -1.025377898936077337e+01 -1.041583000536475012e+01 -1.057699881513229911e+01 -1.073729477614076444e+01 -1.089672713073310462e+01 -1.105530500704972141e+01 -1.121303742017676619e+01 -1.136993327304516477e+01 -1.152600135777392332e+01 -1.168125035684589541e+01
-3.476660389567062914e+00 -3.677364515209875506e+00 -3.876780040136882821e+00 -4.074920312575460279e+00 -4.271798621525551454e+00 -4.467428192193445113e+00 -4.661822181604406978e+00 -4.854993674460275521e+00 -5.046955679434912412e+00 -5.237721125505969688e+00 -5.427302858792957707e+00 -5.615713639700901538e+00 -5.802795952381027966e+00 -5.988898140425542138e+00 -6.173866877615702187e+00 -6.357536053056272785e+00 -6.540269784007145759e+00 -6.721906684657180442e+00 -6.902270670669961028e+00 -7.081744315537516599e+00 -7.259963657844446416e+00 -7.437320708564898908e+00 -7.613441129789903172e+00 -7.788727377531376561e+00 -7.962793703812271140e+00 -8.135849689629417014e+00 -8.308110212216391233e+00 -8.479177551950419556e+00 -8.649266630187080196e+00 -8.818598934018201163e+00 -8.986762743722302105e+00 -9.153979324353562319e+00 -9.320258757206341116e+00 -9.485611006625658703e+00 -9.650265889490261983e+00 -9.813793760018482359e+00 -9.976423739050158446e+00 -1.013816532812499993e+01 -1.029902791402373197e+01 -1.045902076958224569e+01 -1.061815305433264811e+01 -1.077643381543036938e+01 -1.093387198858352960e+01 -1.109047639903086946e+01 -1.124625576271703764e+01 -1.140121868723699095e+01 -1.155537367318754605e+01 -1.170872911536353556e+01 -1.186129330401285031e+01 -1.201307442638513301e+01 -1.216383830225321105e+01
-4.213523113924787289e+00 -4.407387882671214285e+00 -4.600037792812207371e+00 -4.791485635142898047e+00 -4.981744126176042897e+00 -5.170825904552007302e+00 -5.358593362785462055e+00 -5.545355349290691294e+00 -5.730977822482374862e+00 -5.915473076020278498e+00 -6.098691696372858573e+00 -6.280964323558047901e+00 -6.462145822018650954e+00 -6.642077709814087960e+00 -6.821107339621744536e+00 -6.998906101579245309e+00 -7.175829903054228076e+00 -7.351540685362552452e+00 -7.526403852106336778e+00 -7.700070930865324570e+00 -7.872732655662812107e+00 -8.044584567503594741e+00 -8.215267264338056208e+00 -8.384976323387856922e+00 -8.553913292384191180e+00 -8.721705977430298518e+00 -8.888555719663131072e+00 -9.054472496035790741e+00 -9.219665083335630840e+00 -9.383745808808539479e+00 -9.546922899835063703e+00 -9.709205878451435012e+00 -9.870604153625940569e+00 -1.003112702170008674e+01 -1.019078366704808758e+01 -1.034958316271058898e+01 -1.050753447126684215e+01 -1.066464644554715946e+01 -1.082092782960525135e+01 -1.097638725969122220e+01 -1.113103326526738357e+01 -1.128487427020369260e+01 -1.143791859375973630e+01 -1.159017445193899221e+01 -1.174164995869923445e+01 -1.189235312721560689e+01 -1.204229187141305601e+01 -1.219125040475698540e+01 -1.233968115898811035e+01 -1.248737049863011350e+01 -1.263432594858430669e+01
-4.925367366687604331e+00 -5.112612805968347551e+00 -5.298845499496311895e+00 -5.483945571744905045e+00 -5.667925124661199021e+00 -5.850650497547940532e+00 -6.032420716611027522e+00 -6.213105970227983832e+00 -6.392564402197735696e+00 -6.571110072414839465e+00 -6.748447774353422801e+00 -6.924899271042146864e+00 -7.100160802030344165e+00 -7.274562712682046239e+00 -7.447791787979167744e+00 -7.620187864620266538e+00 -7.791427340234413634e+00 -7.961687902091888702e+00 -8.131152355675688170e+00 -8.299485894003437281e+00 -8.466871199933098779e+00 -8.633318254177449802e+00 -8.799016079705449300e+00 -8.963616407953328036e+00 -9.127307832463797510e+00 -9.290099888104609960e+00 -9.452001998617415524e+00 -9.613023476819240187e+00 -9.773362274565259966e+00 -9.932650784506645181e+00 -1.009108602844198899e+01 -1.024867688308232161e+01 -1.040543211745686492e+01 -1.056136039369450685e+01 -1.071647026795704072e+01 -1.087077019136341072e+01 -1.102426851105929373e+01 -1.117697347123629115e+01 -1.132869220132391597e+01 -1.147983296618514792e+01 -1.163020437909913340e+01 -1.177981428004226316e+01 -1.192867041188903521e+01 -1.207678042192427803e+01 -1.222415186300558787e+01 -1.237058391012912928e+01 -1.251649788781925210e+01 -1.266169525558910181e+01 -1.280618319768379010e+01 -1.294975738879133331e+01 -1.309284458295001841e+01
-5.613274238241936942e+00 -5.794501569641123062e+00 -5.974650544122096285e+00 -6.153594910943551710e+00 -6.331617451311056577e+00 -6.508454326026309467e+00 -6.684395202900854649e+00 -6.859168547769801449e+00 -7.033071734560043531e+00 -7.205824694271445452e+00 -7.377733350931658940e+00 -7.548508235029654401e+00 -7.718464698602758745e+00 -7.887302969704780509e+00 -8.055188228241426884e+00 -8.222291018113018879e+00 -8.388300182382483428e+00 -8.553386001776786429e+00 -8.717558125425508564e+00 -8.880826093323626935e+00 -9.043367173784281121e+00 -9.204855497418364507e+00 -9.365467705580799773e+00 -9.525212904847599305e+00 -9.684100094088039512e+00 -9.842138165052819687e+00 -9.999335902964476830e+00 -1.015570198713263927e+01 -1.031124499177314391e+01 -1.046597338680940581e+01 -1.061989553870673220e+01 -1.077301971144333415e+01 -1.092535406747177085e+01 -1.107690666881138419e+01 -1.122768547809363326e+01 -1.137769835973904620e+01 -1.152695308112065931e+01 -1.167526993052685924e+01 -1.182302921640210336e+01 -1.197005295350240672e+01 -1.211634852915545935e+01 -1.226192323983932653e+01 -1.240659293855320300e+01 -1.255074488192438409e+01 -1.269419717857424246e+01 -1.283695677054059558e+01 -1.297883570278083276e+01 -1.312022734540475177e+01 -1.326094645375270531e+01 -1.340080308412393606e+01 -1.354019349631654556e+01
-6.278915514490793548e+00 -6.454181879700948699e+00 -6.628558850112263201e+00 -6.801796567911307712e+00 -6.974170079142927747e+00 -7.145421311828849653e+00 -7.315833531377249344e+00 -7.485139623564260880e+00 -7.653488435214582886e+00 -7.821033381347927360e+00 -7.987497447160083475e+00 -8.153033861160125184e+00 -8.317652267188384130e+00 -8.481511571805928185e+00 -8.644322767067265545e+00 -8.806244310522641783e+00 -8.967285420436081012e+00 -9.127455208885757898e+00 -9.286919925075942217e+00 -9.445374645992911766e+00 -9.602984819424868590e+00 -9.759759137778779348e+00 -9.915706189648652469e+00 -1.007083446042942043e+01 -1.022515233310182836e+01 -1.037866808899357096e+01 -1.053138990872819925e+01 -1.068332587304300141e+01 -1.083448396381200851e+01 -1.098487206506698222e+01 -1.113432758646684739e+01 -1.128319730582533431e+01 -1.143132000895101896e+01 -1.157870319581556728e+01 -1.172535427412287667e+01 -1.187128056052763014e+01 -1.201631413400621007e+01 -1.216081018572687711e+01 -1.230460273887146272e+01 -1.244769875425892991e+01 -1.258992727800687916e+01 -1.273164811550593178e+01 -1.287269265688492226e+01 -1.301288850076962866e+01 -1.315259729716957970e+01 -1.329164928703442605e+01 -1.342986984129982808e+01 -1.356762402588342198e+01 -1.370474017588840532e+01 -1.384104061096582683e+01 -1.397689546796175009e+01
-6.923240198114172017e+00 -7.092976486729403618e+00 -7.261879422158577846e+00 -7.429703496566415488e+00 -7.596586367870978407e+00 -7.762670191555459454e+00 -7.927699849592863224e+00 -8.091817252260032234e+00 -8.255031822567529431e+00 -8.417491080172382567e+00 -8.578928182316229112e+00 -8.739490156511269703e+00 -8.899186010228845589e+00 -9.058024647325119361e+00 -9.216014868317298436e+00 -9.373165370728575141e+00 -9.529484749636232266e+00 -9.685129656792748065e+00 -9.839813059675012852e+00 -9.993690587456002916e+00 -1.014677043318969751e+01 -1.029906069094722554e+01 -1.045041598500534086e+01 -1.060114967921469642e+01 -1.075111739799559984e+01 -1.090032684553892395e+01 -1.104878563160957405e+01 -1.119650127261411754e+01 -1.134348119279694345e+01 -1.148973272527563694e+01 -1.163510327619779972e+01 -1.177991771974171797e+01 -1.192402513242368833e+01 -1.206743249106210492e+01 -1.221014668756240695e+01 -1.235201035034585892e+01 -1.249335613336397444e+01 -1.263402880599424627e+01 -1.277386973278761673e+01 -1.291321308056265771e+01 -1.305190262600299178e+01 -1.318977775946418873e+01 -1.332717559298574983e+01 -1.346393822158895048e+01 -1.359990231208341882e+01 -1.373540942925053621e+01 -1.387013002839297826e+01 -1.400440495598700608e+01 -1.413790478439422138e+01 -1.427097025762283522e+01 -1.440327145460742742e+01
-7.547395923945240170e+00 -7.712007072260020912e+00 -7.875590359401114071e+00 -8.038276784808790154e+00 -8.200075552933244083e+00 -8.360995766595761935e+00 -8.521174209795219667e+00 -8.680364652024856298e+00 -8.838703294954218137e+00 -8.996198836152331069e+00 -9.152859872405977981e+00 -9.308694900058721799e+00 -9.463712315524103857e+00 -9.617920415836096026e+00 -9.771327399201602759e+00 -9.923941365723084829e+00 -1.007577031812087576e+01 -1.022682216247221554e+01 -1.037710470910734095e+01 -1.052662567348947142e+01 -1.067539267711775253e+01 -1.082341324853540776e+01 -1.097069482432792853e+01 -1.111724475022251113e+01 -1.126307028214788986e+01 -1.140803148593462168e+01 -1.155242784847352411e+01 -1.169612095908544980e+01 -1.183911772223563652e+01 -1.198127605019568520e+01 -1.212289837985764152e+01 -1.226384446544700246e+01 -1.240412087830610410e+01 -1.254358222380195187e+01 -1.268253621401745868e+01 -1.282083965092794209e+01 -1.295834538836799332e+01 -1.309536367324727735e+01 -1.323174982116557175e+01 -1.336735425498364194e+01 -1.350249112515644967e+01 -1.363685825024535347e+01 -1.377076896057331190e+01 -1.390392132391333746e+01 -1.403662841192702260e+01 -1.416874367316093064e+01 -1.430011342594803381e+01 -1.443105791141172034e+01 -1.456126684540713967e+01 -1.469106172312221048e+01 -1.482013044249134737e+01
-8.152583449252571057e+00 -8.312092042616191279e+00 -8.470863244042021734e+00 -8.628671352884841994e+00 -8.785641978457546131e+00 -8.941783614092175370e+00 -9.097104654800197920e+00 -9.251613397668380756e+00 -9.405318042312503124e+00 -9.558226691503765693e+00 -9.710347351690909790e+00 -9.861687933720467925e+00 -1.001225625357933424e+01 -1.016206003312895589e+01 -1.031110690096983085e+01 -1.045940439328501448e+01 -1.060695995482787524e+01 -1.075378093980494931e+01 -1.089987461291686266e+01 -1.104511485266658433e+01 -1.118977378226176711e+01 -1.133372658164686975e+01 -1.147698016478202376e+01 -1.161954136143572391e+01 -1.176128045064811722e+01 -1.190247509551126903e+01 -1.204299724941679628e+01 -1.218285341326888727e+01 -1.232191087279984032e+01 -1.246045198514117303e+01 -1.259834603148208032e+01 -1.273545874083035301e+01 -1.287207464912132160e+01 -1.300806172043081510e+01 -1.314328351314135013e+01 -1.327802798057792799e+01 -1.341201906630379881e+01 -1.354554383484070357e+01 -1.367846864129309026e+01 -1.381065397712605680e+01 -1.394239244836691860e+01 -1.407340197648555069e+01 -1.420397561855884305e+01 -1.433383030973471861e+01 -1.446326009767212639e+01 -1.459198039411678316e+01 -1.472028678878423769e+01 -1.484789261949903860e+01 -1.497509558442637712e+01 -1.510160638044516013e+01 -1.522757796579496059e+01
-8.739809327008291717e+00 -8.894587360860509051e+00 -9.048558696120084122e+00 -9.201731432610444017e+00 -9.354113575128977232e+00 -9.505713034041640697e+00 -9.656537625908507394e+00 -9.806595074109702992e+00 -9.955893009615344624e+00 -1.010443897175393069e+01 -1.025224040899368916e+01 -1.039930467985705675e+01 -1.054563905382031486e+01 -1.069125071223128565e+01 -1.083614674931654065e+01 -1.098021102715189201e+01 -1.112369525301233075e+01 -1.126648454690766243e+01 -1.140858566178438238e+01 -1.155000526861056365e+01 -1.169062360550404023e+01 -1.183069802684372007e+01 -1.197011037828164604e+01 -1.210874003581669633e+01 -1.224684516208569818e+01 -1.238430694080142835e+01 -1.252113149368890177e+01 -1.265719445676744037e+01 -1.279276024077254448e+01 -1.292757676244193910e+01 -1.306190704429638139e+01 -1.319562939367353316e+01 -1.332861733267503368e+01 -1.346113805686981912e+01 -1.359293539095273395e+01 -1.372427633201382946e+01 -1.385490439262968287e+01 -1.398508685075229074e+01 -1.411456643167348979e+01 -1.424361118157722927e+01 -1.437196255404658984e+01 -1.449988986136264657e+01 -1.462713278921111737e+01 -1.475396242670704972e+01 -1.488011618115012880e+01 -1.500586744491779001e+01 -1.513095081922535101e+01 -1.525550695456577799e+01 -1.537967386850304052e+01 -1.550318690711497460e+01 -1.562632159978362267e+01
-9.309913082073522972e+00 -9.460194654410237547e+00 -9.609714463980644439e+00 -9.758480048599396994e+00 -9.906498856066015435e+00 -1.005377824494774330e+01 -1.020032548535407990e+01 -1.034614775982078427e+01 -1.049125216417490947e+01 -1.063564570852170377e+01 -1.077933531814081647e+01 -1.092221446266263207e+01 -1.106451519386100557e+01 -1.120613219162553165e+01 -1.134707204918156975e+01 -1.148734128005546573e+01 -1.162682973104131712e+01 -1.176577515550801323e+01 -1.190406893759027795e+01 -1.204159997814939054e+01 -1.217860703920584875e+01 -1.231498074608379767e+01 -1.245060856790480130e+01 -1.258573126022336197e+01 -1.272023821883762729e+01 -1.285401496802042942e+01 -1.298730529459589711e+01 -1.311987685621379462e+01 -1.325197272457951314e+01 -1.338348078194105639e+01 -1.351428381569997583e+01 -1.364462971129614566e+01 -1.377428079349585666e+01 -1.390348535592843504e+01 -1.403200483312071967e+01 -1.416008837983242508e+01 -1.428749609000772303e+01 -1.441447844303921499e+01 -1.454079373027928668e+01 -1.466669423207576628e+01 -1.479193596092340179e+01 -1.491664884701505045e+01 -1.504096005959334903e+01 -1.516462677736879883e+01 -1.528790240404024381e+01 -1.541054068101844976e+01 -1.553267214839299193e+01 -1.565442563371456686e+01 -1.577555440975078760e+01 -1.589618894738830157e+01 -1.601645864135343444e+01
-9.863894543631154477e+00 -1.000989957966145738e+01 -1.015518482244439724e+01 -1.029975728031267579e+01 -1.044362387724472896e+01 -1.058679145377272235e+01 -1.072926676790470424e+01 -1.087095249003971276e+01 -1.101206183826145946e+01 -1.115249864186148443e+01 -1.129226933585797354e+01 -1.143138027777215804e+01 -1.156973054048455296e+01 -1.170753904824143987e+01 -1.184470633827476860e+01 -1.198113046949509197e+01 -1.211703154283449102e+01 -1.225230925605673882e+01 -1.238686020554761846e+01 -1.252090657910094329e+01 -1.265434680096839948e+01 -1.278707552973882855e+01 -1.291931800192587865e+01 -1.305086007581488872e+01 -1.318192646617513120e+01 -1.331241398187034086e+01 -1.344221452822062446e+01 -1.357155752397518889e+01 -1.370022347097508408e+01 -1.382844230664818497e+01 -1.395599355568754163e+01 -1.408310809407211472e+01 -1.420956405182637639e+01 -1.433559367386333960e+01 -1.446097326643057457e+01 -1.458582259139915038e+01 -1.471025857341488674e+01 -1.483405901608347577e+01 -1.495745644236976268e+01 -1.508022578842102845e+01 -1.520248698180022551e+01 -1.532435806935177958e+01 -1.544561400270899298e+01 -1.556637440211536827e+01 -1.568675758658801200e+01 -1.580653763297564041e+01 -1.592583431175601660e+01 -1.604476667679048774e+01 -1.616310702143941924e+01 -1.628097573222209249e+01 -1.639849307505020093e+01
-1.040258122080710024e+01 -1.054451588938844608e+01 -1.068576994372481792e+01 -1.082634989701380945e+01 -1.096616578359122407e+01 -1.110541536905485138e+01 -1.124400985786233065e+01 -1.138195545303621969e+01 -1.151916004422738737e+01 -1.165582455178670251e+01 -1.179185825443661351e+01 -1.192726706087170996e+01 -1.206195594720666975e+01 -1.219613054549600051e+01 -1.232959711265935177e+01 -1.246256003518929667e+01 -1.259492638374887186e+01 -1.272659958205878361e+01 -1.285778705874260552e+01 -1.298829214239830598e+01 -1.311832191291319560e+01 -1.324778174612907478e+01 -1.337657231493884424e+01 -1.350490527484016390e+01 -1.363257861125932635e+01 -1.375980459228219210e+01 -1.388638015504836609e+01 -1.401251856841188648e+01 -1.413801533519198372e+01 -1.426298059128473561e+01 -1.438752160475699071e+01 -1.451143562632785944e+01 -1.463493550932906118e+01 -1.475781613140161319e+01 -1.488029271486595739e+01 -1.500215733840019183e+01 -1.512352114675054260e+01 -1.524449364018663111e+01 -1.536486673433256200e+01 -1.548475136748231762e+01 -1.560425736922844919e+01 -1.572317566772769126e+01 -1.584161741888932617e+01 -1.595969321159507892e+01 -1.607719214309373967e+01 -1.619422601953316843e+01 -1.631079856508713277e+01 -1.642702037968395956e+01 -1.654268016014588838e+01 -1.665788956935910647e+01 -1.677265216006723492e+01
-1.092674787875956000e+01 -1.106471622035044433e+01 -1.120212830760907252e+01 -1.133890233459561259e+01 -1.147504427929040283e+01 -1.161046881879871506e+01 -1.174536264819471043e+01 -1.187964182917175471e+01 -1.201321978497190912e+01 -1.214628493068585513e+01 -1.227875223167713870e+01 -1.241053346384176415e+01 -1.254181956131077413e+01 -1.267243044623940484e+01 -1.280255652885779938e+01 -1.293211141204404235e+01 -1.306100456631995499e+01 -1.318943029564284686e+01 -1.331720408403656286e+01 -1.344452057633471043e+01 -1.357119449894699237e+01 -1.369742118699397615e+01 -1.382301426277949474e+01 -1.394817010974109550e+01 -1.407270089007025504e+01 -1.419670817502925964e+01 -1.432029098580253290e+01 -1.444326292474807438e+01 -1.456582027273158886e+01 -1.468777430615369184e+01 -1.480932361842544509e+01 -1.493027676473185394e+01 -1.505073644397563903e+01 -1.517080393002704142e+01 -1.529028745710541415e+01 -1.540928960791707070e+01 -1.552791203399888254e+01 -1.564596188735313831e+01 -1.576354202640953339e+01 -1.588075487899591209e+01 -1.599740573403910027e+01 -1.611359812654556833e+01 -1.622933570414982185e+01 -1.634472099190088556e+01 -1.645955870716242941e+01 -1.657395234057722888e+01 -1.668790537278194108e+01 -1.680152110644891650e+01 -1.691460235318313821e+01 -1.702725324303412080e+01 -1.713947709915759532e+01
-1.143703443979058143e+01 -1.157139439001408832e+01 -1.170505979573823474e+01 -1.183820382882997535e+01 -1.197074898913126617e+01 -1.210261499240345628e+01 -1.223397707755958841e+01 -1.236467093511587301e+01 -1.249487114555101286e+01 -1.262449912502533245e+01 -1.275347266566488713e+01 -1.288196964452081161e+01 -1.300982209046918037e+01 -1.313720799833355990e+01 -1.326395888013120583e+01 -1.339025316237268370e+01 -1.351592152992222040e+01 -1.364114316177446717e+01 -1.376574759754964283e+01 -1.388991509804152535e+01 -1.401347373019127573e+01 -1.413660517611380740e+01 -1.425913569136947068e+01 -1.438115938217904244e+01 -1.450276838729664242e+01 -1.462378966466640762e+01 -1.474440589308427718e+01 -1.486444139542127729e+01 -1.498399078340964152e+01 -1.510314744613610749e+01 -1.522173524801287314e+01 -1.533984876429013156e+01 -1.545758180153508832e+01 -1.557475706466576426e+01 -1.569146945372248680e+01 -1.580781356130952453e+01 -1.592361021198112425e+01 -1.603895500090317938e+01 -1.615385149953639399e+01 -1.626839447297787444e+01 -1.638240402530466255e+01 -1.649597579477132570e+01 -1.660911319017788657e+01 -1.672181958132036073e+01 -1.683418971116196516e+01 -1.694604330114036372e+01 -1.705747580405817487e+01 -1.716849043850714907e+01 -1.727909038681406528e+01 -1.738937132438536182e+01 -1.749915071980367998e+01
-1.193421173886020092e+01 -1.206504356403973510e+01 -1.219521761395543358e+01 -1.232489659585569086e+01 -1.245392818723579609e+01 -1.258247475600579968e+01 -1.271038393159478019e+01 -1.283781801981653459e+01 -1.296462432958701427e+01 -1.309096538599494330e+01 -1.321676806257534054e+01 -1.334195490348628788e+01 -1.346661222572517680e+01 -1.359082369798908907e+01 -1.371443397784454277e+01 -1.383760799832517030e+01 -1.396018894418769740e+01 -1.408234316259113328e+01 -1.420391205413509894e+01 -1.432506370391775263e+01 -1.444563740436742449e+01 -1.456572034975395979e+01 -1.468539828417073068e+01 -1.480451055492983059e+01 -1.492314406273256822e+01 -1.504138467093905085e+01 -1.515907115087573764e+01 -1.527629043611227289e+01 -1.539312883906221607e+01 -1.550942391122319108e+01 -1.562526295121597286e+01 -1.574073306036871500e+01 -1.585566990663755860e+01 -1.597016149500957205e+01 -1.608421132107771001e+01 -1.619790672328803538e+01 -1.631108252204269249e+01 -1.642382684153031747e+01 -1.653614301902768702e+01 -1.664811921115404303e+01 -1.675958825462162238e+01 -1.687063897607630025e+01 -1.698127456342395902e+01 -1.709149816873609851e+01 -1.720131290873905883e+01 -1.731080714400092191e+01 -1.741981283859697882e+01 -1.752841884295635566e+01 -1.763662813694433495e+01 -1.774444366755107794e+01 -1.785186834935484157e+01
-1.241891212407935363e+01 -1.254630091667315384e+01 -1.267321326524957215e+01 -1.279950791368852947e+01 -1.292533582288193195e+01 -1.305055517198793780e+01 -1.317531738759716298e+01 -1.329947982297567322e+01 -1.342319464141313290e+01 -1.354631810197656350e+01 -1.366900338345953081e+01 -1.379110537377590617e+01 -1.391277855531997432e+01 -1.403387615783200992e+01 -1.415447846855991898e+01 -1.427466415328597549e+01 -1.439428691247502989e+01 -1.451350226346041161e+01 -1.463216155040431232e+01 -1.475034557158998716e+01 -1.486813413304906462e+01 -1.498537806813105178e+01 -1.510215818172449254e+01 -1.521855467101238446e+01 -1.533441726451610698e+01 -1.544982708072808109e+01 -1.556478770304783055e+01 -1.567937909966446242e+01 -1.579345106134018017e+01 -1.590708436687417837e+01 -1.602028243644904393e+01 -1.613312552963219559e+01 -1.624546248372856283e+01 -1.635737426190832267e+01 -1.646886413028877527e+01 -1.658001317469408775e+01 -1.669066823488365259e+01 -1.680091099487732365e+01 -1.691074457545629883e+01 -1.702017206249302106e+01 -1.712919650746034606e+01 -1.723789928236165281e+01 -1.734612619154173885e+01 -1.745395904065606985e+01 -1.756140074794114980e+01 -1.766845419959919639e+01 -1.777512225026314852e+01 -1.788140772343993490e+01 -1.798739311423422294e+01 -1.809292150766543728e+01 -1.819807564009988710e+01
-1.289165896484819029e+01 -1.301589959016833475e+01 -1.313955028550410020e+01 -1.326275191301943224e+01 -1.338537196074179647e+01 -1.350755222659211263e+01 -1.362915892199389489e+01 -1.375026589962432055e+01 -1.387094526860104082e+01 -1.399106404115651614e+01 -1.411076429214572414e+01 -1.422991113850415701e+01 -1.434857854782330300e+01 -1.446683931282671409e+01 -1.458455847315568654e+01 -1.470180978613859324e+01 -1.481866618091341792e+01 -1.493499208996793115e+01 -1.505086133549685634e+01 -1.516634726177015402e+01 -1.528131315202287510e+01 -1.539583317389448425e+01 -1.550998137467623117e+01 -1.562361932804604514e+01 -1.573682183607593110e+01 -1.584959228263905118e+01 -1.596200494719619556e+01 -1.607392056655256951e+01 -1.618541407640088181e+01 -1.629648870864723520e+01 -1.640721946751828852e+01 -1.651746529287367338e+01 -1.662730174824781670e+01 -1.673673192212937622e+01 -1.684575886855907001e+01 -1.695438560762173452e+01 -1.706268734016120803e+01 -1.717052214494728446e+01 -1.727796563061919244e+01 -1.738502068572923065e+01 -1.749169016719822167e+01 -1.759797690079421528e+01 -1.770388368153657410e+01 -1.780941327413999886e+01 -1.791464153739858745e+01 -1.801942469084965737e+01 -1.812383879866587932e+01 -1.822788650837417279e+01 -1.833157043928689944e+01 -1.843489318288605006e+01 -1.853785730322238834e+01
-1.335314681797544090e+01 -1.347424229988538613e+01 -1.359484212316898777e+01 -1.371501294289114625e+01 -1.383463261554192059e+01 -1.395383220268374735e+01 -1.407248780570290414e+01 -1.419066778931179940e+01 -1.430843941638791961e+01 -1.442567872395967399e+01 -1.454245386638954862e+01 -1.465883221444580897e+01 -1.477468925523459475e+01 -1.489009318547063998e+01 -1.500511173973595724e+01 -1.511961935845176441e+01 -1.523368453836229541e+01 -1.534737564217892825e+01 -1.546056555020338408e+01 -1.557332332454625856e+01 -1.568565231173591101e+01 -1.579762105593270682e+01 -1.590910170064533879e+01 -1.602016339904677622e+01 -1.613080934783613429e+01 -1.624110872493223212e+01 -1.635093205706586517e+01 -1.646034904235620289e+01 -1.656936273606942578e+01 -1.667797615948745005e+01 -1.678619230037710608e+01 -1.689408045787717683e+01 -1.700151044441496850e+01 -1.710855194032166793e+01 -1.721520780359766079e+01 -1.732148086104661644e+01 -1.742737390870816938e+01 -1.753288971227404858e+01 -1.763809837187323382e+01 -1.774286761153255298e+01 -1.784726775048174474e+01 -1.795130143707346448e+01 -1.805497129140519519e+01 -1.815827990570898010e+01 -1.826122984476502609e+01 -1.836382364626739516e+01 -1.846606382119122358e+01 -1.856795285417358699e+01 -1.866949320391167433e+01 -1.877068730346225678e+01 -1.887153756065059795e+01
-1.380376228098136160e+01 -1.392191171656527970e+01 -1.403958946019826115e+01 -1.415685747741681766e+01 -1.427360233263918943e+01 -1.438988681137149683e+01 -1.450577296303040775e+01 -1.462114685065451170e+01 -1.473607128388114518e+01 -1.485060863028599698e+01 -1.496464399783665655e+01 -1.507824045618783515e+01 -1.519146093299509914e+01 -1.530418911225148904e+01 -1.541648856651701927e+01 -1.552836260394844281e+01 -1.563987429052798461e+01 -1.575090665883747221e+01 -1.586152333718349361e+01 -1.597172748610388027e+01 -1.608158272399635536e+01 -1.619097062802354259e+01 -1.629995529784870456e+01 -1.640853975461211434e+01 -1.651672698592554411e+01 -1.662458111963116991e+01 -1.673198231290269433e+01 -1.683899507053346767e+01 -1.694562225037218184e+01 -1.705186667904942865e+01 -1.715773115242651770e+01 -1.726321843601203199e+01 -1.736833126539638883e+01 -1.747313398604774548e+01 -1.757750575432155671e+01 -1.768151112186011176e+01 -1.778515270848013330e+01 -1.788843310612013227e+01 -1.799135487923798493e+01 -1.809392056518069936e+01 -1.819613267455653016e+01 -1.829799369162867251e+01 -1.839950607466496990e+01 -1.850067225628887968e+01 -1.860149464384246798e+01 -1.870197561976515388e+01 -1.880211754188200857e+01 -1.890192274379186088e+01 -1.900139353519132968e+01 -1.910053220217677605e+01 -1.919934100761818740e+01
-1.424405922270998381e+01 -1.435938530353137743e+01 -1.447426214081928819e+01 -1.458874775393015177e+01 -1.470273597168135282e+01 -1.481628548303764603e+01 -1.492945474873779865e+01 -1.504213640744264779e+01 -1.515438953656025056e+01 -1.526621744243167100e+01 -1.537767860623119098e+01 -1.548866524570339109e+01 -1.559923638207393992e+01 -1.570939517424743315e+01 -1.581920050350500517e+01 -1.592854343105088333e+01 -1.603748330338053307e+01 -1.614602314011479933e+01 -1.625416592740583965e+01 -1.636191461836911287e+01 -1.646932797712071661e+01 -1.657629681478920958e+01 -1.668288024336665032e+01 -1.678908108809356747e+01 -1.689490214344616703e+01 -1.700034617357020750e+01 -1.710547265146113460e+01 -1.721017053413076781e+01 -1.731449952678467952e+01 -1.741846227615573994e+01 -1.752206140069653628e+01 -1.762529949099847926e+01 -1.772817911015135905e+01 -1.783070279413379211e+01 -1.793287305218693817e+01 -1.803469236719335811e+01 -1.813616319603021054e+01 -1.823728796992440593e+01 -1.833806909482701997e+01 -1.843850895174760751e+01 -1.853866779106482099e+01 -1.863843217395542595e+01 -1.873786230606465963e+01 -1.883696047209215152e+01 -1.893572893349310604e+01 -1.903416992877071934e+01 -1.913228567383802314e+01 -1.923007836228315881e+01 -1.932749155888276249e+01 -1.942464444382122934e+01 -1.952148070061334550e+01
-1.467444235683407605e+01 -1.478711134339635791e+01 -1.489930136878222555e+01 -1.501106649615160116e+01 -1.512246082620303156e+01 -1.523338535111324710e+01 -1.534389468694767800e+01 -1.545399198952174480e+01 -1.556368037926714720e+01 -1.567301369654030907e+01 -1.578189300997719968e+01 -1.589037258546252041e+01 -1.599845540632197682e+01 -1.610619601438230575e+01 -1.621349374209960104e+01 -1.632040348938501495e+01 -1.642692811003606224e+01 -1.653307042666665083e+01 -1.663883323117090285e+01 -1.674421928513464763e+01 -1.684928318660939439e+01 -1.695392363293131055e+01 -1.705819545481915611e+01 -1.716210129653916638e+01 -1.726564377410163686e+01 -1.736882547566115420e+01 -1.747164896189813987e+01 -1.757411676638661291e+01 -1.767623139599237092e+01 -1.777799533121715569e+01 -1.787946382054264660e+01 -1.798053362011506806e+01 -1.808126003084349520e+01 -1.818164543134120947e+01 -1.828169217565949722e+01 -1.838140259361118822e+01 -1.848077899109477684e+01 -1.857982365042899175e+01 -1.867853883070079490e+01 -1.877692676803420824e+01 -1.887498967594607535e+01 -1.897272974564574355e+01 -1.907014914631502833e+01 -1.916725002545120304e+01 -1.926403450912185633e+01 -1.936050470228941478e+01 -1.945666268907506691e+01 -1.955251053306915310e+01 -1.964805027758180600e+01 -1.974322955649201106e+01 -1.983815887324265859e+01
-1.509544385699229174e+01 -1.520546356521426112e+01 -1.531512176154113547e+01 -1.542432711454291194e+01 -1.553313013461792735e+01 -1.564153383429979627e+01 -1.574954119275852804e+01 -1.585720233660475387e+01 -1.596442542885564109e+01 -1.607126094053453258e+01 -1.617771172151918080e+01 -1.628378059058810123e+01 -1.638947033582166313e+01 -1.649483128545290711e+01 -1.659977073821506011e+01 -1.670433926931802660e+01 -1.680853954805128581e+01 -1.691237421509770655e+01 -1.701584588293306410e+01 -1.711895713620289783e+01 -1.722171053211587122e+01 -1.732415690676162612e+01 -1.742620200029302069e+01 -1.752789676433194188e+01 -1.762924364993615001e+01 -1.773024508256227350e+01 -1.783090346242482838e+01 -1.793122116484071427e+01 -1.803120054057765742e+01 -1.813084391618035340e+01 -1.823015359429781057e+01 -1.832913185402727407e+01 -1.842778095122303839e+01 -1.852610311880570748e+01 -1.862410056708053219e+01 -1.872177548406785519e+01 -1.881913003576149279e+01 -1.891616636646579508e+01 -1.901288659908161094e+01 -1.910929283537420886e+01 -1.920538715629817972e+01 -1.930117162224222582e+01 -1.939664827333694319e+01 -1.949181912970750474e+01 -1.958668619176835080e+01 -1.968125144046337738e+01 -1.977551683755802969e+01 -1.986948432586416402e+01 -1.996310561313996246e+01 -2.005648271476129452e+01 -2.014956760473884501e+01
-1.550741191643213845e+01 -1.561493509536978053e+01 -1.572206833173101259e+01 -1.582881450171193372e+01 -1.593517645002929228e+01 -1.604115699036837128e+01 -1.614680246787987983e+01 -1.625202821211212978e+01 -1.635688082406394273e+01 -1.646136299722878960e+01 -1.656547739613829151e+01 -1.666922665678687920e+01 -1.677261338701185522e+01 -1.687568430385439555e+01 -1.697835349630579316e+01 -1.708066783265198652e+01 -1.718262981176157922e+01 -1.728424190623377399e+01 -1.738550656276612827e+01 -1.748642620250586077e+01 -1.758700322138906813e+01 -1.768723999050555662e+01 -1.778713885641710135e+01 -1.788670214149890114e+01 -1.798593214426760412e+01 -1.808483113971270484e+01 -1.818340137960750980e+01 -1.828164509282104078e+01 -1.837956448564455769e+01 -1.847716174208624196e+01 -1.857443902416600423e+01 -1.867139847221829996e+01 -1.876804220520566346e+01 -1.886437232096696803e+01 -1.896039089653649157e+01 -1.905609998841676855e+01 -1.915150163283472295e+01 -1.924659784604942558e+01 -1.934139062458687874e+01 -1.943588194553201021e+01 -1.953007376677025420e+01 -1.962396802726736311e+01 -1.971756664729939601e+01 -1.981087152872984802e+01 -1.990388455522545641e+01 -1.999660759253171349e+01 -2.008904248870671694e+01 -2.018114464066046665e+01 -2.027300836913790505e+01 -2.036458937714758122e+01 -2.045588944389820085e+01
-1.591068339943912946e+01 -1.601580720725889861e+01 -1.612055847826602317e+01 -1.622493989997817820e+01 -1.632895413105608995e+01 -1.643264414511436655e+01 -1.653593163763692786e+01 -1.663885976107715337e+01 -1.674143106233712786e+01 -1.684364806138182047e+01 -1.694551325161113198e+01 -1.704702910022675866e+01 -1.714819804857960506e+01 -1.724902251253056562e+01 -1.734950488278910186e+01 -1.744968854714046103e+01 -1.754949372899979920e+01 -1.764896385625225150e+01 -1.774810122235049903e+01 -1.784690809727399596e+01 -1.794538672784574374e+01 -1.804353933805220578e+01 -1.814136812934373211e+01 -1.823887528093583654e+01 -1.833606295012430465e+01 -1.843293327257000769e+01 -1.852948836258376275e+01 -1.862573031341876728e+01 -1.872166119757327962e+01 -1.881728306703094233e+01 -1.891259795356873852e+01 -1.900760786902070265e+01 -1.910231480552574013e+01 -1.919672073582466965e+01 -1.929082761348761110e+01 -1.938459506775569707e+01 -1.947810940182499451e+01 -1.957133041512322791e+01 -1.966425998686949228e+01 -1.975689997834591338e+01 -1.984925223316035670e+01 -1.994131857745349379e+01 -2.003310082015989479e+01 -2.012460075323121345e+01 -2.021582015184833381e+01 -2.030676077466075213e+01 -2.039738136069636809e+01 -2.048776925211481270e+01 -2.057788352739776627e+01 -2.066772588077139616e+01 -2.075729799098011696e+01
-1.630566122420233199e+01 -1.640847698092703055e+01 -1.651093657543816562e+01 -1.661304252112794089e+01 -1.671483478469734507e+01 -1.681624071726688285e+01 -1.691730039719914558e+01 -1.701801623398220187e+01 -1.711839061203708923e+01 -1.721842589106575261e+01 -1.731812440637787631e+01 -1.741748846922792993e+01 -1.751652036713803184e+01 -1.761522236421007293e+01 -1.771359670145933407e+01 -1.781164559710813577e+01 -1.790937124689893878e+01 -1.800677582439561419e+01 -1.810386148128738526e+01 -1.820063034767499843e+01 -1.829708453235743804e+01 -1.839322612313082317e+01 -1.848905718705990608e+01 -1.858457977074933964e+01 -1.867979590062160611e+01 -1.877470758320391298e+01 -1.886931680535884936e+01 -1.896362553457564815e+01 -1.905763571922152266e+01 -1.915134928877842668e+01 -1.924476815412407760e+01 -1.933789420774997581e+01 -1.943072932402845510e+01 -1.952327535943625492e+01 -1.961553415281081314e+01 -1.970750752556345375e+01 -1.979915803710512989e+01 -1.989056567624254868e+01 -1.998169324040141959e+01 -2.007254248327380708e+01 -2.016311514224771884e+01 -2.025341293860985914e+01 -2.034343757777298123e+01 -2.043319074948764325e+01 -2.052263463458393034e+01 -2.061184948137270823e+01 -2.070079781954191134e+01 -2.078948127774552290e+01 -2.087790146996180241e+01 -2.096605999570343926e+01 -2.105395844019086127e+01
-1.669268007277900523e+01 -1.679327414170157695e+01 -1.689352746609887745e+01 -1.699344239860837291e+01 -1.709302126756494999e+01 -1.719226637732032259e+01 -1.729121471093619533e+01 -1.738979906904438977e+01 -1.748805645254717334e+01 -1.758598907303758807e+01 -1.768359911971969112e+01 -1.778088875969221050e+01 -1.787786013825040143e+01 -1.797451537917675779e+01 -1.807085658503406833e+01 -1.816688583744172902e+01 -1.826260519735237864e+01 -1.835801670534010910e+01 -1.845312238186263087e+01 -1.854792422752318615e+01 -1.864242422333868987e+01 -1.873662433101640801e+01 -1.883052649317716742e+01 -1.892413263363607712e+01 -1.901740900424893965e+01 -1.911042862429140854e+01 -1.920315786991459817e+01 -1.929559859191957472e+01 -1.938775262347636641e+01 -1.947962178037687409e+01 -1.957120786124841771e+01 -1.966251264779672425e+01 -1.975353790500978945e+01 -1.984428538139835396e+01 -1.993475680918808024e+01 -2.002495390455839797e+01 -2.011484198699043802e+01 -2.020449517352668778e+01 -2.029387906564767263e+01 -2.038299531699887268e+01 -2.047184556618678641e+01 -2.056043143697039000e+01 -2.064875453846424591e+01 -2.073677981780143043e+01 -2.082458173162930493e+01 -2.091212559927257075e+01 -2.099941297265349149e+01 -2.108644538996152207e+01 -2.117322437585560380e+01 -2.125971445878587573e+01 -2.134599060523985514e+01
-1.707205577506791983e+01 -1.717050990096406693e+01 -1.726863781157459954e+01 -1.736644171103727174e+01 -1.746392378117493749e+01 -1.756108618179153780e+01 -1.765793105095883320e+01 -1.775446050532068654e+01 -1.785067664036364121e+01 -1.794658153070330187e+01 -1.804217723036061116e+01 -1.813746577303997043e+01 -1.823244917239218310e+01 -1.832712942227747277e+01 -1.842150849703859805e+01 -1.851558835175049467e+01 -1.860937092246952673e+01 -1.870285812648799251e+01 -1.879605186259624361e+01 -1.888895401129659746e+01 -1.898156643506871077e+01 -1.907389097860068361e+01 -1.916592946900761518e+01 -1.925768371608765150e+01 -1.934915551252413479e+01 -1.944034663412947594e+01 -1.953122582046603739e+01 -1.962186061159325234e+01 -1.971221994243336795e+01 -1.980230552316788106e+01 -1.989211904817009113e+01 -1.998166219618924799e+01 -2.007093663057656130e+01 -2.015994399948158744e+01 -2.024868593603953570e+01 -2.033713052343509631e+01 -2.042534608630276338e+01 -2.051330101220020907e+01 -2.060099687575565142e+01 -2.068843523753426084e+01 -2.077561764421762547e+01 -2.086251198192137934e+01 -2.094918664542027642e+01 -2.103560989478768306e+01 -2.112178322245410911e+01 -2.120770810784810223e+01 -2.129338601755709348e+01 -2.137878427830781902e+01 -2.146397209242187643e+01 -2.154891723552352900e+01 -2.163362112389661007e+01
-1.744408660926045229e+01 -1.754047823109953796e+01 -1.763655734148577281e+01 -1.773232600730734987e+01 -1.782778627494530710e+01 -1.792294017054943822e+01 -1.801778970030460769e+01 -1.811233685069867860e+01 -1.820658358877619420e+01 -1.830053186239192087e+01 -1.839418360047395140e+01 -1.848754071326456838e+01 -1.858060509256069892e+01 -1.867337861195928639e+01 -1.876586312710975335e+01 -1.885806047592094359e+01 -1.894997247881662261e+01 -1.904157063921691417e+01 -1.913291716185892710e+01 -1.922398368507923294e+01 -1.931477196136625452e+01 -1.940528372680260105e+01 -1.949552070129586667e+01 -1.958548458877566389e+01 -1.967517707741571442e+01 -1.976459983982227797e+01 -1.985375453325386275e+01 -1.994261211103946962e+01 -2.003123528882250781e+01 -2.011959526524620046e+01 -2.020769363775873373e+01 -2.029553198939999703e+01 -2.038311188899948689e+01 -2.047043489136188299e+01 -2.055747157282161197e+01 -2.064428502462532578e+01 -2.073084614552273308e+01 -2.081715643555076767e+01 -2.090321738158763765e+01 -2.098903045753635155e+01 -2.107456583560247054e+01 -2.115988710954744079e+01 -2.124496484135066510e+01 -2.132980045410285541e+01 -2.141439535871739963e+01 -2.149871947913691983e+01 -2.158283666496551234e+01 -2.166671728477444603e+01 -2.175036270173057673e+01 -2.183377426759410511e+01 -2.191692143000892301e+01
-1.780905450498351072e+01 -1.790345704483544864e+01 -1.799756000972107017e+01 -1.809136533957895310e+01 -1.818487495550172639e+01 -1.827806321934272660e+01 -1.837098699870740504e+01 -1.846362070654692644e+01 -1.855596619088316501e+01 -1.864802528207594534e+01 -1.873979979305584109e+01 -1.883129151956311276e+01 -1.892250224034585671e+01 -1.901343371740127353e+01 -1.910408769618791780e+01 -1.919446590582701262e+01 -1.928457005933546498e+01 -1.937440185381288416e+01 -1.946396297066395675e+01 -1.955322699311650680e+01 -1.964225150048137181e+01 -1.973101026995861673e+01 -1.981950492185596246e+01 -1.990773706176135249e+01 -1.999570828071354356e+01 -2.008342015540829806e+01 -2.017087424837913900e+01 -2.025804365791121597e+01 -2.034498650157186717e+01 -2.043167615389107539e+01 -2.051811412215191410e+01 -2.060430190034477604e+01 -2.069024096934474954e+01 -2.077590415567765803e+01 -2.086134981951581224e+01 -2.094655112418934806e+01 -2.103150949930015656e+01 -2.111622636213565940e+01 -2.120067439533456621e+01 -2.128491201044764836e+01 -2.136891227594183462e+01 -2.145267656090141273e+01 -2.153620622286686626e+01 -2.161947359426362070e+01 -2.170253755814474061e+01 -2.178537088524357301e+01 -2.186797488778198684e+01 -2.195032186223830806e+01 -2.203247059216463910e+01 -2.211439384986099554e+01 -2.219609290439590765e+01
-1.816720039222336069e+01 -1.825968342786424614e+01 -1.835187910151246271e+01 -1.844378923549259852e+01 -1.853541563478815135e+01 -1.862676008726177201e+01 -1.871782436387955073e+01 -1.880861021894092389e+01 -1.889911939027025767e+01 -1.898935359944889356e+01 -1.907931455201988058e+01 -1.916897824358861868e+01 -1.925839754511557445e+01 -1.934754860165114465e+01 -1.943643305637200669e+01 -1.952505253741213309e+01 -1.961340865804441336e+01 -1.970150301688317285e+01 -1.978933719805825930e+01 -1.987691277141528801e+01 -1.996420519674435212e+01 -2.005126793254020967e+01 -2.013807667359507292e+01 -2.022463293405396456e+01 -2.031093821464119031e+01 -2.039699400284134612e+01 -2.048277559845879381e+01 -2.056833648329017805e+01 -2.065365224661936949e+01 -2.073872432422533763e+01 -2.082355413945484202e+01 -2.090814310338222981e+01 -2.099246607444122503e+01 -2.107657713333404459e+01 -2.116045148662536945e+01 -2.124409049737307953e+01 -2.132749551711712144e+01 -2.141064111477587062e+01 -2.149358172641915843e+01 -2.157629231705773165e+01 -2.165877419306574581e+01 -2.174100191840878793e+01 -2.182302977155885415e+01 -2.190483274675652581e+01 -2.198641210734765039e+01 -2.206774229766309858e+01 -2.214887767212968228e+01 -2.222979314146838803e+01 -2.231048992804556264e+01 -2.239094224052401216e+01 -2.247120474478119689e+01
-1.851882946999161916e+01 -1.860945922153207732e+01 -1.869981316891950485e+01 -1.878986952285075063e+01 -1.887967683417727116e+01 -1.896921342450605508e+01 -1.905848095984554291e+01 -1.914748109084280259e+01 -1.923621545296878566e+01 -1.932468566672987009e+01 -1.941289333784081350e+01 -1.950084005742703397e+01 -1.958852740220001465e+01 -1.967593304045495017e+01 -1.976310607171160427e+01 -1.985002436252151981e+01 -1.993668943348616907e+01 -2.002310279166897189e+01 -2.010926593078313118e+01 -2.019518033135779689e+01 -2.028082329655561722e+01 -2.036624431206670494e+01 -2.045142094056382476e+01 -2.053635461110970084e+01 -2.062104674038156560e+01 -2.070547460839020104e+01 -2.078968751911896007e+01 -2.087366305222215601e+01 -2.095740257596351341e+01 -2.104090744698381954e+01 -2.112415475034692847e+01 -2.120719396041125293e+01 -2.129000250442792463e+01 -2.137258169348368853e+01 -2.145493282774314281e+01 -2.153703262182862588e+01 -2.161893107838260519e+01 -2.170060530003684818e+01 -2.178205654409035219e+01 -2.186326144040478425e+01 -2.194427000173577724e+01 -2.202505927872753944e+01 -2.210563048783413365e+01 -2.218596006795731412e+01 -2.226609825803505771e+01 -2.234602195261970081e+01 -2.242573232924957694e+01 -2.250520552740475821e+01 -2.258449223207126266e+01 -2.266356907577899094e+01 -2.274241234678210688e+01
-1.886413161759701040e+01 -1.895297081773669134e+01 -1.904154514273335508e+01 -1.912985620493956418e+01 -1.921790560199694653e+01 -1.930569491703954554e+01 -1.939320388094476399e+01 -1.948047752049694026e+01 -1.956749573222435856e+01 -1.965426004275201421e+01 -1.974077196507741405e+01 -1.982703299873101699e+01 -1.991304462995859836e+01 -1.999878633989481003e+01 -2.008430331509870115e+01 -2.016957525737606360e+01 -2.025460360114004033e+01 -2.033938976831151990e+01 -2.042393516848465040e+01 -2.050821901686417448e+01 -2.059228675849848145e+01 -2.067611787708501936e+01 -2.075971373404902920e+01 -2.084307567923045923e+01 -2.092618277478214495e+01 -2.100908055706256050e+01 -2.109174839547864977e+01 -2.117418759452743160e+01 -2.125639944782932744e+01 -2.133836270407009650e+01 -2.142012331899096722e+01 -2.150166039015451958e+01 -2.158297516849073006e+01 -2.166404634727365774e+01 -2.174491983737824086e+01 -2.182557471064691157e+01 -2.190601217732585226e+01 -2.198621077826624770e+01 -2.206621657736882014e+01 -2.214600852557804345e+01 -2.222558779435805931e+01 -2.230493267338961161e+01 -2.238408958030401763e+01 -2.246303724862112361e+01 -2.254177681284006951e+01 -2.262028620967689818e+01 -2.269861241658426110e+01 -2.277673385051681265e+01 -2.285462853434422570e+01 -2.293234317485645235e+01 -2.300985629425635892e+01
-1.920335867941648544e+01 -1.929046709993320263e+01 -1.937732099638393990e+01 -1.946392188725039674e+01 -1.955027127746239657e+01 -1.963637065855916575e+01 -1.972222150886684489e+01 -1.980780509426879377e+01 -1.989316303404284270e+01 -1.997827679020877412e+01 -2.006314778955642453e+01 -2.014777744645779478e+01 -2.023216716301966045e+01 -2.031629798727037439e+01 -2.040021170637661641e+01 -2.048388960812236093e+01 -2.056733304670766671e+01 -2.065054336479972363e+01 -2.073350149303320933e+01 -2.081624924311806879e+01 -2.089876782068768790e+01 -2.098105852330256837e+01 -2.106312263768964499e+01 -2.114494083077208231e+01 -2.122655523893651619e+01 -2.130794684185637777e+01 -2.138911688377746856e+01 -2.147006659875675183e+01 -2.155077623854312563e+01 -2.163128857320561593e+01 -2.171158420828377444e+01 -2.179166433782471657e+01 -2.187150906603209677e+01 -2.195116131035106122e+01 -2.203060155822488042e+01 -2.210981011681200314e+01 -2.218882939710072577e+01 -2.226764010468315291e+01 -2.234624336785110188e+01 -2.242461919233874568e+01 -2.250281045008955516e+01 -2.258079757799150045e+01 -2.265856067650785732e+01 -2.273614233217230307e+01 -2.281352309368234188e+01 -2.289070402877358745e+01 -2.296766477718292521e+01 -2.304444870895691366e+01 -2.312103594916157689e+01 -2.319740612267550262e+01 -2.327360253664377865e+01
-1.953674358982589609e+01 -1.962215983565717892e+01 -1.970734967111197733e+01 -1.979229622503221719e+01 -1.987700091617887921e+01 -1.996146515096586427e+01 -2.004569032360088698e+01 -2.012967781624970343e+01 -2.021341014844741935e+01 -2.029692612285838038e+01 -2.038020848248166317e+01 -2.046325856244150643e+01 -2.054607768653580635e+01 -2.062864825610225950e+01 -2.071100910551491125e+01 -2.079314289241609259e+01 -2.087505089629667765e+01 -2.095673438599255789e+01 -2.103817550902672195e+01 -2.111941341015217333e+01 -2.120043052838433795e+01 -2.128122809082258726e+01 -2.136178821019985818e+01 -2.144214995271176605e+01 -2.152229574760648134e+01 -2.160222678216737435e+01 -2.168192505237413670e+01 -2.176142971383832858e+01 -2.184072310556622298e+01 -2.191980637686896927e+01 -2.199866132371861482e+01 -2.207732736106393645e+01 -2.215578665624659749e+01 -2.223404032235549721e+01 -2.231206986975490025e+01 -2.238991514674337324e+01 -2.246755806558251578e+01 -2.254498022196530371e+01 -2.262222120008740234e+01 -2.269926301342808372e+01 -2.277608730075630561e+01 -2.285273346845765019e+01 -2.292918358974018744e+01 -2.300543869392133445e+01 -2.308147992680802929e+01 -2.315734754847133559e+01 -2.323302317546706064e+01 -2.330848789432014101e+01 -2.338378199486805187e+01 -2.345888705377921823e+01 -2.353378405506029480e+01
-1.986445210004483997e+01 -1.994826720871997239e+01 -2.003182973187950466e+01 -2.011517516558949126e+01 -2.019828788193500202e+01 -2.028116920813594959e+01 -2.036382046014352909e+01 -2.044622572157708618e+01 -2.052842046854943092e+01 -2.061038901264924306e+01 -2.069213262579953394e+01 -2.077365256932666426e+01 -2.085493271360009260e+01 -2.093600876845930259e+01 -2.101686486401683140e+01 -2.109750222010411491e+01 -2.117792204657742161e+01 -2.125810787350749465e+01 -2.133809590491545194e+01 -2.141786996509766894e+01 -2.149743122479429758e+01 -2.157676309997891195e+01 -2.165590188269566951e+01 -2.173483130780844874e+01 -2.181355250873490093e+01 -2.189204871033241062e+01 -2.197035645013357197e+01 -2.204845929825475537e+01 -2.212634060863454977e+01 -2.220403656734891840e+01 -2.228153088717848362e+01 -2.235882464014299131e+01 -2.243590085691440095e+01 -2.251279623849622880e+01 -2.258949420399458674e+01 -2.266597782118356719e+01 -2.274228362764343458e+01 -2.281839509505615382e+01 -2.289429528952062398e+01 -2.297002066434084355e+01 -2.304555470579976628e+01 -2.312088043959883876e+01 -2.319603431360828338e+01 -2.327099979090459314e+01 -2.334575981787403265e+01 -2.342035091598845753e+01 -2.349475648722770416e+01 -2.356895935930287322e+01 -2.364299620701977034e+01 -2.371685033303569412e+01 -2.379050440633200836e+01
-2.018669811870631037e+01 -2.026894528254811334e+01 -2.035095001245445445e+01 -2.043274508377787768e+01 -2.051431612222362233e+01 -2.059566438128212695e+01 -2.067679110403503984e+01 -2.075768149892191516e+01 -2.083836856581885399e+01 -2.091883775391140432e+01 -2.099909026553904567e+01 -2.107911128776699172e+01 -2.115893372225308866e+01 -2.123854301769920028e+01 -2.131794033756850482e+01 -2.139711077905236891e+01 -2.147608728671648848e+01 -2.155485524149739263e+01 -2.163341576974415403e+01 -2.171175380937139465e+01 -2.178990249025399706e+01 -2.186784705764366521e+01 -2.194558860246753085e+01 -2.202311183212866652e+01 -2.210045020730603582e+01 -2.217758876812308699e+01 -2.225451230219536569e+01 -2.233125402092075262e+01 -2.240779905774352443e+01 -2.248414844528209500e+01 -2.256028661776509381e+01 -2.263624736766680456e+01 -2.271201550377140777e+01 -2.278757545585375155e+01 -2.286296094007105495e+01 -2.293815677585069679e+01 -2.301314735276765333e+01 -2.308796638355009279e+01 -2.316259866337741258e+01 -2.323702850569972256e+01 -2.331128969289686736e+01 -2.338536696092085165e+01 -2.345924451075215700e+01 -2.353295626816123587e+01 -2.360648687458445139e+01 -2.367982038152175761e+01 -2.375299093300729325e+01 -2.382598304013248125e+01 -2.389878056699939890e+01 -2.397141795239878093e+01 -2.404386281604129039e+01
-2.050366603160254186e+01 -2.058439457401419759e+01 -2.066489021457816122e+01 -2.074518336975895494e+01 -2.082526074480827916e+01 -2.090512352451989386e+01 -2.098475816571781749e+01 -2.106419499955345742e+01 -2.114342072468733136e+01 -2.122243648774237812e+01 -2.130122865667255283e+01 -2.137982760729759946e+01 -2.145821996987109159e+01 -2.153640685457344262e+01 -2.161437447663747946e+01 -2.169215338780875868e+01 -2.176973008747814831e+01 -2.184710565102860613e+01 -2.192426607540012640e+01 -2.200124222245585770e+01 -2.207802039681236295e+01 -2.215458666617613659e+01 -2.223097166436100025e+01 -2.230716177886974805e+01 -2.238315802778549113e+01 -2.245894614735880168e+01 -2.253455731241001203e+01 -2.260997760562330683e+01 -2.268519275610513120e+01 -2.276023387007874277e+01 -2.283508703705777521e+01 -2.290973794611202763e+01 -2.298421770207151127e+01 -2.305851236917205682e+01 -2.313260756336703849e+01 -2.320653445549570293e+01 -2.328027905232317707e+01 -2.335382686320319223e+01 -2.342720919301364191e+01 -2.350041195855550313e+01 -2.357342052848121483e+01 -2.364626641080200642e+01 -2.371893539934158923e+01 -2.379141268710821322e+01 -2.386373005585281959e+01 -2.393585773623770763e+01 -2.400782692892008896e+01 -2.407962354265109539e+01 -2.415123281355295504e+01 -2.422268632195223859e+01 -2.429396976926867779e+01
-2.081553137326212166e+01 -2.089477489214413808e+01 -2.097382146453249518e+01 -2.105265897504924055e+01 -2.113128855344140433e+01 -2.120969777369989373e+01 -2.128791457124440711e+01 -2.136592676185496842e+01 -2.144373543950304750e+01 -2.152132803186599475e+01 -2.159873264113425151e+01 -2.167593695697204481e+01 -2.175294203918191371e+01 -2.182973510892541924e+01 -2.190634455861459173e+01 -2.198275789314897111e+01 -2.205896239548326321e+01 -2.213498625022143784e+01 -2.221081703523570283e+01 -2.228645575403891499e+01 -2.236188937913381025e+01 -2.243714659781523579e+01 -2.251221470215172715e+01 -2.258708065495000028e+01 -2.266177308230891896e+01 -2.273627927949998195e+01 -2.281058616944365625e+01 -2.288472237884463212e+01 -2.295867517672434843e+01 -2.303243141573589980e+01 -2.310601978519868283e+01 -2.317942749832779370e+01 -2.325264130675543939e+01 -2.332569002501870870e+01 -2.339856078068094902e+01 -2.347124019301841713e+01 -2.354375726538646774e+01 -2.361609900937130746e+01 -2.368825187976096913e+01 -2.376024513374355251e+01 -2.383205148132748619e+01 -2.390369964344837683e+01 -2.397517673420665574e+01 -2.404646924487577309e+01 -2.411760624769425476e+01 -2.418857466329559358e+01 -2.425936073609159749e+01 -2.432999395862637471e+01 -2.440044666388619277e+01 -2.447074789720747390e+01 -2.454088455970735438e+01
-2.112246136333421020e+01 -2.120027920745489425e+01 -2.127790683027265572e+01 -2.135533291995011496e+01 -2.143254605086706022e+01 -2.150957200598796248e+01 -2.158639960054556894e+01 -2.166302987872746755e+01 -2.173945121975182815e+01 -2.181568967766931166e+01 -2.189173389261768321e+01 -2.196758487673449523e+01 -2.204323075664902021e+01 -2.211869797491078060e+01 -2.219397494083736433e+01 -2.226904979660709571e+01 -2.234394887375083272e+01 -2.241866060841653763e+01 -2.249317313069617086e+01 -2.256751271794504987e+01 -2.264166780611326502e+01 -2.271562648556901465e+01 -2.278941503618232645e+01 -2.286302186675170844e+01 -2.293643500010977476e+01 -2.300968077553601177e+01 -2.308274754762087966e+01 -2.315562324348629630e+01 -2.322833431928369308e+01 -2.330086904806738346e+01 -2.337321523252325051e+01 -2.344539950407430240e+01 -2.351741002645442791e+01 -2.358923444844985085e+01 -2.366089963647419836e+01 -2.373238064702306005e+01 -2.380370385304484060e+01 -2.387485750891519842e+01 -2.394582929350186618e+01 -2.401664590420370615e+01 -2.408729541507662830e+01 -2.415776527556699449e+01 -2.422808257095049811e+01 -2.429822200259800269e+01 -2.436821024395090518e+01 -2.443803534794154686e+01 -2.450768467642268078e+01 -2.457718538432111544e+01 -2.464651202155198462e+01 -2.471569138292517920e+01 -2.478471143095980977e+01
-2.142460376019819179e+01 -2.150105047397151381e+01 -2.157730180212280402e+01 -2.165334721540391882e+01 -2.172921056131572826e+01 -2.180488154985585325e+01 -2.188036117812467651e+01 -2.195563868017124065e+01 -2.203073826372822097e+01 -2.210564942213646944e+01 -2.218036140035950865e+01 -2.225489830656960066e+01 -2.232924965539300999e+01 -2.240340467750083775e+01 -2.247738743348429580e+01 -2.255118743460965902e+01 -2.262479387203394054e+01 -2.269823081062948589e+01 -2.277148773370894830e+01 -2.284455376752097422e+01 -2.291745303328547223e+01 -2.299017496167191865e+01 -2.306270858827542725e+01 -2.313507814327455492e+01 -2.320727297973445502e+01 -2.327928201634415473e+01 -2.335112964572896743e+01 -2.342280511795773990e+01 -2.349429720787191656e+01 -2.356563052525888580e+01 -2.363679419120313696e+01 -2.370777680887847083e+01 -2.377860326154237569e+01 -2.384925049672036579e+01 -2.391974297047017828e+01 -2.399006984436119794e+01 -2.406021970428245993e+01 -2.413021736351594981e+01 -2.420003975731395585e+01 -2.426971132079586368e+01 -2.433922119282032170e+01 -2.440855787567960178e+01 -2.447774624747992078e+01 -2.454676310002389528e+01 -2.461563298057050275e+01 -2.468434494195290085e+01 -2.475288733545385256e+01 -2.482128524046516560e+01 -2.488951517196284158e+01 -2.495760192484506490e+01 -2.502553440145116070e+01
-2.172213454279528833e+01 -2.179723889271010151e+01 -2.187214403949237607e+01 -2.194687208892800001e+01 -2.202141355253839805e+01 -2.209575871134027736e+01 -2.216992958226590105e+01 -2.224391669297859409e+01 -2.231772097461654170e+01 -2.239133240341343623e+01 -2.246477350001804751e+01 -2.253803450843733813e+01 -2.261110535518355391e+01 -2.268400858786265317e+01 -2.275673441189987756e+01 -2.282927268024966949e+01 -2.290164601636405806e+01 -2.297384456394608421e+01 -2.304585807814859777e+01 -2.311770930782239475e+01 -2.318937742683463554e+01 -2.326088472166440368e+01 -2.333222146316520451e+01 -2.340337748455501554e+01 -2.347437527262033541e+01 -2.354520497755125774e+01 -2.361585627285407796e+01 -2.368635189710762035e+01 -2.375667090202782106e+01 -2.382683563521482739e+01 -2.389683628017216677e+01 -2.396666249097410173e+01 -2.403633694352139827e+01 -2.410584963998773134e+01 -2.417519000952261621e+01 -2.424438111189623513e+01 -2.431340155448121010e+01 -2.438227407361584298e+01 -2.445098861007540947e+01 -2.451953447277394815e+01 -2.458793486339467194e+01 -2.465616817335301647e+01 -2.472425732410647115e+01 -2.479218095726464099e+01 -2.485996173351848526e+01 -2.492758958948898140e+01 -2.499505375316342537e+01 -2.506237745938629757e+01 -2.512953896628014405e+01 -2.519656129003857714e+01 -2.526342287926080843e+01
-2.201518646181739669e+01 -2.208897791014471323e+01 -2.216259709352170759e+01 -2.223603524187602432e+01 -2.230928332342109144e+01 -2.238236185775035381e+01 -2.245526205737997572e+01 -2.252797484206230294e+01 -2.260052075791882231e+01 -2.267289097921187846e+01 -2.274507635557954188e+01 -2.281709750419497951e+01 -2.288894554005427295e+01 -2.296061122065430737e+01 -2.303211527936493397e+01 -2.310344875059308833e+01 -2.317460227714093435e+01 -2.324559675463512320e+01 -2.331641311806025740e+01 -2.338707186348058542e+01 -2.345756410486735888e+01 -2.352788051842926365e+01 -2.359804183157112689e+01 -2.366803902327409759e+01 -2.373786259732558079e+01 -2.380753356111307895e+01 -2.387703261379360242e+01 -2.394638042702872482e+01 -2.401556797345352123e+01 -2.408458570008370714e+01 -2.415345463036402762e+01 -2.422215537317203626e+01 -2.429070865657953249e+01 -2.435910539376369854e+01 -2.442733591862446119e+01 -2.449542138532440561e+01 -2.456334220086351650e+01 -2.463111926335290036e+01 -2.469874337268688080e+01 -2.476620469171874817e+01 -2.483352462266790539e+01 -2.490068325591551357e+01 -2.496770177656040346e+01 -2.503456046451334061e+01 -2.510128030490046314e+01 -2.516785201612732337e+01 -2.523426560342321778e+01 -2.530054266107598337e+01 -2.536666299443164263e+01 -2.543264803663854323e+01 -2.549847772813462754e+01
-2.230388888713214257e+01 -2.237642478885116759e+01 -2.244878499590809184e+01 -2.252096109412693181e+01 -2.259297225170275425e+01 -2.266481029624147681e+01 -2.273646673695454368e+01 -2.280796082821072801e+01 -2.287927518553330231e+01 -2.295042865856006031e+01 -2.302141319250817020e+01 -2.309222037336012789e+01 -2.316286920008252892e+01 -2.323335152198161424e+01 -2.330365879676027419e+01 -2.337381021571996698e+01 -2.344379751196463246e+01 -2.351361199306222716e+01 -2.358327308707295344e+01 -2.365276306681635532e+01 -2.372210103622951394e+01 -2.379127873698634943e+01 -2.386028743956004661e+01 -2.392914655037373706e+01 -2.399783829095992616e+01 -2.406638178130720007e+01 -2.413476872280224583e+01 -2.420299029723444661e+01 -2.427106599476422844e+01 -2.433897788338896362e+01 -2.440674520336655107e+01 -2.447435956654949152e+01 -2.454181201327067541e+01 -2.460912222470106059e+01 -2.467627201071417531e+01 -2.474328083854360472e+01 -2.481013070496551620e+01 -2.487684087928550269e+01 -2.494340291933646725e+01 -2.500980774328770551e+01 -2.507607515629959849e+01 -2.514218675343380482e+01 -2.520816217750969912e+01 -2.527398316046893356e+01 -2.533966919805985896e+01 -2.540520214430921797e+01 -2.547060136286615872e+01 -2.553585831887383506e+01 -2.560096374793164742e+01 -2.566593767358315858e+01 -2.573076136158650939e+01
-2.258839315114245494e+01 -2.265969154882025194e+01 -2.273082841308021074e+01 -2.280179637097428724e+01 -2.287258772947575736e+01 -2.294322006882078568e+01 -2.301368593503541504e+01 -2.308397752469480935e+01 -2.315411257575689419e+01 -2.322407508743838633e+01 -2.329388246786947647e+01 -2.336352731144664219e+01 -2.343300182356912487e+01 -2.350232362882574222e+01 -2.357148519448287871e+01 -2.364047856633030875e+01 -2.370932162732987791e+01 -2.377799811718535139e+01 -2.384652564239952000e+01 -2.391489664612507227e+01 -2.398310310643891441e+01 -2.405116294982354930e+01 -2.411905980395872362e+01 -2.418681135278149341e+01 -2.425440997031759593e+01 -2.432184751890873287e+01 -2.438914206655734418e+01 -2.445627703367310346e+01 -2.452327027892014399e+01 -2.459010540554994861e+01 -2.465680007781474359e+01 -2.472334663874744010e+01 -2.478973685878606759e+01 -2.485598887197828333e+01 -2.492208594388098675e+01 -2.498804604673099306e+01 -2.505385258299080675e+01 -2.511952337723560191e+01 -2.518505065653435793e+01 -2.525042600752794897e+01 -2.531566781673986100e+01 -2.538075901271585977e+01 -2.544571786734882579e+01 -2.551052740021712850e+01 -2.557520578233802055e+01 -2.563973611096871963e+01 -2.570413646980856015e+01 -2.576839002061320372e+01 -2.583251477315421951e+01 -2.589649394065444454e+01 -2.596034547220940070e+01
-2.286880833301774629e+01 -2.293892054652051726e+01 -2.300886097382015905e+01 -2.307864566545436702e+01 -2.314826788186270079e+01 -2.321772053660278345e+01 -2.328701986122738177e+01 -2.335615900612913975e+01 -2.342513074555366259e+01 -2.349395153010577886e+01 -2.356260652572528258e+01 -2.363111191737733208e+01 -2.369946084480101334e+01 -2.376764603236402351e+01 -2.383568394010541880e+01 -2.390355965726272558e+01 -2.397128940969138000e+01 -2.403886628538195680e+01 -2.410628291516843547e+01 -2.417355585798469875e+01 -2.424067003971436662e+01 -2.430764181574346239e+01 -2.437446418064413933e+01 -2.444112962679404788e+01 -2.450765490358808307e+01 -2.457402468441391008e+01 -2.464025554543488283e+01 -2.470633230839342787e+01 -2.477227138965426434e+01 -2.483805774637882635e+01 -2.490370764823356353e+01 -2.496921408208213933e+01 -2.503456946297509234e+01 -2.509979055364102862e+01 -2.516486190676213397e+01 -2.522980016836783079e+01 -2.529458998479672260e+01 -2.535924789802731993e+01 -2.542375863581020212e+01 -2.548813864851578259e+01 -2.555238078976157823e+01 -2.561647726103030465e+01 -2.568044511491368098e+01 -2.574426851321611665e+01 -2.580796444815871027e+01 -2.587151712028449424e+01 -2.593494347388357824e+01 -2.599822773611098725e+01 -2.606138681568241466e+01 -2.612440495430499965e+01 -2.618729903741972009e+01
-2.314527168278719316e+01 -2.321421549660388806e+01 -2.328300778523134440e+01 -2.335163505160017650e+01 -2.342011214830471388e+01 -2.348843286782696183e+01 -2.355659063247687612e+01 -2.362460052989156267e+01 -2.369244901603274300e+01 -2.376015095352404316e+01 -2.382770009774283082e+01 -2.389508979648719134e+01 -2.396233519987372063e+01 -2.402942263814725976e+01 -2.409636706465357037e+01 -2.416316215985905558e+01 -2.422980115646736010e+01 -2.429629935016660269e+01 -2.436264286487791964e+01 -2.442884682731495261e+01 -2.449489750599938276e+01 -2.456080987111359093e+01 -2.462657755507651558e+01 -2.469219368992657593e+01 -2.475767366170984474e+01 -2.482300342196971954e+01 -2.488819822771113621e+01 -2.495324413657199258e+01 -2.501815628837283256e+01 -2.508292083541501682e+01 -2.514755281195490255e+01 -2.521204577226642840e+01 -2.527639270088104695e+01 -2.534060914390661523e+01 -2.540468079290881320e+01 -2.546862311647125665e+01 -2.553242186227403820e+01 -2.559609243282388391e+01 -2.565962062080909334e+01 -2.572302177398335488e+01 -2.578628171904011879e+01 -2.584941576020491993e+01 -2.591240974725639035e+01 -2.597527895204224890e+01 -2.603800923656102384e+01 -2.610061585138209850e+01 -2.616308465989443022e+01 -2.622543090246146846e+01 -2.628764043304072118e+01 -2.634972849286000951e+01 -2.641168091560945186e+01
-2.341788414196012269e+01 -2.348570586865457699e+01 -2.355336742885408086e+01 -2.362088286182038033e+01 -2.368823962900573576e+01 -2.375545156804781044e+01 -2.382251291696427486e+01 -2.388941752265090557e+01 -2.395617950533455698e+01 -2.402278618478648653e+01 -2.408925150563950979e+01 -2.415556293885425276e+01 -2.422173426533057494e+01 -2.428775970962750819e+01 -2.435363305915142718e+01 -2.441936844307409160e+01 -2.448495309046377244e+01 -2.455040099209785609e+01 -2.461569949253880196e+01 -2.468086245533431367e+01 -2.474588402635414042e+01 -2.481075786322356791e+01 -2.487549824794175279e+01 -2.494009217922882016e+01 -2.500455383730343328e+01 -2.506887030103357716e+01 -2.513305565962740218e+01 -2.519709706171063246e+01 -2.526100851607168352e+01 -2.532477723086517329e+01 -2.538841714489471357e+01 -2.545192231284609363e+01 -2.551528622256144985e+01 -2.557852333995855432e+01 -2.564162036482415274e+01 -2.570459171970531642e+01 -2.576742412778304470e+01 -2.583013197873514244e+01 -2.589270200892020313e+01 -2.595514858559600313e+01 -2.601745844811545894e+01 -2.607964595173558564e+01 -2.614169782863620384e+01 -2.620362843248503282e+01 -2.626542447811068470e+01 -2.632710032801885092e+01 -2.638864266947766168e+01 -2.645006588429408367e+01 -2.651135662191580877e+01 -2.657252929397257901e+01 -2.663357050175612173e+01
-2.368676455316764162e+01 -2.375348759303751578e+01 -2.382005610245332150e+01 -2.388648277304220002e+01 -2.395276237299112410e+01 -2.401888928927705891e+01 -2.408487650269728420e+01 -2.415071241001471236e+01 -2.421640984684346520e+01 -2.428195733223475727e+01 -2.434736756717537531e+01 -2.441263527565245894e+01 -2.447775475607751616e+01 -2.454273906075507128e+01 -2.460757643781981585e+01 -2.467227982816050513e+01 -2.473683756977858650e+01 -2.480126250219804263e+01 -2.486554304363247425e+01 -2.492969194208830430e+01 -2.499370385182891852e+01 -2.505757294309935901e+01 -2.512131239630572566e+01 -2.518491023767584025e+01 -2.524837957975343272e+01 -2.531170849654309052e+01 -2.537491004241691428e+01 -2.543797232978774048e+01 -2.550090836443900244e+01 -2.556370628791478694e+01 -2.562637906690489942e+01 -2.568891486288089965e+01 -2.575132661286717806e+01 -2.581360248910834798e+01 -2.587575540834519217e+01 -2.593777354447380645e+01 -2.599966980330702526e+01 -2.606143235127982294e+01 -2.612307409262657032e+01 -2.618458317720177320e+01 -2.624597251702458323e+01 -2.630723023621891343e+01 -2.636836926398707703e+01 -2.642937768952315380e+01 -2.649026846866431129e+01 -2.655102964640860108e+01 -2.661167421475335004e+01 -2.667219016514482632e+01 -2.673259053536369123e+01 -2.679286325383344547e+01 -2.685302141385813357e+01
-2.395201925436424162e+01 -2.401767311182182141e+01 -2.408318332118048133e+01 -2.414854476429532326e+01 -2.421376937527734441e+01 -2.427884653882564336e+01 -2.434378807058027760e+01 -2.440858345220221182e+01 -2.447324439027919141e+01 -2.453776606701657670e+01 -2.460214325138087332e+01 -2.466638800184386326e+01 -2.473048950588744432e+01 -2.479445973430725303e+01 -2.485828794195065683e+01 -2.492198602101621674e+01 -2.498554328499578148e+01 -2.504897155641449302e+01 -2.511226019882557026e+01 -2.517542097387035938e+01 -2.523844898255190117e+01 -2.530133884674305733e+01 -2.536410277129682100e+01 -2.542672968942639145e+01 -2.548923176743909380e+01 -2.555159795836995329e+01 -2.561384039881908592e+01 -2.567594805307743755e+01 -2.573793303682928268e+01 -2.579978431708628150e+01 -2.586151399738014334e+01 -2.592311103892334501e+01 -2.598458754184907704e+01 -2.604593245304375415e+01 -2.610715787800561216e+01 -2.616825274074635388e+01 -2.622922916092105794e+01 -2.629007603107377378e+01 -2.635080549385653725e+01 -2.641140640169113141e+01 -2.647189092913226460e+01 -2.653224787974630772e+01 -2.659248946898109622e+01 -2.665260444271451590e+01 -2.671260506638571997e+01 -2.677248001922676934e+01 -2.683224162589221251e+01 -2.689187848987509710e+01 -2.695140300441465442e+01 -2.701080368800878873e+01 -2.707009301202046458e+01
-2.421375530813338628e+01 -2.427836327349998413e+01 -2.434283722734765831e+01 -2.440716746027481321e+01 -2.447136485009210460e+01 -2.453541976222836851e+01 -2.459934298785405105e+01 -2.466313012939881233e+01 -2.472677638896206176e+01 -2.479029290804807317e+01 -2.485366973969984628e+01 -2.491691795857344971e+01 -2.498002766539110908e+01 -2.504300987619188845e+01 -2.510585473146518609e+01 -2.516857319675388638e+01 -2.523115544449826331e+01 -2.529361239777312420e+01 -2.535593425323193983e+01 -2.541813189943425755e+01 -2.548020083023541105e+01 -2.554213606557915739e+01 -2.560394894563444979e+01 -2.566562920467129416e+01 -2.572718816975804756e+01 -2.578861557074196753e+01 -2.584992272976933592e+01 -2.591109936431382721e+01 -2.597215679978394576e+01 -2.603308473330788431e+01 -2.609389450176414016e+01 -2.615457577392845323e+01 -2.621513990639796177e+01 -2.627557653153293060e+01 -2.633589703395766435e+01 -2.639609100148134502e+01 -2.645616985514014630e+01 -2.651612312996805088e+01 -2.657596229189220338e+01 -2.663567681483844396e+01 -2.669527280408950176e+01 -2.675475590639000956e+01 -2.681411601092683128e+01 -2.687336420815130822e+01 -2.693249031032243224e+01 -2.699150547765213304e+01 -2.705039943704477423e+01 -2.710918342717538110e+01 -2.716784708098063561e+01 -2.722640172449096241e+01 -2.728483688786155525e+01
-2.447205995174275728e+01 -2.453565485554836201e+01 -2.459911965447471616e+01 -2.466245031312081437e+01 -2.472564241592529299e+01 -2.478870631475747643e+01 -2.485163282217312286e+01 -2.491443223382292516e+01 -2.497709540006288620e+01 -2.503963256790947867e+01 -2.510203461823373416e+01 -2.516431175691322153e+01 -2.522645488812425185e+01 -2.528847418402792258e+01 -2.535036056495581391e+01 -2.541212417671806278e+01 -2.547375594869518167e+01 -2.553526600767104071e+01 -2.559664528499670766e+01 -2.565790389572854124e+01 -2.571903276612379941e+01 -2.578004200680041436e+01 -2.584092253185316679e+01 -2.590168445475674730e+01 -2.596231867035757546e+01 -2.602283530230412723e+01 -2.608322521907284752e+01 -2.614349856184071541e+01 -2.620364616554411441e+01 -2.626367819629671274e+01 -2.632358544825745028e+01 -2.638337811995547355e+01 -2.644304695745253753e+01 -2.650260219925746696e+01 -2.656203453591832542e+01 -2.662135425358979646e+01 -2.668055197977437132e+01 -2.673963805606062039e+01 -2.679860303923727116e+01 -2.685745733425262571e+01 -2.691619141936657300e+01 -2.697481577096771588e+01 -2.703332078080168088e+01 -2.709171700495433655e+01 -2.714999474048189398e+01 -2.720816463161746768e+01 -2.726621687234917246e+01 -2.732415713810414815e+01 -2.738199070804355628e+01 -2.743970810950905914e+01 -2.749731973757974046e+01
-2.472703271955451143e+01 -2.478964517839055048e+01 -2.485212250418508262e+01 -2.491447425216342282e+01 -2.497669198464958384e+01 -2.503878521719731509e+01 -2.510074553438306211e+01 -2.516258241900034776e+01 -2.522428747123466763e+01 -2.528587014797541599e+01 -2.534732205841669384e+01 -2.540865264035937088e+01 -2.546985350543380733e+01 -2.553093407914225210e+01 -2.559188596899260659e+01 -2.565271859496655793e+01 -2.571342355389141687e+01 -2.577401026700962916e+01 -2.583447031389343707e+01 -2.589481312384526035e+01 -2.595503025257933771e+01 -2.601513114429000240e+01 -2.607510732418474220e+01 -2.613496825822922176e+01 -2.619470543441775590e+01 -2.625432834742908739e+01 -2.631382844126249765e+01 -2.637321524633001957e+01 -2.643248015576438803e+01 -2.649163274282368263e+01 -2.655066434279918397e+01 -2.660958457901601903e+01 -2.666838472182818265e+01 -2.672707445197587717e+01 -2.678564496763913638e+01 -2.684410601446352018e+01 -2.690244871106747127e+01 -2.696067827234952219e+01 -2.701879953970887627e+01 -2.707680395424755204e+01 -2.713470099861558538e+01 -2.719248202127569769e+01 -2.725015659097630305e+01 -2.730771595588937828e+01 -2.736516977878871870e+01 -2.742250919967777634e+01 -2.747974398351427539e+01 -2.753686515401204460e+01 -2.759387793015994816e+01 -2.765078718068142649e+01 -2.770758421080642364e+01
-2.497876382795443817e+01 -2.504041431974743048e+01 -2.510193406225203816e+01 -2.516333185169899167e+01 -2.522459994859026011e+01 -2.528574713017774656e+01 -2.534676565968529971e+01 -2.540766430168745060e+01 -2.546843531605701827e+01 -2.552908746098017545e+01 -2.558961298690682185e+01 -2.565002065192434344e+01 -2.571030269097669319e+01 -2.577046786835655823e+01 -2.583050839739212279e+01 -2.589043305491362190e+01 -2.595023402648546451e+01 -2.600992010784968045e+01 -2.606948345060462913e+01 -2.612893287583420943e+01 -2.618826049490282060e+01 -2.624747516073619380e+01 -2.630656893811466546e+01 -2.636555071839078579e+01 -2.642441251331499430e+01 -2.648316325934997906e+01 -2.654179490866187763e+01 -2.660031226199832588e+01 -2.665871976812652377e+01 -2.671700969025280870e+01 -2.677519069220925019e+01 -2.683325496560581058e+01 -2.689121123863687757e+01 -2.694905162461535753e+01 -2.700678492305147316e+01 -2.706440316208878372e+01 -2.712191521968368235e+01 -2.717931303174925262e+01 -2.723660556201027205e+01 -2.729378464688682016e+01 -2.735085509328520104e+01 -2.740782138100220422e+01 -2.746467561348328701e+01 -2.752142656843393098e+01 -2.757806623774838073e+01 -2.763460350497376794e+01 -2.769103024275966618e+01 -2.774735544847418822e+01 -2.780357086754981921e+01 -2.785968131966308903e+01 -2.791569131408930815e+01
